file,species,onset,offset
1788559141224_Fram2012-47.mp3,Balaena_mysticetus,17.216,18.432
1788559141224_Fram2012-47.mp3,Balaena_mysticetus,21.952,22.656
1788559141224_Fram2012-47.mp3,Balaena_mysticetus,24.384,25.344
1788559141224_Fram2012-47.mp3,Balaena_mysticetus,27.456,27.584
1788559141224_Fram2012-47.mp3,Balaena_mysticetus,29.568,30.272
1788559141224_Fram2012-47.mp3,Balaena_mysticetus,31.04,33.728
1788559141224_Fram2012-47.mp3,Balaena_mysticetus,34.048,35.392
1788559141224_Fram2012-47.mp3,Balaena_mysticetus,37.824,38.016
1788559141224_Fram2012-47.mp3,Balaena_mysticetus,38.976,39.232
1788559141224_Fram2012-47.mp3,Balaena_mysticetus,41.344,41.856
1788559141224_Fram2012-47.mp3,Balaena_mysticetus,43.84,44.416
1788559141224_Fram2012-47.mp3,Balaena_mysticetus,48.128,49.088
1788559141224_Fram2012-47.mp3,Balaena_mysticetus,50.816,52.096
1788559141224_Fram2012-47.mp3,Balaena_mysticetus,52.864,53.632
1788559141224_Fram2012-47.mp3,Balaena_mysticetus,57.536,58.176
1788559141224_Fram2012-47.mp3,Balaena_mysticetus,61.696,62.656
1788559141224_Fram2012-47.mp3,Balaena_mysticetus,65.984,66.944
1788559141224_Fram2012-47.mp3,Balaena_mysticetus,70.144,70.72
1788559141224_Fram2012-47.mp3,Balaena_mysticetus,72.192,72.768
1788559141224_Fram2012-47.mp3,Balaena_mysticetus,74.112,74.88
1788559141224_Fram2012-47.mp3,Balaena_mysticetus,79.04,79.68
1788559141224_Fram2012-47.mp3,Balaena_mysticetus,84.352,85.12
1788559141224_Fram2012-47.mp3,Balaena_mysticetus,86.336,86.912
1788559141224_Fram2012-47.mp3,Balaena_mysticetus,88.384,89.28
1788559141224_Fram2012-47.mp3,Balaena_mysticetus,90.304,90.944
1788559141224_Fram2012-47.mp3,Balaena_mysticetus,92.352,92.8
1788559141224_Fram2012-47.mp3,Balaena_mysticetus,94.4,95.424
1788559141224_Fram2012-47.mp3,Balaena_mysticetus,96.576,97.664
1788559141224_Fram2012-47.mp3,Balaena_mysticetus,99.008,99.904
1788559141224_Fram2012-47.mp3,Balaena_mysticetus,101.248,103.04
1788559141224_Fram2012-54.mp3,Balaena_mysticetus,4.992,5.632
1788559141224_Fram2012-54.mp3,Balaena_mysticetus,6.72,11.264
1788559141224_Fram2012-54.mp3,Balaena_mysticetus,13.248,13.952
1788559141224_Fram2012-54.mp3,Balaena_mysticetus,15.872,16.832
1788559141224_Fram2012-54.mp3,Balaena_mysticetus,18.88,19.648
1788559141224_Fram2012-54.mp3,Balaena_mysticetus,20.736,25.024
1788559141224_Fram2012-54.mp3,Balaena_mysticetus,26.816,28.032
1788559141224_Fram2012-54.mp3,Balaena_mysticetus,28.672,28.864
1788559141224_Fram2012-54.mp3,Balaena_mysticetus,29.248,29.504
1788559141224_Fram2012-54.mp3,Balaena_mysticetus,31.744,32.192
1788559141224_Fram2012-54.mp3,Balaena_mysticetus,33.344,33.6
1788559141224_Fram2012-54.mp3,Balaena_mysticetus,33.856,35.968
1788559141224_Fram2012-54.mp3,Balaena_mysticetus,39.424,39.744
1788559141224_Fram2012-54.mp3,Balaena_mysticetus,40.32,40.832
1788559141224_Fram2012-54.mp3,Balaena_mysticetus,42.752,43.392
1788559141224_Fram2012-54.mp3,Balaena_mysticetus,45.12,47.36
1788559141224_Fram2012-54.mp3,Balaena_mysticetus,48.896,51.264
1788559141224_Fram2012-54.mp3,Balaena_mysticetus,52.8,54.976
1788559141224_Fram2012-54.mp3,Balaena_mysticetus,56.576,58.688
1788559141224_Fram2012-54.mp3,Balaena_mysticetus,60.288,62.208
1788559141224_Fram2012-54.mp3,Balaena_mysticetus,63.808,65.728
1788559141224_Fram2012-54.mp3,Balaena_mysticetus,67.072,69.056
1788559141224_Fram2012-54.mp3,Balaena_mysticetus,70.208,72.512
1788559141224_Fram2012-54.mp3,Balaena_mysticetus,72.832,73.408
1788559141224_Fram2012-54.mp3,Balaena_mysticetus,74.048,76.096
1788559141224_Fram2012-54.mp3,Balaena_mysticetus,77.504,79.36
1788559141224_Fram2012-54.mp3,Balaena_mysticetus,80.96,82.688
1788559141224_Fram2012-54.mp3,Balaena_mysticetus,84.224,86.08
1788559141224_Fram2012-54.mp3,Balaena_mysticetus,87.424,89.152
1788559141224_Fram2012-54.mp3,Balaena_mysticetus,90.56,92.352
1788559141224_Fram2012-54.mp3,Balaena_mysticetus,93.632,95.36
1788559141224_Fram2012-54.mp3,Balaena_mysticetus,96.704,98.432
1788559141224_Fram2012-54.mp3,Balaena_mysticetus,99.968,101.312
1788559141224_Fram2012-54.mp3,Balaena_mysticetus,103.04,104.512
1788559141224_Fram2012-54.mp3,Balaena_mysticetus,106.176,107.392
1788559141224_Fram2012-54.mp3,Balaena_mysticetus,109.184,110.912
1788559141224_Fram2012-54.mp3,Balaena_mysticetus,113.792,114.688
A006151_HPVJUOTMMR.WAV,Emballonura_alecto,0.0,0.00925
A006151_HPVJUOTMMR.WAV,Emballonura_alecto,0.039125,0.044375
A006151_HPVJUOTMMR.WAV,Emballonura_alecto,0.0805,0.09
A006151_HPVJUOTMMR.WAV,Emballonura_alecto,0.19525,0.20525
A006151_HPVJUOTMMR.WAV,Emballonura_alecto,0.222,0.228125
A006151_HPVJUOTMMR.WAV,Emballonura_alecto,0.291,0.306375
A006151_HPVJUOTMMR.WAV,Emballonura_alecto,0.426,0.42925
A006151_HPVJUOTMMR.WAV,Emballonura_alecto,0.447625,0.45775
A006151_HPVJUOTMMR.WAV,Emballonura_alecto,0.540875,0.551
A006151_HPVJUOTMMR.WAV,Emballonura_alecto,0.6255,0.629625
A006151_HPVJUOTMMR.WAV,Emballonura_alecto,0.664125,0.68925
A006151_HPVJUOTMMR.WAV,Emballonura_alecto,0.789625,0.7995
A006151_HPVJUOTMMR.WAV,Emballonura_alecto,0.876375,0.886
A006151_HPVJUOTMMR.WAV,Emballonura_alecto,0.95425,0.960125
A006151_HPVJUOTMMR.WAV,Emballonura_alecto,0.974125,0.991875
A006151_HPVJUOTMMR.WAV,Emballonura_alecto,1.065,1.068625
A006151_HPVJUOTMMR.WAV,Emballonura_alecto,1.079375,1.0845
A006151_HPVJUOTMMR.WAV,Emballonura_alecto,1.127375,1.137625
A006151_HPVJUOTMMR.WAV,Emballonura_alecto,1.151125,1.15475
A006151_HPVJUOTMMR.WAV,Emballonura_alecto,1.23225,1.24225
A006151_HPVJUOTMMR.WAV,Emballonura_alecto,1.295875,1.3015
A006151_HPVJUOTMMR.WAV,Emballonura_alecto,1.3405,1.35025
A006151_HPVJUOTMMR.WAV,Emballonura_alecto,1.400125,1.40375
A006151_HPVJUOTMMR.WAV,Emballonura_alecto,1.4395,1.450125
A006151_HPVJUOTMMR.WAV,Emballonura_alecto,1.465875,1.468375
A006151_HPVJUOTMMR.WAV,Emballonura_alecto,1.518375,1.521
A006151_HPVJUOTMMR.WAV,Emballonura_alecto,1.542375,1.55175
A006151_HPVJUOTMMR.WAV,Emballonura_alecto,1.661125,1.6635
A006151_HPVJUOTMMR.WAV,Emballonura_alecto,1.674,1.68425
A006151_HPVJUOTMMR.WAV,Emballonura_alecto,1.765375,1.7985
A006151_HPVJUOTMMR.WAV,Emballonura_alecto,1.848375,1.858
A006151_HPVJUOTMMR.WAV,Emballonura_alecto,1.871,1.877375
A006151_HPVJUOTMMR.WAV,Emballonura_alecto,1.913375,1.9305
A006151_HPVJUOTMMR.WAV,Emballonura_alecto,2.012125,2.04475
A006151_HPVJUOTMMR.WAV,Emballonura_alecto,2.07075,2.075
A006151_HPVJUOTMMR.WAV,Emballonura_alecto,2.109125,2.123625
A006151_HPVJUOTMMR.WAV,Emballonura_alecto,2.163625,2.16725
A006151_HPVJUOTMMR.WAV,Emballonura_alecto,2.21025,2.23875
A006151_HPVJUOTMMR.WAV,Emballonura_alecto,2.275875,2.291875
A006151_HPVJUOTMMR.WAV,Emballonura_alecto,2.324875,2.331
A006151_HPVJUOTMMR.WAV,Emballonura_alecto,2.364625,2.39425
A006151_HPVJUOTMMR.WAV,Emballonura_alecto,2.425375,2.435625
A006151_HPVJUOTMMR.WAV,Emballonura_alecto,2.466625,2.524625
A006151_HPVJUOTMMR.WAV,Emballonura_alecto,2.553125,2.5635
A006151_HPVJUOTMMR.WAV,Emballonura_alecto,2.60025,2.60975
A006151_HPVJUOTMMR.WAV,Emballonura_alecto,2.63575,2.649
A006151_HPVJUOTMMR.WAV,Emballonura_alecto,2.678125,2.714125
A006151_HPVJUOTMMR.WAV,Emballonura_alecto,2.788375,2.794125
A006151_HPVJUOTMMR.WAV,Emballonura_alecto,2.81575,2.82525
A006151_HPVJUOTMMR.WAV,Emballonura_alecto,2.91025,2.91975
A006151_HPVJUOTMMR.WAV,Emballonura_alecto,2.94925,2.958125
A006151_HPVJUOTMMR.WAV,Emballonura_alecto,2.96825,2.978125
A006151_HPVJUOTMMR.WAV,Emballonura_alecto,3.0245,3.034125
A006151_HPVJUOTMMR.WAV,Emballonura_alecto,3.066625,3.076625
A006151_HPVJUOTMMR.WAV,Emballonura_alecto,3.09075,3.100875
A006151_HPVJUOTMMR.WAV,Emballonura_alecto,3.11475,3.118625
A006151_HPVJUOTMMR.WAV,Emballonura_alecto,3.137375,3.1445
A006151_HPVJUOTMMR.WAV,Emballonura_alecto,3.190875,3.208875
A006151_HPVJUOTMMR.WAV,Emballonura_alecto,3.317125,3.3205
A006151_HPVJUOTMMR.WAV,Emballonura_alecto,3.368125,3.37425
A006151_HPVJUOTMMR.WAV,Emballonura_alecto,3.416125,3.436375
A006151_HPVJUOTMMR.WAV,Emballonura_alecto,3.4705,3.47725
A006151_HPVJUOTMMR.WAV,Emballonura_alecto,3.564375,3.579125
A006151_HPVJUOTMMR.WAV,Emballonura_alecto,3.641625,3.660125
A006151_HPVJUOTMMR.WAV,Emballonura_alecto,3.69875,3.705625
A006151_HPVJUOTMMR.WAV,Emballonura_alecto,3.72225,3.7305
A006151_HPVJUOTMMR.WAV,Emballonura_alecto,3.7735,3.795
A006151_HPVJUOTMMR.WAV,Emballonura_alecto,3.80975,3.818125
A006151_HPVJUOTMMR.WAV,Emballonura_alecto,3.861125,3.876
A006151_HPVJUOTMMR.WAV,Emballonura_alecto,3.911,3.922375
A006151_HPVJUOTMMR.WAV,Emballonura_alecto,3.962875,3.966125
A006151_HPVJUOTMMR.WAV,Emballonura_alecto,3.979625,3.98275
A006151_HPVJUOTMMR.WAV,Emballonura_alecto,3.99275,4.15225
A006151_HPVJUOTMMR.WAV,Emballonura_alecto,4.173875,4.1815
A006151_HPVJUOTMMR.WAV,Emballonura_alecto,4.198625,4.206625
A006151_HPVJUOTMMR.WAV,Emballonura_alecto,4.282125,4.286125
A006151_HPVJUOTMMR.WAV,Emballonura_alecto,4.3015,4.315
A006151_HPVJUOTMMR.WAV,Emballonura_alecto,4.426125,4.4285
A006151_HPVJUOTMMR.WAV,Emballonura_alecto,4.50625,4.515125
A006151_HPVJUOTMMR.WAV,Emballonura_alecto,4.54475,4.54675
A006151_HPVJUOTMMR.WAV,Emballonura_alecto,4.564,4.569625
A006151_HPVJUOTMMR.WAV,Emballonura_alecto,4.618375,4.623125
A006151_HPVJUOTMMR.WAV,Emballonura_alecto,4.652625,4.662375
A006151_HPVJUOTMMR.WAV,Emballonura_alecto,4.693,4.697875
A006151_HPVJUOTMMR.WAV,Emballonura_alecto,4.72875,4.7365
A006151_HPVJUOTMMR.WAV,Emballonura_alecto,4.75225,4.759875
A006151_HPVJUOTMMR.WAV,Emballonura_alecto,4.7885,4.796
A006151_HPVJUOTMMR.WAV,Emballonura_alecto,4.813,4.95225
A006151_HPVJUOTMMR.WAV,Emballonura_alecto,4.979125,4.985625
A006151_HPVJUOTMMR.WAV,Emballonura_alecto,5.0835,5.090875
A006151_HPVJUOTMMR.WAV,Emballonura_alecto,5.197,5.214875
A006151_HPVJUOTMMR.WAV,Emballonura_alecto,5.306125,5.32425
A006151_HPVJUOTMMR.WAV,Emballonura_alecto,5.4235,5.431875
A006151_HPVJUOTMMR.WAV,Emballonura_alecto,5.511875,5.5255
A006151_HPVJUOTMMR.WAV,Emballonura_alecto,5.617625,5.623125
A006151_HPVJUOTMMR.WAV,Emballonura_alecto,5.6595,5.67225
A006151_HPVJUOTMMR.WAV,Emballonura_alecto,5.72525,5.734125
A006151_HPVJUOTMMR.WAV,Emballonura_alecto,5.79375,5.802
A006151_HPVJUOTMMR.WAV,Emballonura_alecto,5.867625,5.871875
A006151_HPVJUOTMMR.WAV,Emballonura_alecto,5.91425,5.918
A006151_HPVJUOTMMR.WAV,Emballonura_alecto,5.937375,5.967125
A006151_HPVJUOTMMR.WAV,Emballonura_alecto,6.029625,6.038375
A006151_HPVJUOTMMR.WAV,Emballonura_alecto,6.163625,6.1735
A006151_HPVJUOTMMR.WAV,Emballonura_alecto,6.188,6.19675
A006151_HPVJUOTMMR.WAV,Emballonura_alecto,6.265,6.274
A006151_HPVJUOTMMR.WAV,Emballonura_alecto,6.4255,6.4355
A006151_HPVJUOTMMR.WAV,Emballonura_alecto,6.452875,6.46275
A006151_HPVJUOTMMR.WAV,Emballonura_alecto,6.547875,6.557
A006151_HPVJUOTMMR.WAV,Emballonura_alecto,6.687,6.69575
A006151_HPVJUOTMMR.WAV,Emballonura_alecto,6.77475,6.78025
A006151_HPVJUOTMMR.WAV,Emballonura_alecto,6.911625,6.9405
A006151_HPVJUOTMMR.WAV,Emballonura_alecto,7.019875,7.02175
A006151_HPVJUOTMMR.WAV,Emballonura_alecto,7.1035,7.10775
A006151_HPVJUOTMMR.WAV,Emballonura_alecto,7.17475,7.1795
A006151_HPVJUOTMMR.WAV,Emballonura_alecto,7.25875,7.263375
A006151_HPVJUOTMMR.WAV,Emballonura_alecto,7.3805,7.39025
A006151_HPVJUOTMMR.WAV,Emballonura_alecto,7.42025,7.4295
A006151_HPVJUOTMMR.WAV,Emballonura_alecto,7.660375,7.669
A006151_HPVJUOTMMR.WAV,Emballonura_alecto,7.741,7.751375
A006151_HPVJUOTMMR.WAV,Emballonura_alecto,7.893625,7.90725
A006151_HPVJUOTMMR.WAV,Emballonura_alecto,7.982875,7.99025
A006151_HPVJUOTMMR.WAV,Emballonura_alecto,8.169875,8.177
A006151_HPVJUOTMMR.WAV,Emballonura_alecto,8.206625,8.215625
A006151_HPVJUOTMMR.WAV,Emballonura_alecto,8.23275,8.2385
A006151_HPVJUOTMMR.WAV,Emballonura_alecto,8.290375,8.29875
A006151_HPVJUOTMMR.WAV,Emballonura_alecto,8.4925,8.501125
A006151_HPVJUOTMMR.WAV,Emballonura_alecto,8.535875,8.5435
A006151_HPVJUOTMMR.WAV,Emballonura_alecto,8.630125,8.64
A006151_HPVJUOTMMR.WAV,Emballonura_alecto,8.660625,8.67075
A006151_HPVJUOTMMR.WAV,Emballonura_alecto,8.83675,8.846
A006151_HPVJUOTMMR.WAV,Emballonura_alecto,9.131,9.137875
A006151_HPVJUOTMMR.WAV,Emballonura_alecto,9.246875,9.256125
A006151_HPVJUOTMMR.WAV,Emballonura_alecto,9.419625,9.426375
A006151_HPVJUOTMMR.WAV,Emballonura_alecto,9.526375,9.52825
A006151_HPVJUOTMMR.WAV,Emballonura_alecto,9.584,9.5935
A006151_HPVJUOTMMR.WAV,Emballonura_alecto,9.71525,9.72525
A006151_HPVJUOTMMR.WAV,Emballonura_alecto,9.794,9.797
A006151_HPVJUOTMMR.WAV,Emballonura_alecto,9.902875,9.906625
A006151_HPVJUOTMMR.WAV,Emballonura_alecto,9.98,9.9955
A006151_HPVJUOTMMR.WAV,Emballonura_alecto,10.061,10.078125
A006151_HPVJUOTMMR.WAV,Emballonura_alecto,10.20975,10.214625
A006151_HPVJUOTMMR.WAV,Emballonura_alecto,10.26075,10.271375
A006151_HPVJUOTMMR.WAV,Emballonura_alecto,10.33575,10.3415
A006151_HPVJUOTMMR.WAV,Emballonura_alecto,10.358375,10.367375
A006151_HPVJUOTMMR.WAV,Emballonura_alecto,10.4485,10.463875
A006151_HPVJUOTMMR.WAV,Emballonura_alecto,10.51975,10.52775
A006151_HPVJUOTMMR.WAV,Emballonura_alecto,10.55225,10.56075
A006151_HPVJUOTMMR.WAV,Emballonura_alecto,10.611125,10.619
A006151_HPVJUOTMMR.WAV,Emballonura_alecto,10.629375,10.637625
A006151_HPVJUOTMMR.WAV,Emballonura_alecto,10.683625,10.69075
A006151_HPVJUOTMMR.WAV,Emballonura_alecto,10.7885,10.79425
A006151_HPVJUOTMMR.WAV,Emballonura_alecto,10.844125,10.8535
A006151_HPVJUOTMMR.WAV,Emballonura_alecto,10.92675,10.931125
A006151_HPVJUOTMMR.WAV,Emballonura_alecto,10.9595,10.968375
A006151_HPVJUOTMMR.WAV,Emballonura_alecto,11.019875,11.02325
A006151_HPVJUOTMMR.WAV,Emballonura_alecto,11.04025,11.049125
A006151_HPVJUOTMMR.WAV,Emballonura_alecto,11.059875,11.102875
A006151_HPVJUOTMMR.WAV,Emballonura_alecto,11.114625,11.1245
A006151_HPVJUOTMMR.WAV,Emballonura_alecto,11.1735,11.181125
A006151_HPVJUOTMMR.WAV,Emballonura_alecto,11.24075,11.247375
A006151_HPVJUOTMMR.WAV,Emballonura_alecto,11.259375,11.26375
A006151_HPVJUOTMMR.WAV,Emballonura_alecto,11.288875,11.295125
A006151_HPVJUOTMMR.WAV,Emballonura_alecto,11.306125,11.315625
A006151_HPVJUOTMMR.WAV,Emballonura_alecto,11.342625,11.347125
A006151_HPVJUOTMMR.WAV,Emballonura_alecto,11.384,11.388625
A006151_HPVJUOTMMR.WAV,Emballonura_alecto,11.41925,11.545
A006151_HPVJUOTMMR.WAV,Emballonura_alecto,11.56775,11.5745
A006151_HPVJUOTMMR.WAV,Emballonura_alecto,11.667125,11.6765
A006151_HPVJUOTMMR.WAV,Emballonura_alecto,11.693875,11.702125
A006151_HPVJUOTMMR.WAV,Emballonura_alecto,11.791375,11.797125
A006151_HPVJUOTMMR.WAV,Emballonura_alecto,11.814375,11.818
A006151_HPVJUOTMMR.WAV,Emballonura_alecto,11.88275,11.908875
A006151_HPVJUOTMMR.WAV,Emballonura_alecto,11.936,11.943
A006151_HPVJUOTMMR.WAV,Emballonura_alecto,12.0075,12.027125
A006151_HPVJUOTMMR.WAV,Emballonura_alecto,12.076,12.0815
A006151_HPVJUOTMMR.WAV,Emballonura_alecto,12.092,12.100875
A006151_HPVJUOTMMR.WAV,Emballonura_alecto,12.135875,12.140875
A006151_HPVJUOTMMR.WAV,Emballonura_alecto,12.183125,12.188875
A006151_HPVJUOTMMR.WAV,Emballonura_alecto,12.228375,12.23725
A006151_HPVJUOTMMR.WAV,Emballonura_alecto,12.28325,12.292
A006151_HPVJUOTMMR.WAV,Emballonura_alecto,12.313625,12.32225
A006151_HPVJUOTMMR.WAV,Emballonura_alecto,12.356,12.3635
A006151_HPVJUOTMMR.WAV,Emballonura_alecto,12.56775,12.57775
A006151_HPVJUOTMMR.WAV,Emballonura_alecto,12.59325,12.6025
A006151_HPVJUOTMMR.WAV,Emballonura_alecto,12.655125,12.664375
A006151_HPVJUOTMMR.WAV,Emballonura_alecto,12.707625,12.715875
A006151_HPVJUOTMMR.WAV,Emballonura_alecto,12.908375,12.917875
A006151_HPVJUOTMMR.WAV,Emballonura_alecto,12.98675,12.994625
A006151_HPVJUOTMMR.WAV,Emballonura_alecto,13.011,13.019875
A006151_HPVJUOTMMR.WAV,Emballonura_alecto,13.0815,13.08975
A006151_HPVJUOTMMR.WAV,Emballonura_alecto,13.207875,13.217
A006151_HPVJUOTMMR.WAV,Emballonura_alecto,13.3135,13.32125
A006151_HPVJUOTMMR.WAV,Emballonura_alecto,13.341625,13.35125
A006151_HPVJUOTMMR.WAV,Emballonura_alecto,13.43,13.4445
A006151_HPVJUOTMMR.WAV,Emballonura_alecto,13.503375,13.509
A006151_HPVJUOTMMR.WAV,Emballonura_alecto,13.545625,13.549625
A006151_HPVJUOTMMR.WAV,Emballonura_alecto,13.592625,13.602
A006151_HPVJUOTMMR.WAV,Emballonura_alecto,13.699375,13.700625
A006151_HPVJUOTMMR.WAV,Emballonura_alecto,13.77425,13.78375
A006151_HPVJUOTMMR.WAV,Emballonura_alecto,13.806875,13.81825
A006151_HPVJUOTMMR.WAV,Emballonura_alecto,13.83425,13.839
A006151_HPVJUOTMMR.WAV,Emballonura_alecto,13.856875,13.865375
A006151_HPVJUOTMMR.WAV,Emballonura_alecto,13.96325,13.969125
A006151_HPVJUOTMMR.WAV,Emballonura_alecto,14.02075,14.03025
A006151_HPVJUOTMMR.WAV,Emballonura_alecto,14.071125,14.08025
A006151_HPVJUOTMMR.WAV,Emballonura_alecto,14.103625,14.106
A006151_HPVJUOTMMR.WAV,Emballonura_alecto,14.1845,14.18925
A006151_HPVJUOTMMR.WAV,Emballonura_alecto,14.226625,14.2385
A006151_HPVJUOTMMR.WAV,Emballonura_alecto,14.2795,14.287625
A006151_HPVJUOTMMR.WAV,Emballonura_alecto,14.407375,14.413375
A006151_HPVJUOTMMR.WAV,Emballonura_alecto,14.506,14.510375
A006151_HPVJUOTMMR.WAV,Emballonura_alecto,14.564375,14.57275
A006151_HPVJUOTMMR.WAV,Emballonura_alecto,14.628125,14.63475
A006151_HPVJUOTMMR.WAV,Emballonura_alecto,14.789375,14.812625
A006151_HPVJUOTMMR.WAV,Emballonura_alecto,14.932875,14.938
A006151_HPVJUOTMMR.WAV,Emballonura_alecto,14.95475,14.96475
A003557_TEOZJMPDVN.WAV,Emballonura_alecto,0.00025,0.02425
A003557_TEOZJMPDVN.WAV,Emballonura_alecto,0.054125,0.077
A003557_TEOZJMPDVN.WAV,Emballonura_alecto,0.11025,0.134
A003557_TEOZJMPDVN.WAV,Emballonura_alecto,0.15125,0.17525
A003557_TEOZJMPDVN.WAV,Emballonura_alecto,0.198125,0.209125
A003557_TEOZJMPDVN.WAV,Emballonura_alecto,0.232125,0.257125
A003557_TEOZJMPDVN.WAV,Emballonura_alecto,0.278,0.330375
A003557_TEOZJMPDVN.WAV,Emballonura_alecto,0.375,0.39925
A003557_TEOZJMPDVN.WAV,Emballonura_alecto,0.442625,0.467625
A003557_TEOZJMPDVN.WAV,Emballonura_alecto,0.483375,0.502875
A003557_TEOZJMPDVN.WAV,Emballonura_alecto,0.52375,0.547625
A003557_TEOZJMPDVN.WAV,Emballonura_alecto,0.571125,0.5945
A003557_TEOZJMPDVN.WAV,Emballonura_alecto,0.608375,0.6355
A003557_TEOZJMPDVN.WAV,Emballonura_alecto,0.65125,0.70175
A003557_TEOZJMPDVN.WAV,Emballonura_alecto,0.718625,0.738875
A003557_TEOZJMPDVN.WAV,Emballonura_alecto,0.764625,0.78575
A003557_TEOZJMPDVN.WAV,Emballonura_alecto,0.815,0.838
A003557_TEOZJMPDVN.WAV,Emballonura_alecto,0.866125,0.88925
A003557_TEOZJMPDVN.WAV,Emballonura_alecto,0.94425,0.96725
A003557_TEOZJMPDVN.WAV,Emballonura_alecto,1.036875,1.059625
A003557_TEOZJMPDVN.WAV,Emballonura_alecto,1.1255,1.152
A003557_TEOZJMPDVN.WAV,Emballonura_alecto,1.197875,1.22325
A003557_TEOZJMPDVN.WAV,Emballonura_alecto,1.282125,1.310125
A003557_TEOZJMPDVN.WAV,Emballonura_alecto,1.437125,1.461375
A003557_TEOZJMPDVN.WAV,Emballonura_alecto,1.5355,1.5525
A003557_TEOZJMPDVN.WAV,Emballonura_alecto,1.62725,1.649625
A003557_TEOZJMPDVN.WAV,Emballonura_alecto,1.71225,1.731125
A003557_TEOZJMPDVN.WAV,Emballonura_alecto,1.808375,1.8285
A003557_TEOZJMPDVN.WAV,Emballonura_alecto,1.89525,1.9135
A003557_TEOZJMPDVN.WAV,Emballonura_alecto,2.020875,2.0425
A003557_TEOZJMPDVN.WAV,Emballonura_alecto,2.099,2.117625
A003557_TEOZJMPDVN.WAV,Emballonura_alecto,2.173375,2.194875
A003557_TEOZJMPDVN.WAV,Emballonura_alecto,2.246625,2.265625
A003557_TEOZJMPDVN.WAV,Emballonura_alecto,2.35275,2.375875
A003557_TEOZJMPDVN.WAV,Emballonura_alecto,2.427625,2.449
A003557_TEOZJMPDVN.WAV,Emballonura_alecto,2.4785,2.4995
A003557_TEOZJMPDVN.WAV,Emballonura_alecto,2.551375,2.57875
A003557_TEOZJMPDVN.WAV,Emballonura_alecto,2.612875,2.6405
A003557_TEOZJMPDVN.WAV,Emballonura_alecto,2.725125,2.74975
A003557_TEOZJMPDVN.WAV,Emballonura_alecto,2.7965,2.818625
A003557_TEOZJMPDVN.WAV,Emballonura_alecto,2.852,2.874625
A003557_TEOZJMPDVN.WAV,Emballonura_alecto,2.902125,2.925375
A003557_TEOZJMPDVN.WAV,Emballonura_alecto,2.951125,2.975
A003557_TEOZJMPDVN.WAV,Emballonura_alecto,2.9905,3.01725
A003557_TEOZJMPDVN.WAV,Emballonura_alecto,3.05575,3.0805
A003557_TEOZJMPDVN.WAV,Emballonura_alecto,3.132625,3.159875
A003557_TEOZJMPDVN.WAV,Emballonura_alecto,3.18825,3.20975
A003557_TEOZJMPDVN.WAV,Emballonura_alecto,3.2475,3.2615
A003557_TEOZJMPDVN.WAV,Emballonura_alecto,3.33,3.34775
A003557_TEOZJMPDVN.WAV,Emballonura_alecto,3.40125,3.41575
A003557_TEOZJMPDVN.WAV,Emballonura_alecto,3.445,3.464375
A003557_TEOZJMPDVN.WAV,Emballonura_alecto,3.48875,3.519875
A003557_TEOZJMPDVN.WAV,Emballonura_alecto,3.534,3.574
A003557_TEOZJMPDVN.WAV,Emballonura_alecto,3.592875,3.64125
A003557_TEOZJMPDVN.WAV,Emballonura_alecto,3.658375,3.678
A003557_TEOZJMPDVN.WAV,Emballonura_alecto,3.716125,3.736875
A003557_TEOZJMPDVN.WAV,Emballonura_alecto,3.791,3.811875
A003557_TEOZJMPDVN.WAV,Emballonura_alecto,3.850375,3.871875
A003557_TEOZJMPDVN.WAV,Emballonura_alecto,3.92525,3.946875
A003557_TEOZJMPDVN.WAV,Emballonura_alecto,4.0055,4.0285
A003557_TEOZJMPDVN.WAV,Emballonura_alecto,4.092875,4.11875
A003557_TEOZJMPDVN.WAV,Emballonura_alecto,4.181125,4.209625
A003557_TEOZJMPDVN.WAV,Emballonura_alecto,4.272875,4.291125
A003557_TEOZJMPDVN.WAV,Emballonura_alecto,4.346875,4.365625
A003557_TEOZJMPDVN.WAV,Emballonura_alecto,4.417875,4.438
A003557_TEOZJMPDVN.WAV,Emballonura_alecto,4.48775,4.505125
A003557_TEOZJMPDVN.WAV,Emballonura_alecto,4.567875,4.58275
A003557_TEOZJMPDVN.WAV,Emballonura_alecto,4.636,4.6475
A003557_TEOZJMPDVN.WAV,Emballonura_alecto,4.7155,4.72175
A003557_TEOZJMPDVN.WAV,Emballonura_alecto,4.926875,4.9285
A003557_TEOZJMPDVN.WAV,Emballonura_alecto,5.001375,5.00325
A003557_TEOZJMPDVN.WAV,Emballonura_alecto,5.0155,5.017375
A003557_TEOZJMPDVN.WAV,Emballonura_alecto,5.038625,5.04075
A003557_TEOZJMPDVN.WAV,Emballonura_alecto,5.3515,5.35275
A003557_TEOZJMPDVN.WAV,Emballonura_alecto,5.432875,5.4375
A003557_TEOZJMPDVN.WAV,Emballonura_alecto,5.530625,5.547
A003557_TEOZJMPDVN.WAV,Emballonura_alecto,5.60725,5.622375
A003557_TEOZJMPDVN.WAV,Emballonura_alecto,5.673375,5.682375
A003557_TEOZJMPDVN.WAV,Emballonura_alecto,5.729,5.744625
A003557_TEOZJMPDVN.WAV,Emballonura_alecto,5.7945,5.8105
A003557_TEOZJMPDVN.WAV,Emballonura_alecto,5.875125,5.893625
A003557_TEOZJMPDVN.WAV,Emballonura_alecto,6.014125,6.0625
A003557_TEOZJMPDVN.WAV,Emballonura_alecto,6.098125,6.124625
A003557_TEOZJMPDVN.WAV,Emballonura_alecto,6.182125,6.205875
A003557_TEOZJMPDVN.WAV,Emballonura_alecto,6.242,6.271125
A003557_TEOZJMPDVN.WAV,Emballonura_alecto,6.324625,6.348875
A003557_TEOZJMPDVN.WAV,Emballonura_alecto,6.38475,6.411125
A003557_TEOZJMPDVN.WAV,Emballonura_alecto,6.42325,6.484
A003557_TEOZJMPDVN.WAV,Emballonura_alecto,6.513875,6.544875
A003557_TEOZJMPDVN.WAV,Emballonura_alecto,6.5825,6.610875
A003557_TEOZJMPDVN.WAV,Emballonura_alecto,6.6595,6.692625
A003557_TEOZJMPDVN.WAV,Emballonura_alecto,6.72325,6.753375
A003557_TEOZJMPDVN.WAV,Emballonura_alecto,6.800625,6.831625
A003557_TEOZJMPDVN.WAV,Emballonura_alecto,6.885,6.914375
A003557_TEOZJMPDVN.WAV,Emballonura_alecto,6.975375,7.00175
A003557_TEOZJMPDVN.WAV,Emballonura_alecto,7.055875,7.081375
A003557_TEOZJMPDVN.WAV,Emballonura_alecto,7.124625,7.150625
A003557_TEOZJMPDVN.WAV,Emballonura_alecto,7.221625,7.248
A003557_TEOZJMPDVN.WAV,Emballonura_alecto,7.30425,7.326125
A003557_TEOZJMPDVN.WAV,Emballonura_alecto,7.39875,7.421
A003557_TEOZJMPDVN.WAV,Emballonura_alecto,7.490625,7.50975
A003557_TEOZJMPDVN.WAV,Emballonura_alecto,7.579125,7.597625
A003557_TEOZJMPDVN.WAV,Emballonura_alecto,7.664875,7.68
A003557_TEOZJMPDVN.WAV,Emballonura_alecto,7.73575,7.749625
A003557_TEOZJMPDVN.WAV,Emballonura_alecto,7.80075,7.811875
A003557_TEOZJMPDVN.WAV,Emballonura_alecto,7.847375,7.855625
A003557_TEOZJMPDVN.WAV,Emballonura_alecto,7.888625,7.912375
A003557_TEOZJMPDVN.WAV,Emballonura_alecto,7.953125,7.96
A003557_TEOZJMPDVN.WAV,Emballonura_alecto,8.004125,8.006625
A003557_TEOZJMPDVN.WAV,Emballonura_alecto,8.022625,8.02375
A003557_TEOZJMPDVN.WAV,Emballonura_alecto,8.038875,8.04425
A003557_TEOZJMPDVN.WAV,Emballonura_alecto,8.06425,8.067375
A003557_TEOZJMPDVN.WAV,Emballonura_alecto,8.102875,8.1045
A003557_TEOZJMPDVN.WAV,Emballonura_alecto,8.117375,8.119375
A003557_TEOZJMPDVN.WAV,Emballonura_alecto,8.132,8.137625
A003557_TEOZJMPDVN.WAV,Emballonura_alecto,8.159,8.162375
A003557_TEOZJMPDVN.WAV,Emballonura_alecto,8.17575,8.178625
A003557_TEOZJMPDVN.WAV,Emballonura_alecto,8.18975,8.1915
A003557_TEOZJMPDVN.WAV,Emballonura_alecto,8.202125,8.3165
A003557_TEOZJMPDVN.WAV,Emballonura_alecto,8.401375,8.447375
1788443928159_17B31A_BN1_17_1026_10853_75_37_filtered.wav,Forpus_passerinus,0.0,75.37777777777778
1788443928159_17B32A_BN5_6_080517_14901_133_73_filtered.wav,Forpus_passerinus,0.0,133.7295238095238
1788443928159_17B31A_BN1_17_1026_10853_75_37_filtered.wav,Forpus_passerinus,0.0870748299319727,0.2380045351473922
1788443928159_17B31A_BN1_17_1026_10853_75_37_filtered.wav,Forpus_passerinus,0.4237641723356009,0.4760090702947845
1788443928159_17B31A_BN1_17_1026_10853_75_37_filtered.wav,Forpus_passerinus,0.8068934240362812,0.8359183673469388
1788443928159_17B31A_BN1_17_1026_10853_75_37_filtered.wav,Forpus_passerinus,3.0418140589569163,3.1579138321995464
1788443928159_17B31A_BN1_17_1026_10853_75_37_filtered.wav,Forpus_passerinus,3.407528344671202,3.4481632653061225
1788443928159_17B31A_BN1_17_1026_10853_75_37_filtered.wav,Forpus_passerinus,3.6281179138322,3.732607709750567
1788443928159_17B31A_BN1_17_1026_10853_75_37_filtered.wav,Forpus_passerinus,4.144761904761904,4.214421768707483
1788443928159_17B31A_BN1_17_1026_10853_75_37_filtered.wav,Forpus_passerinus,4.388571428571429,4.46984126984127
1788443928159_17B31A_BN1_17_1026_10853_75_37_filtered.wav,Forpus_passerinus,4.998095238095238,5.050340136054421
1788443928159_17B31A_BN1_17_1026_10853_75_37_filtered.wav,Forpus_passerinus,5.584399092970521,5.659863945578231
1788443928159_17B31A_BN1_17_1026_10853_75_37_filtered.wav,Forpus_passerinus,5.938503401360544,5.96172335600907
1788443928159_17B31A_BN1_17_1026_10853_75_37_filtered.wav,Forpus_passerinus,6.066213151927438,6.101043083900227
1788443928159_17B31A_BN1_17_1026_10853_75_37_filtered.wav,Forpus_passerinus,6.42031746031746,6.489977324263038
1788443928159_17B31A_BN1_17_1026_10853_75_37_filtered.wav,Forpus_passerinus,6.693151927437642,6.745396825396825
1788443928159_17B31A_BN1_17_1026_10853_75_37_filtered.wav,Forpus_passerinus,6.91374149659864,6.983401360544217
1788443928159_17B31A_BN1_17_1026_10853_75_37_filtered.wav,Forpus_passerinus,7.238820861678004,7.262040816326531
1788443928159_17B31A_BN1_17_1026_10853_75_37_filtered.wav,Forpus_passerinus,7.511655328798186,7.587120181405895
1788443928159_17B31A_BN1_17_1026_10853_75_37_filtered.wav,Forpus_passerinus,7.888979591836734,7.964444444444444
1788443928159_17B31A_BN1_17_1026_10853_75_37_filtered.wav,Forpus_passerinus,8.126984126984127,8.167619047619048
1788443928159_17B31A_BN1_17_1026_10853_75_37_filtered.wav,Forpus_passerinus,8.335963718820862,8.388208616780044
1788443928159_17B31A_BN1_17_1026_10853_75_37_filtered.wav,Forpus_passerinus,8.533333333333333,8.626213151927438
1788443928159_17B31A_BN1_17_1026_10853_75_37_filtered.wav,Forpus_passerinus,8.864217687074829,8.968707482993198
1788443928159_17B31A_BN1_17_1026_10853_75_37_filtered.wav,Forpus_passerinus,9.1718820861678,9.247346938775513
1788443928159_17B31A_BN1_17_1026_10853_75_37_filtered.wav,Forpus_passerinus,9.520181405895691,9.58984126984127
1788443928159_17B31A_BN1_17_1026_10853_75_37_filtered.wav,Forpus_passerinus,9.78140589569161,9.827845804988662
1788443928159_17B31A_BN1_17_1026_10853_75_37_filtered.wav,Forpus_passerinus,9.89750566893424,9.93233560090703
1788443928159_17B31A_BN1_17_1026_10853_75_37_filtered.wav,Forpus_passerinus,10.106485260770976,10.176145124716554
1788443928159_17B31A_BN1_17_1026_10853_75_37_filtered.wav,Forpus_passerinus,10.210975056689342,10.298049886621316
1788443928159_17B31A_BN1_17_1026_10853_75_37_filtered.wav,Forpus_passerinus,10.652154195011338,10.681179138321996
1788443928159_17B31A_BN1_17_1026_10853_75_37_filtered.wav,Forpus_passerinus,11.377777777777778,11.418412698412698
1788443928159_17B31A_BN1_17_1026_10853_75_37_filtered.wav,Forpus_passerinus,11.61578231292517,11.668027210884354
1788443928159_17B31A_BN1_17_1026_10853_75_37_filtered.wav,Forpus_passerinus,12.016326530612243,12.039546485260772
1788443928159_17B31A_BN1_17_1026_10853_75_37_filtered.wav,Forpus_passerinus,12.637460317460317,12.666485260770974
1788443928159_17B31A_BN1_17_1026_10853_75_37_filtered.wav,Forpus_passerinus,12.91609977324263,13.008979591836734
1788443928159_17B31A_BN1_17_1026_10853_75_37_filtered.wav,Forpus_passerinus,13.49079365079365,13.589478458049886
1788443928159_17B31A_BN1_17_1026_10853_75_37_filtered.wav,Forpus_passerinus,13.844897959183674,13.90875283446712
1788443928159_17B31A_BN1_17_1026_10853_75_37_filtered.wav,Forpus_passerinus,14.106122448979592,14.199002267573697
1788443928159_17B31A_BN1_17_1026_10853_75_37_filtered.wav,Forpus_passerinus,14.437006802721088,14.52408163265306
1788443928159_17B31A_BN1_17_1026_10853_75_37_filtered.wav,Forpus_passerinus,14.651791383219956,14.727256235827664
1788443928159_17B31A_BN1_17_1026_10853_75_37_filtered.wav,Forpus_passerinus,15.046530612244895,15.081360544217688
1788443928159_17B31A_BN1_17_1026_10853_75_37_filtered.wav,Forpus_passerinus,15.42965986394558,15.59219954648526
1788443928159_17B31A_BN1_17_1026_10853_75_37_filtered.wav,Forpus_passerinus,15.806984126984126,15.836009070294784
1788443928159_17B31A_BN1_17_1026_10853_75_37_filtered.wav,Forpus_passerinus,16.190113378684806,16.24235827664399
1788443928159_17B31A_BN1_17_1026_10853_75_37_filtered.wav,Forpus_passerinus,16.42231292517007,16.480362811791384
1788443928159_17B31A_BN1_17_1026_10853_75_37_filtered.wav,Forpus_passerinus,16.764807256235827,16.80544217687075
1788443928159_17B31A_BN1_17_1026_10853_75_37_filtered.wav,Forpus_passerinus,17.014421768707482,17.03764172335601
1788443928159_17B31A_BN1_17_1026_10853_75_37_filtered.wav,Forpus_passerinus,17.28145124716553,17.339501133786847
1788443928159_17B31A_BN1_17_1026_10853_75_37_filtered.wav,Forpus_passerinus,17.443990929705215,17.525260770975056
1788443928159_17B31A_BN1_17_1026_10853_75_37_filtered.wav,Forpus_passerinus,17.902585034013605,17.96063492063492
1788443928159_17B31A_BN1_17_1026_10853_75_37_filtered.wav,Forpus_passerinus,18.08253968253968,18.18702947845805
1788443928159_17B31A_BN1_17_1026_10853_75_37_filtered.wav,Forpus_passerinus,18.22766439909297,18.27990929705216
1788443928159_17B31A_BN1_17_1026_10853_75_37_filtered.wav,Forpus_passerinus,19.156462585034014,19.17968253968254
1788443928159_17B31A_BN1_17_1026_10853_75_37_filtered.wav,Forpus_passerinus,19.586031746031747,19.6324716553288
1788443928159_17B31A_BN1_17_1026_10853_75_37_filtered.wav,Forpus_passerinus,20.13750566893424,20.17233560090703
1788443928159_17B31A_BN1_17_1026_10853_75_37_filtered.wav,Forpus_passerinus,20.572879818594103,20.601904761904763
1788443928159_17B31A_BN1_17_1026_10853_75_37_filtered.wav,Forpus_passerinus,20.735419501133787,20.78185941043084
1788443928159_17B31A_BN1_17_1026_10853_75_37_filtered.wav,Forpus_passerinus,21.10113378684808,21.21142857142857
1788443928159_17B31A_BN1_17_1026_10853_75_37_filtered.wav,Forpus_passerinus,21.29269841269841,21.379773242630385
1788443928159_17B31A_BN1_17_1026_10853_75_37_filtered.wav,Forpus_passerinus,21.59455782312925,21.68743764172336
1788443928159_17B31A_BN1_17_1026_10853_75_37_filtered.wav,Forpus_passerinus,21.73387755102041,21.83836734693877
1788443928159_17B31A_BN1_17_1026_10853_75_37_filtered.wav,Forpus_passerinus,22.16925170068028,22.23310657596372
1788443928159_17B31A_BN1_17_1026_10853_75_37_filtered.wav,Forpus_passerinus,22.430476190476192,22.45369614512472
1788443928159_17B31A_BN1_17_1026_10853_75_37_filtered.wav,Forpus_passerinus,22.55238095238096,22.60462585034013
1788443928159_17B31A_BN1_17_1026_10853_75_37_filtered.wav,Forpus_passerinus,23.73659863945578,23.817868480725625
1788443928159_17B31A_BN1_17_1026_10853_75_37_filtered.wav,Forpus_passerinus,23.94557823129252,23.97460317460317
1788443928159_17B31A_BN1_17_1026_10853_75_37_filtered.wav,Forpus_passerinus,24.14294784580499,24.19519274376417
1788443928159_17B31A_BN1_17_1026_10853_75_37_filtered.wav,Forpus_passerinus,24.241632653061224,24.293877551020408
1788443928159_17B31A_BN1_17_1026_10853_75_37_filtered.wav,Forpus_passerinus,24.40997732426304,24.618956916099773
1788443928159_17B31A_BN1_17_1026_10853_75_37_filtered.wav,Forpus_passerinus,24.96145124716553,25.007891156462584
1788443928159_17B31A_BN1_17_1026_10853_75_37_filtered.wav,Forpus_passerinus,25.570975056689345,25.629024943310657
1788443928159_17B31A_BN1_17_1026_10853_75_37_filtered.wav,Forpus_passerinus,26.01795918367347,26.06439909297052
1788443928159_17B31A_BN1_17_1026_10853_75_37_filtered.wav,Forpus_passerinus,26.20952380952381,26.267573696145124
1788443928159_17B31A_BN1_17_1026_10853_75_37_filtered.wav,Forpus_passerinus,26.41269841269841,26.459138321995464
1788443928159_17B31A_BN1_17_1026_10853_75_37_filtered.wav,Forpus_passerinus,26.60426303854875,26.673922902494333
1788443928159_17B31A_BN1_17_1026_10853_75_37_filtered.wav,Forpus_passerinus,26.801632653061223,26.882902494331063
1788443928159_17B31A_BN1_17_1026_10853_75_37_filtered.wav,Forpus_passerinus,26.99319727891157,27.05124716553288
1788443928159_17B31A_BN1_17_1026_10853_75_37_filtered.wav,Forpus_passerinus,27.138321995464853,27.237006802721087
1788443928159_17B31A_BN1_17_1026_10853_75_37_filtered.wav,Forpus_passerinus,27.35891156462585,27.422766439909296
1788443928159_17B31A_BN1_17_1026_10853_75_37_filtered.wav,Forpus_passerinus,27.50403628117914,27.59111111111111
1788443928159_17B31A_BN1_17_1026_10853_75_37_filtered.wav,Forpus_passerinus,27.71301587301588,27.77106575963719
1788443928159_17B31A_BN1_17_1026_10853_75_37_filtered.wav,Forpus_passerinus,27.840725623582767,27.94521541950113
1788443928159_17B31A_BN1_17_1026_10853_75_37_filtered.wav,Forpus_passerinus,28.07292517006803,28.107755102040816
1788443928159_17B31A_BN1_17_1026_10853_75_37_filtered.wav,Forpus_passerinus,28.24126984126984,28.287709750566894
1788443928159_17B31A_BN1_17_1026_10853_75_37_filtered.wav,Forpus_passerinus,28.42122448979592,28.46766439909297
1788443928159_17B31A_BN1_17_1026_10853_75_37_filtered.wav,Forpus_passerinus,28.595374149659865,28.65342403628118
1788443928159_17B31A_BN1_17_1026_10853_75_37_filtered.wav,Forpus_passerinus,28.775328798185942,28.833378684807258
1788443928159_17B31A_BN1_17_1026_10853_75_37_filtered.wav,Forpus_passerinus,28.96108843537415,28.99591836734694
1788443928159_17B31A_BN1_17_1026_10853_75_37_filtered.wav,Forpus_passerinus,29.06557823129252,29.175873015873016
1788443928159_17B31A_BN1_17_1026_10853_75_37_filtered.wav,Forpus_passerinus,29.23392290249433,29.355827664399094
1788443928159_17B31A_BN1_17_1026_10853_75_37_filtered.wav,Forpus_passerinus,29.48934240362812,29.52997732426304
1788443928159_17B31A_BN1_17_1026_10853_75_37_filtered.wav,Forpus_passerinus,29.61124716553288,29.704126984126983
1788443928159_17B31A_BN1_17_1026_10853_75_37_filtered.wav,Forpus_passerinus,29.826031746031745,29.8724716553288
1788443928159_17B31A_BN1_17_1026_10853_75_37_filtered.wav,Forpus_passerinus,30.00018140589569,30.046621315192745
1788443928159_17B31A_BN1_17_1026_10853_75_37_filtered.wav,Forpus_passerinus,30.17433106575964,30.26140589569161
1788443928159_17B31A_BN1_17_1026_10853_75_37_filtered.wav,Forpus_passerinus,30.325260770975056,30.423945578231294
1788443928159_17B31A_BN1_17_1026_10853_75_37_filtered.wav,Forpus_passerinus,30.54004535147392,30.74902494331066
1788443928159_17B31A_BN1_17_1026_10853_75_37_filtered.wav,Forpus_passerinus,30.88834467120181,30.923174603174605
1788443928159_17B31A_BN1_17_1026_10853_75_37_filtered.wav,Forpus_passerinus,31.06249433106576,31.097324263038548
1788443928159_17B31A_BN1_17_1026_10853_75_37_filtered.wav,Forpus_passerinus,31.23083900226757,31.30049886621315
1788443928159_17B31A_BN1_17_1026_10853_75_37_filtered.wav,Forpus_passerinus,31.40498866213152,31.50367346938776
1788443928159_17B31A_BN1_17_1026_10853_75_37_filtered.wav,Forpus_passerinus,31.590748299319728,31.63718820861678
1788443928159_17B31A_BN1_17_1026_10853_75_37_filtered.wav,Forpus_passerinus,31.770702947845805,31.81714285714286
1788443928159_17B31A_BN1_17_1026_10853_75_37_filtered.wav,Forpus_passerinus,31.950657596371883,32.07256235827664
1788443928159_17B31A_BN1_17_1026_10853_75_37_filtered.wav,Forpus_passerinus,32.13061224489796,32.36281179138322
1788443928159_17B31A_BN1_17_1026_10853_75_37_filtered.wav,Forpus_passerinus,32.49052154195012,32.5427664399093
1788443928159_17B31A_BN1_17_1026_10853_75_37_filtered.wav,Forpus_passerinus,32.67628117913832,32.70530612244898
1788443928159_17B31A_BN1_17_1026_10853_75_37_filtered.wav,Forpus_passerinus,32.862040816326534,32.93750566893424
1788443928159_17B31A_BN1_17_1026_10853_75_37_filtered.wav,Forpus_passerinus,33.024580498866214,33.082630385487526
1788443928159_17B31A_BN1_17_1026_10853_75_37_filtered.wav,Forpus_passerinus,33.19292517006803,33.28580498866213
1788443928159_17B31A_BN1_17_1026_10853_75_37_filtered.wav,Forpus_passerinus,33.407709750566895,33.54122448979592
1788443928159_17B31A_BN1_17_1026_10853_75_37_filtered.wav,Forpus_passerinus,33.5934693877551,33.63990929705216
1788443928159_17B31A_BN1_17_1026_10853_75_37_filtered.wav,Forpus_passerinus,33.75600907029479,33.837278911564624
1788443928159_17B31A_BN1_17_1026_10853_75_37_filtered.wav,Forpus_passerinus,33.97079365079365,34.011428571428574
1788443928159_17B31A_BN1_17_1026_10853_75_37_filtered.wav,Forpus_passerinus,34.04625850340136,34.202993197278914
1788443928159_17B31A_BN1_17_1026_10853_75_37_filtered.wav,Forpus_passerinus,34.32489795918367,34.40616780045352
1788443928159_17B31A_BN1_17_1026_10853_75_37_filtered.wav,Forpus_passerinus,34.44680272108844,34.52226757369615
1788443928159_17B31A_BN1_17_1026_10853_75_37_filtered.wav,Forpus_passerinus,34.61514739229025,34.673197278911566
1788443928159_17B31A_BN1_17_1026_10853_75_37_filtered.wav,Forpus_passerinus,34.824126984126984,34.95183673469388
1788443928159_17B31A_BN1_17_1026_10853_75_37_filtered.wav,Forpus_passerinus,35.17242630385488,35.253696145124714
1788443928159_17B31A_BN1_17_1026_10853_75_37_filtered.wav,Forpus_passerinus,35.45687074829932,35.53814058956916
1788443928159_17B31A_BN1_17_1026_10853_75_37_filtered.wav,Forpus_passerinus,35.7471201814059,35.81678004535147
1788443928159_17B31A_BN1_17_1026_10853_75_37_filtered.wav,Forpus_passerinus,35.99673469387755,36.08380952380952
1788443928159_17B31A_BN1_17_1026_10853_75_37_filtered.wav,Forpus_passerinus,36.28698412698413,36.35083900226758
1788443928159_17B31A_BN1_17_1026_10853_75_37_filtered.wav,Forpus_passerinus,36.403083900226754,36.426303854875286
1788443928159_17B31A_BN1_17_1026_10853_75_37_filtered.wav,Forpus_passerinus,36.548208616780045,36.60045351473923
1788443928159_17B31A_BN1_17_1026_10853_75_37_filtered.wav,Forpus_passerinus,36.78621315192744,36.83845804988662
1788443928159_17B31A_BN1_17_1026_10853_75_37_filtered.wav,Forpus_passerinus,36.87909297052154,37.15773242630385
1788443928159_17B31A_BN1_17_1026_10853_75_37_filtered.wav,Forpus_passerinus,39.38684807256236,39.43909297052154
1788443928159_17B31A_BN1_17_1026_10853_75_37_filtered.wav,Forpus_passerinus,39.880272108843535,39.91510204081633
1788443928159_17B31A_BN1_17_1026_10853_75_37_filtered.wav,Forpus_passerinus,40.04861678004535,40.07764172335601
1788443928159_17B31A_BN1_17_1026_10853_75_37_filtered.wav,Forpus_passerinus,40.379501133786846,40.42013605442177
1788443928159_17B31A_BN1_17_1026_10853_75_37_filtered.wav,Forpus_passerinus,40.72780045351474,40.820680272108845
1788443928159_17B31A_BN1_17_1026_10853_75_37_filtered.wav,Forpus_passerinus,41.116734693877554,41.145759637188206
1788443928159_17B31A_BN1_17_1026_10853_75_37_filtered.wav,Forpus_passerinus,41.21541950113379,41.37795918367347
1788443928159_17B31A_BN1_17_1026_10853_75_37_filtered.wav,Forpus_passerinus,41.83074829931973,41.970068027210885
1788443928159_17B31A_BN1_17_1026_10853_75_37_filtered.wav,Forpus_passerinus,42.14421768707483,42.237097505668935
1788443928159_17B31A_BN1_17_1026_10853_75_37_filtered.wav,Forpus_passerinus,42.30675736961451,42.53895691609977
1788443928159_17B31A_BN1_17_1026_10853_75_37_filtered.wav,Forpus_passerinus,42.83501133786848,42.91628117913832
1788443928159_17B31A_BN1_17_1026_10853_75_37_filtered.wav,Forpus_passerinus,43.24716553287982,43.299410430839
1788443928159_17B31A_BN1_17_1026_10853_75_37_filtered.wav,Forpus_passerinus,43.40390022675737,43.45034013605442
1788443928159_17B31A_BN1_17_1026_10853_75_37_filtered.wav,Forpus_passerinus,43.71156462585034,43.77541950113379
1788443928159_17B31A_BN1_17_1026_10853_75_37_filtered.wav,Forpus_passerinus,43.92634920634921,43.97859410430839
1788443928159_17B31A_BN1_17_1026_10853_75_37_filtered.wav,Forpus_passerinus,44.14113378684807,44.199183673469385
1788443928159_17B31A_BN1_17_1026_10853_75_37_filtered.wav,Forpus_passerinus,44.43138321995465,44.45460317460317
1788443928159_17B31A_BN1_17_1026_10853_75_37_filtered.wav,Forpus_passerinus,44.54748299319728,44.57650793650794
1788443928159_17B31A_BN1_17_1026_10853_75_37_filtered.wav,Forpus_passerinus,45.023492063492064,45.06993197278912
1788443928159_17B31A_BN1_17_1026_10853_75_37_filtered.wav,Forpus_passerinus,45.11056689342404,45.2150566893424
1788443928159_17B31A_BN1_17_1026_10853_75_37_filtered.wav,Forpus_passerinus,45.94068027210884,45.98131519274376
1788443928159_17B31A_BN1_17_1026_10853_75_37_filtered.wav,Forpus_passerinus,46.24834467120181,46.2831746031746
1788443928159_17B31A_BN1_17_1026_10853_75_37_filtered.wav,Forpus_passerinus,47.16553287981859,47.23519274376417
1788443928159_17B31A_BN1_17_1026_10853_75_37_filtered.wav,Forpus_passerinus,47.42095238095238,47.51963718820862
1788443928159_17B31A_BN1_17_1026_10853_75_37_filtered.wav,Forpus_passerinus,47.67056689342404,47.75764172335601
1788443928159_17B31A_BN1_17_1026_10853_75_37_filtered.wav,Forpus_passerinus,47.85052154195012,47.87954648526077
1788443928159_17B31A_BN1_17_1026_10853_75_37_filtered.wav,Forpus_passerinus,48.04789115646258,48.07691609977324
1788443928159_17B31A_BN1_17_1026_10853_75_37_filtered.wav,Forpus_passerinus,48.355555555555554,48.43102040816326
1788443928159_17B31A_BN1_17_1026_10853_75_37_filtered.wav,Forpus_passerinus,48.55292517006803,48.60517006802721
1788443928159_17B31A_BN1_17_1026_10853_75_37_filtered.wav,Forpus_passerinus,48.72707482993197,48.96507936507936
1788443928159_17B31A_BN1_17_1026_10853_75_37_filtered.wav,Forpus_passerinus,49.04054421768708,49.12761904761905
1788443928159_17B31A_BN1_17_1026_10853_75_37_filtered.wav,Forpus_passerinus,49.31918367346939,49.412063492063496
1788443928159_17B31A_BN1_17_1026_10853_75_37_filtered.wav,Forpus_passerinus,49.78938775510204,49.85324263038549
1788443928159_17B31A_BN1_17_1026_10853_75_37_filtered.wav,Forpus_passerinus,50.329251700680274,50.358276643990926
1788443928159_17B31A_BN1_17_1026_10853_75_37_filtered.wav,Forpus_passerinus,50.7762358276644,50.81687074829932
1788443928159_17B31A_BN1_17_1026_10853_75_37_filtered.wav,Forpus_passerinus,51.68181405895692,51.78049886621315
1788443928159_17B31A_BN1_17_1026_10853_75_37_filtered.wav,Forpus_passerinus,51.82113378684807,51.88498866213152
1788443928159_17B31A_BN1_17_1026_10853_75_37_filtered.wav,Forpus_passerinus,52.0649433106576,52.12299319727891
1788443928159_17B31A_BN1_17_1026_10853_75_37_filtered.wav,Forpus_passerinus,52.56417233560091,52.61641723356009
1788443928159_17B31A_BN1_17_1026_10853_75_37_filtered.wav,Forpus_passerinus,52.79056689342404,52.88925170068027
1788443928159_17B31A_BN1_17_1026_10853_75_37_filtered.wav,Forpus_passerinus,53.10984126984127,53.17369614512472
1788443928159_17B31A_BN1_17_1026_10853_75_37_filtered.wav,Forpus_passerinus,53.249160997732425,53.39428571428572
1788443928159_17B31A_BN1_17_1026_10853_75_37_filtered.wav,Forpus_passerinus,53.82965986394558,53.85868480725624
1788443928159_17B31A_BN1_17_1026_10853_75_37_filtered.wav,Forpus_passerinus,54.236009070294784,54.25922902494331
1788443928159_17B31A_BN1_17_1026_10853_75_37_filtered.wav,Forpus_passerinus,54.34630385487528,54.39854875283447
1788443928159_17B31A_BN1_17_1026_10853_75_37_filtered.wav,Forpus_passerinus,54.56108843537415,54.6075283446712
1788443928159_17B31A_BN1_17_1026_10853_75_37_filtered.wav,Forpus_passerinus,54.76426303854876,54.79328798185941
1788443928159_17B31A_BN1_17_1026_10853_75_37_filtered.wav,Forpus_passerinus,55.03709750566893,55.13578231292517
1788443928159_17B31A_BN1_17_1026_10853_75_37_filtered.wav,Forpus_passerinus,55.20544217687075,55.32734693877551
1788443928159_17B31A_BN1_17_1026_10853_75_37_filtered.wav,Forpus_passerinus,55.80916099773243,55.86721088435374
1788443928159_17B31A_BN1_17_1026_10853_75_37_filtered.wav,Forpus_passerinus,56.13424036281179,56.221315192743766
1788443928159_17B31A_BN1_17_1026_10853_75_37_filtered.wav,Forpus_passerinus,56.36063492063492,56.59863945578231
1788443928159_17B31A_BN1_17_1026_10853_75_37_filtered.wav,Forpus_passerinus,56.639274376417234,56.66829931972789
1788443928159_17B31A_BN1_17_1026_10853_75_37_filtered.wav,Forpus_passerinus,56.79600907029479,56.91210884353742
1788443928159_17B31A_BN1_17_1026_10853_75_37_filtered.wav,Forpus_passerinus,56.95854875283447,57.24299319727891
1788443928159_17B31A_BN1_17_1026_10853_75_37_filtered.wav,Forpus_passerinus,57.30104308390023,57.34748299319728
1788443928159_17B31A_BN1_17_1026_10853_75_37_filtered.wav,Forpus_passerinus,57.46938775510204,57.51582766439909
1788443928159_17B31A_BN1_17_1026_10853_75_37_filtered.wav,Forpus_passerinus,57.55646258503401,57.75383219954649
1788443928159_17B31A_BN1_17_1026_10853_75_37_filtered.wav,Forpus_passerinus,57.82349206349206,57.858321995464856
1788443928159_17B31A_BN1_17_1026_10853_75_37_filtered.wav,Forpus_passerinus,57.99183673469388,58.09052154195011
1788443928159_17B31A_BN1_17_1026_10853_75_37_filtered.wav,Forpus_passerinus,58.33433106575964,58.48526077097506
1788443928159_17B31A_BN1_17_1026_10853_75_37_filtered.wav,Forpus_passerinus,58.79873015873016,58.88
1788443928159_17B31A_BN1_17_1026_10853_75_37_filtered.wav,Forpus_passerinus,59.11800453514739,59.1934693877551
1788443928159_17B31A_BN1_17_1026_10853_75_37_filtered.wav,Forpus_passerinus,59.5243537414966,59.56498866213152
1788443928159_17B31A_BN1_17_1026_10853_75_37_filtered.wav,Forpus_passerinus,59.8378231292517,59.91328798185941
1788443928159_17B31A_BN1_17_1026_10853_75_37_filtered.wav,Forpus_passerinus,60.19773242630386,60.27319727891157
1788443928159_17B31A_BN1_17_1026_10853_75_37_filtered.wav,Forpus_passerinus,60.3718820861678,60.424126984126985
1788443928159_17B31A_BN1_17_1026_10853_75_37_filtered.wav,Forpus_passerinus,63.16988662131519,63.20471655328798
1788443928159_17B31A_BN1_17_1026_10853_75_37_filtered.wav,Forpus_passerinus,63.30340136054422,63.36725623582767
1788443928159_17B31A_BN1_17_1026_10853_75_37_filtered.wav,Forpus_passerinus,63.48335600907029,63.54721088435374
1788443928159_17B31A_BN1_17_1026_10853_75_37_filtered.wav,Forpus_passerinus,63.70975056689343,63.75619047619048
1788443928159_17B31A_BN1_17_1026_10853_75_37_filtered.wav,Forpus_passerinus,64.15092970521542,64.17414965986394
1788443928159_17B31A_BN1_17_1026_10853_75_37_filtered.wav,Forpus_passerinus,64.6269387755102,64.71981859410431
1788443928159_17B31A_BN1_17_1026_10853_75_37_filtered.wav,Forpus_passerinus,64.78947845804989,65.02167800453515
1788443928159_17B31A_BN1_17_1026_10853_75_37_filtered.wav,Forpus_passerinus,65.32934240362812,65.3815873015873
1788443928159_17B31A_BN1_17_1026_10853_75_37_filtered.wav,Forpus_passerinus,65.49768707482993,65.55573696145125
1788443928159_17B31A_BN1_17_1026_10853_75_37_filtered.wav,Forpus_passerinus,65.74730158730159,65.77632653061225
1788443928159_17B31A_BN1_17_1026_10853_75_37_filtered.wav,Forpus_passerinus,65.9156462585034,66.03174603174604
1788443928159_17B31A_BN1_17_1026_10853_75_37_filtered.wav,Forpus_passerinus,66.3219954648526,66.3568253968254
1788443928159_17B31A_BN1_17_1026_10853_75_37_filtered.wav,Forpus_passerinus,67.07664399092971,67.12308390022676
1788443928159_17B31A_BN1_17_1026_10853_75_37_filtered.wav,Forpus_passerinus,67.43074829931973,67.49460317460317
1788443928159_17B31A_BN1_17_1026_10853_75_37_filtered.wav,Forpus_passerinus,67.5932879818594,67.68616780045352
1788443928159_17B31A_BN1_17_1026_10853_75_37_filtered.wav,Forpus_passerinus,67.84290249433107,67.90095238095238
1788443928159_17B31A_BN1_17_1026_10853_75_37_filtered.wav,Forpus_passerinus,68.08671201814059,68.17378684807257
1788443928159_17B31A_BN1_17_1026_10853_75_37_filtered.wav,Forpus_passerinus,68.3653514739229,68.46403628117913
1788443928159_17B31A_BN1_17_1026_10853_75_37_filtered.wav,Forpus_passerinus,68.50467120181406,68.59174603174603
1788443928159_17B31A_BN1_17_1026_10853_75_37_filtered.wav,Forpus_passerinus,68.81814058956915,68.88780045351474
1788443928159_17B31A_BN1_17_1026_10853_75_37_filtered.wav,Forpus_passerinus,69.57278911564626,69.59600907029478
1788443928159_17B31A_BN1_17_1026_10853_75_37_filtered.wav,Forpus_passerinus,69.75854875283447,69.80498866213152
1788443928159_17B31A_BN1_17_1026_10853_75_37_filtered.wav,Forpus_passerinus,69.92689342403628,69.96752834467121
1788443928159_17B31A_BN1_17_1026_10853_75_37_filtered.wav,Forpus_passerinus,70.36807256235828,70.41451247165533
1788443928159_17B31A_BN1_17_1026_10853_75_37_filtered.wav,Forpus_passerinus,70.55963718820861,70.66993197278912
1788443928159_17B31A_BN1_17_1026_10853_75_37_filtered.wav,Forpus_passerinus,71.02403628117914,71.19818594104308
1788443928159_17B31A_BN1_17_1026_10853_75_37_filtered.wav,Forpus_passerinus,72.12698412698413,72.22566893424036
1788443928159_17B31A_BN1_17_1026_10853_75_37_filtered.wav,Forpus_passerinus,72.46367346938776,72.5101133786848
1788443928159_17B31A_BN1_17_1026_10853_75_37_filtered.wav,Forpus_passerinus,72.75392290249434,72.81777777777778
1788443928159_17B31A_BN1_17_1026_10853_75_37_filtered.wav,Forpus_passerinus,72.98612244897959,73.07319727891156
1788443928159_17B31A_BN1_17_1026_10853_75_37_filtered.wav,Forpus_passerinus,73.19510204081632,73.29378684807256
1788443928159_17B31A_BN1_17_1026_10853_75_37_filtered.wav,Forpus_passerinus,73.33442176870749,75.37777777777778
1788443928159_17B32A_BN5_6_080517_14901_133_73_filtered.wav,Forpus_passerinus,0.3076643990929705,0.3599092970521542
1788443928159_17B32A_BN5_6_080517_14901_133_73_filtered.wav,Forpus_passerinus,0.5050340136054422,0.5340589569160997
1788443928159_17B32A_BN5_6_080517_14901_133_73_filtered.wav,Forpus_passerinus,0.6965986394557823,0.7604535147392291
1788443928159_17B32A_BN5_6_080517_14901_133_73_filtered.wav,Forpus_passerinus,0.9694331065759636,0.9984580498866212
1788443928159_17B32A_BN5_6_080517_14901_133_73_filtered.wav,Forpus_passerinus,1.1261678004535147,1.1668027210884353
1788443928159_17B32A_BN5_6_080517_14901_133_73_filtered.wav,Forpus_passerinus,2.972154195011338,3.001179138321996
1788443928159_17B32A_BN5_6_080517_14901_133_73_filtered.wav,Forpus_passerinus,3.570068027210884,3.622312925170068
1788443928159_17B32A_BN5_6_080517_14901_133_73_filtered.wav,Forpus_passerinus,4.812335600907029,4.911020408163266
1788443928159_17B32A_BN5_6_080517_14901_133_73_filtered.wav,Forpus_passerinus,5.572789115646258,5.6540589569161
1788443928159_17B32A_BN5_6_080517_14901_133_73_filtered.wav,Forpus_passerinus,6.617687074829932,6.640907029478458
1788443928159_17B32A_BN5_6_080517_14901_133_73_filtered.wav,Forpus_passerinus,6.809251700680272,6.873106575963718
1788443928159_17B32A_BN5_6_080517_14901_133_73_filtered.wav,Forpus_passerinus,7.465215419501134,7.558095238095238
1788443928159_17B32A_BN5_6_080517_14901_133_73_filtered.wav,Forpus_passerinus,7.732244897959184,7.83092970521542
1788443928159_17B32A_BN5_6_080517_14901_133_73_filtered.wav,Forpus_passerinus,7.918004535147392,7.9412244897959186
1788443928159_17B32A_BN5_6_080517_14901_133_73_filtered.wav,Forpus_passerinus,7.981859410430839,8.045714285714286
1788443928159_17B32A_BN5_6_080517_14901_133_73_filtered.wav,Forpus_passerinus,8.382403628117913,8.510113378684807
1788443928159_17B32A_BN5_6_080517_14901_133_73_filtered.wav,Forpus_passerinus,8.817777777777778,8.875827664399093
1788443928159_17B32A_BN5_6_080517_14901_133_73_filtered.wav,Forpus_passerinus,9.003537414965987,9.09061224489796
1788443928159_17B32A_BN5_6_080517_14901_133_73_filtered.wav,Forpus_passerinus,9.467936507936509,9.572426303854876
1788443928159_17B32A_BN5_6_080517_14901_133_73_filtered.wav,Forpus_passerinus,10.495419501133789,10.570884353741496
1788443928159_17B32A_BN5_6_080517_14901_133_73_filtered.wav,Forpus_passerinus,10.640544217687076,10.692789115646258
1788443928159_17B32A_BN5_6_080517_14901_133_73_filtered.wav,Forpus_passerinus,11.702857142857145,11.778321995464852
1788443928159_17B32A_BN5_6_080517_14901_133_73_filtered.wav,Forpus_passerinus,12.3762358276644,12.399455782312923
1788443928159_17B32A_BN5_6_080517_14901_133_73_filtered.wav,Forpus_passerinus,12.602630385487528,12.64907029478458
1788443928159_17B32A_BN5_6_080517_14901_133_73_filtered.wav,Forpus_passerinus,13.386303854875283,13.432743764172336
1788443928159_17B32A_BN5_6_080517_14901_133_73_filtered.wav,Forpus_passerinus,13.734603174603174,13.810068027210884
1788443928159_17B32A_BN5_6_080517_14901_133_73_filtered.wav,Forpus_passerinus,13.862312925170068,13.94938775510204
1788443928159_17B32A_BN5_6_080517_14901_133_73_filtered.wav,Forpus_passerinus,14.152562358276644,14.187392290249432
1788443928159_17B32A_BN5_6_080517_14901_133_73_filtered.wav,Forpus_passerinus,14.808526077097506,14.89560090702948
1788443928159_17B32A_BN5_6_080517_14901_133_73_filtered.wav,Forpus_passerinus,15.418049886621317,15.51092970521542
1788443928159_17B32A_BN5_6_080517_14901_133_73_filtered.wav,Forpus_passerinus,15.638639455782313,15.725714285714286
1788443928159_17B32A_BN5_6_080517_14901_133_73_filtered.wav,Forpus_passerinus,15.85342403628118,15.928888888888888
1788443928159_17B32A_BN5_6_080517_14901_133_73_filtered.wav,Forpus_passerinus,16.288798185941044,16.34684807256236
1788443928159_17B32A_BN5_6_080517_14901_133_73_filtered.wav,Forpus_passerinus,16.445532879818593,16.51519274376417
1788443928159_17B32A_BN5_6_080517_14901_133_73_filtered.wav,Forpus_passerinus,16.69514739229025,16.73578231292517
1788443928159_17B32A_BN5_6_080517_14901_133_73_filtered.wav,Forpus_passerinus,17.124716553287982,17.182766439909297
1788443928159_17B32A_BN5_6_080517_14901_133_73_filtered.wav,Forpus_passerinus,17.972244897959182,18.01868480725624
1788443928159_17B32A_BN5_6_080517_14901_133_73_filtered.wav,Forpus_passerinus,18.18702947845805,18.250884353741498
1788443928159_17B32A_BN5_6_080517_14901_133_73_filtered.wav,Forpus_passerinus,18.668843537414965,18.75591836734694
1788443928159_17B32A_BN5_6_080517_14901_133_73_filtered.wav,Forpus_passerinus,19.15065759637188,19.2087074829932
1788443928159_17B32A_BN5_6_080517_14901_133_73_filtered.wav,Forpus_passerinus,19.55120181405896,19.626666666666665
1788443928159_17B32A_BN5_6_080517_14901_133_73_filtered.wav,Forpus_passerinus,19.77179138321996,19.82403628117914
1788443928159_17B32A_BN5_6_080517_14901_133_73_filtered.wav,Forpus_passerinus,20.050430839002267,20.108480725623583
1788443928159_17B32A_BN5_6_080517_14901_133_73_filtered.wav,Forpus_passerinus,20.15492063492064,20.329070294784582
1788443928159_17B32A_BN5_6_080517_14901_133_73_filtered.wav,Forpus_passerinus,20.45097505668934,20.47419501133787
1788443928159_17B32A_BN5_6_080517_14901_133_73_filtered.wav,Forpus_passerinus,21.037278911564627,21.10113378684808
1788443928159_17B32A_BN5_6_080517_14901_133_73_filtered.wav,Forpus_passerinus,21.722267573696143,21.762902494331065
1788443928159_17B32A_BN5_6_080517_14901_133_73_filtered.wav,Forpus_passerinus,24.630566893424035,24.65959183673469
1788443928159_17B32A_BN5_6_080517_14901_133_73_filtered.wav,Forpus_passerinus,24.746666666666663,24.80471655328798
1788443928159_17B32A_BN5_6_080517_14901_133_73_filtered.wav,Forpus_passerinus,25.14140589569161,25.21687074829932
1788443928159_17B32A_BN5_6_080517_14901_133_73_filtered.wav,Forpus_passerinus,25.6,25.65804988662132
1788443928159_17B32A_BN5_6_080517_14901_133_73_filtered.wav,Forpus_passerinus,25.855419501133788,25.884444444444444
1788443928159_17B32A_BN5_6_080517_14901_133_73_filtered.wav,Forpus_passerinus,26.6681179138322,26.691337868480726
1788443928159_17B32A_BN5_6_080517_14901_133_73_filtered.wav,Forpus_passerinus,26.87709750566893,26.95836734693877
1788443928159_17B32A_BN5_6_080517_14901_133_73_filtered.wav,Forpus_passerinus,27.50984126984127,27.59691609977324
1788443928159_17B32A_BN5_6_080517_14901_133_73_filtered.wav,Forpus_passerinus,27.89297052154195,27.985850340136054
1788443928159_17B32A_BN5_6_080517_14901_133_73_filtered.wav,Forpus_passerinus,28.189024943310656,28.23546485260771
1788443928159_17B32A_BN5_6_080517_14901_133_73_filtered.wav,Forpus_passerinus,28.33995464852608,28.415419501133787
1788443928159_17B32A_BN5_6_080517_14901_133_73_filtered.wav,Forpus_passerinus,28.75210884353741,28.792743764172336
1788443928159_17B32A_BN5_6_080517_14901_133_73_filtered.wav,Forpus_passerinus,28.949478458049885,29.01333333333333
1788443928159_17B32A_BN5_6_080517_14901_133_73_filtered.wav,Forpus_passerinus,29.170068027210885,29.2455328798186
1788443928159_17B32A_BN5_6_080517_14901_133_73_filtered.wav,Forpus_passerinus,29.53578231292517,29.640272108843536
1788443928159_17B32A_BN5_6_080517_14901_133_73_filtered.wav,Forpus_passerinus,29.68090702947846,29.733151927437643
1788443928159_17B32A_BN5_6_080517_14901_133_73_filtered.wav,Forpus_passerinus,30.441360544217687,30.49360544217687
1788443928159_17B32A_BN5_6_080517_14901_133_73_filtered.wav,Forpus_passerinus,30.627120181405896,30.65034013605442
1788443928159_17B32A_BN5_6_080517_14901_133_73_filtered.wav,Forpus_passerinus,31.43401360544218,31.51528344671202
1788443928159_17B32A_BN5_6_080517_14901_133_73_filtered.wav,Forpus_passerinus,31.8984126984127,31.944852607709752
1788443928159_17B32A_BN5_6_080517_14901_133_73_filtered.wav,Forpus_passerinus,32.20607709750567,32.23510204081633
1788443928159_17B32A_BN5_6_080517_14901_133_73_filtered.wav,Forpus_passerinus,32.4324716553288,32.507936507936506
1788443928159_17B32A_BN5_6_080517_14901_133_73_filtered.wav,Forpus_passerinus,32.60081632653061,32.687891156462584
1788443928159_17B32A_BN5_6_080517_14901_133_73_filtered.wav,Forpus_passerinus,33.19873015873016,33.28
1788443928159_17B32A_BN5_6_080517_14901_133_73_filtered.wav,Forpus_passerinus,33.72698412698413,33.7966439909297
1788443928159_17B32A_BN5_6_080517_14901_133_73_filtered.wav,Forpus_passerinus,33.866303854875284,33.93015873015873
1788443928159_17B32A_BN5_6_080517_14901_133_73_filtered.wav,Forpus_passerinus,34.66739229024943,34.78349206349206
1788443928159_17B32A_BN5_6_080517_14901_133_73_filtered.wav,Forpus_passerinus,35.5091156462585,35.706485260770975
1788443928159_17B32A_BN5_6_080517_14901_133_73_filtered.wav,Forpus_passerinus,35.88643990929705,35.9677097505669
1788443928159_17B32A_BN5_6_080517_14901_133_73_filtered.wav,Forpus_passerinus,36.1708843537415,36.19410430839002
1788443928159_17B32A_BN5_6_080517_14901_133_73_filtered.wav,Forpus_passerinus,36.46113378684807,36.50757369614512
1788443928159_17B32A_BN5_6_080517_14901_133_73_filtered.wav,Forpus_passerinus,36.59464852607709,36.68172335600907
1788443928159_17B32A_BN5_6_080517_14901_133_73_filtered.wav,Forpus_passerinus,36.93714285714286,37.093877551020405
1788443928159_17B32A_BN5_6_080517_14901_133_73_filtered.wav,Forpus_passerinus,37.477006802721085,37.55827664399093
1788443928159_17B32A_BN5_6_080517_14901_133_73_filtered.wav,Forpus_passerinus,37.6453514739229,37.66857142857143
1788443928159_17B32A_BN5_6_080517_14901_133_73_filtered.wav,Forpus_passerinus,37.91238095238095,37.98784580498866
1788443928159_17B32A_BN5_6_080517_14901_133_73_filtered.wav,Forpus_passerinus,38.0865306122449,38.185215419501134
1788443928159_17B32A_BN5_6_080517_14901_133_73_filtered.wav,Forpus_passerinus,38.30712018140589,38.41160997732426
1788443928159_17B32A_BN5_6_080517_14901_133_73_filtered.wav,Forpus_passerinus,38.73668934240363,38.8237641723356
1788443928159_17B32A_BN5_6_080517_14901_133_73_filtered.wav,Forpus_passerinus,38.945668934240366,39.00952380952381
1788443928159_17B32A_BN5_6_080517_14901_133_73_filtered.wav,Forpus_passerinus,39.33460317460317,39.41587301587302
1788443928159_17B32A_BN5_6_080517_14901_133_73_filtered.wav,Forpus_passerinus,39.47392290249433,39.53777777777778
1788443928159_17B32A_BN5_6_080517_14901_133_73_filtered.wav,Forpus_passerinus,39.671292517006805,39.758367346938776
1788443928159_17B32A_BN5_6_080517_14901_133_73_filtered.wav,Forpus_passerinus,39.83963718820862,39.92671201814059
1788443928159_17B32A_BN5_6_080517_14901_133_73_filtered.wav,Forpus_passerinus,40.04281179138322,40.1298866213152
1788443928159_17B32A_BN5_6_080517_14901_133_73_filtered.wav,Forpus_passerinus,40.38530612244898,40.50140589569161
1788443928159_17B32A_BN5_6_080517_14901_133_73_filtered.wav,Forpus_passerinus,40.59428571428571,40.68136054421769
1788443928159_17B32A_BN5_6_080517_14901_133_73_filtered.wav,Forpus_passerinus,40.76843537414966,40.79746031746032
1788443928159_17B32A_BN5_6_080517_14901_133_73_filtered.wav,Forpus_passerinus,41.05287981859411,41.13995464852608
1788443928159_17B32A_BN5_6_080517_14901_133_73_filtered.wav,Forpus_passerinus,41.23863945578231,41.30249433106576
1788443928159_17B32A_BN5_6_080517_14901_133_73_filtered.wav,Forpus_passerinus,41.61596371882087,41.67401360544218
1788443928159_17B32A_BN5_6_080517_14901_133_73_filtered.wav,Forpus_passerinus,41.76689342403628,41.84816326530612
1788443928159_17B32A_BN5_6_080517_14901_133_73_filtered.wav,Forpus_passerinus,41.98748299319728,42.0281179138322
1788443928159_17B32A_BN5_6_080517_14901_133_73_filtered.wav,Forpus_passerinus,42.25451247165533,42.324172335600906
1788443928159_17B32A_BN5_6_080517_14901_133_73_filtered.wav,Forpus_passerinus,42.4692970521542,42.52154195011338
1788443928159_17B32A_BN5_6_080517_14901_133_73_filtered.wav,Forpus_passerinus,42.82920634920635,42.8756462585034
1788443928159_17B32A_BN5_6_080517_14901_133_73_filtered.wav,Forpus_passerinus,43.02077097505669,43.090430839002266
1788443928159_17B32A_BN5_6_080517_14901_133_73_filtered.wav,Forpus_passerinus,43.60126984126984,43.68834467120181
1788443928159_17B32A_BN5_6_080517_14901_133_73_filtered.wav,Forpus_passerinus,43.82766439909297,43.93795918367347
1788443928159_17B32A_BN5_6_080517_14901_133_73_filtered.wav,Forpus_passerinus,44.0540589569161,44.14693877551021
1788443928159_17B32A_BN5_6_080517_14901_133_73_filtered.wav,Forpus_passerinus,44.30947845804989,44.390748299319725
1788443928159_17B32A_BN5_6_080517_14901_133_73_filtered.wav,Forpus_passerinus,44.57650793650794,44.63455782312925
1788443928159_17B32A_BN5_6_080517_14901_133_73_filtered.wav,Forpus_passerinus,44.76226757369614,44.82031746031746
1788443928159_17B32A_BN5_6_080517_14901_133_73_filtered.wav,Forpus_passerinus,44.9015873015873,44.97124716553288
1788443928159_17B32A_BN5_6_080517_14901_133_73_filtered.wav,Forpus_passerinus,45.11637188208617,45.31954648526077
1788443928159_17B32A_BN5_6_080517_14901_133_73_filtered.wav,Forpus_passerinus,45.43564625850341,45.63301587301587
1788443928159_17B32A_BN5_6_080517_14901_133_73_filtered.wav,Forpus_passerinus,45.760725623582765,45.86521541950113
1788443928159_17B32A_BN5_6_080517_14901_133_73_filtered.wav,Forpus_passerinus,45.9697052154195,45.99873015873016
1788443928159_17B32A_BN5_6_080517_14901_133_73_filtered.wav,Forpus_passerinus,46.04517006802721,46.09160997732426
1788443928159_17B32A_BN5_6_080517_14901_133_73_filtered.wav,Forpus_passerinus,46.23673469387755,46.32961451247166
1788443928159_17B32A_BN5_6_080517_14901_133_73_filtered.wav,Forpus_passerinus,46.44571428571429,46.49795918367347
1788443928159_17B32A_BN5_6_080517_14901_133_73_filtered.wav,Forpus_passerinus,46.63727891156463,46.66049886621315
1788443928159_17B32A_BN5_6_080517_14901_133_73_filtered.wav,Forpus_passerinus,46.985578231292514,47.0378231292517
1788443928159_17B32A_BN5_6_080517_14901_133_73_filtered.wav,Forpus_passerinus,47.40353741496599,47.4790022675737
1788443928159_17B32A_BN5_6_080517_14901_133_73_filtered.wav,Forpus_passerinus,47.53705215419501,47.60671201814059
1788443928159_17B32A_BN5_6_080517_14901_133_73_filtered.wav,Forpus_passerinus,47.78086167800453,47.83310657596372
1788443928159_17B32A_BN5_6_080517_14901_133_73_filtered.wav,Forpus_passerinus,48.18721088435374,48.22784580498866
1788443928159_17B32A_BN5_6_080517_14901_133_73_filtered.wav,Forpus_passerinus,48.69224489795919,48.75609977324263
1788443928159_17B32A_BN5_6_080517_14901_133_73_filtered.wav,Forpus_passerinus,48.883809523809525,48.94185941043084
1788443928159_17B32A_BN5_6_080517_14901_133_73_filtered.wav,Forpus_passerinus,49.046349206349205,49.092789115646255
1788443928159_17B32A_BN5_6_080517_14901_133_73_filtered.wav,Forpus_passerinus,49.191473922902496,49.27854875283447
1788443928159_17B32A_BN5_6_080517_14901_133_73_filtered.wav,Forpus_passerinus,49.34240362811792,49.44108843537415
1788443928159_17B32A_BN5_6_080517_14901_133_73_filtered.wav,Forpus_passerinus,49.68489795918367,49.75455782312925
1788443928159_17B32A_BN5_6_080517_14901_133_73_filtered.wav,Forpus_passerinus,49.92290249433107,49.96934240362812
1788443928159_17B32A_BN5_6_080517_14901_133_73_filtered.wav,Forpus_passerinus,50.09705215419501,50.16090702947846
1788443928159_17B32A_BN5_6_080517_14901_133_73_filtered.wav,Forpus_passerinus,50.329251700680274,50.38730158730159
1788443928159_17B32A_BN5_6_080517_14901_133_73_filtered.wav,Forpus_passerinus,50.88072562358277,50.944580498866216
1788443928159_17B32A_BN5_6_080517_14901_133_73_filtered.wav,Forpus_passerinus,51.05487528344671,51.11873015873016
1788443928159_17B32A_BN5_6_080517_14901_133_73_filtered.wav,Forpus_passerinus,51.20580498866213,51.28707482993197
1788443928159_17B32A_BN5_6_080517_14901_133_73_filtered.wav,Forpus_passerinus,51.374149659863946,51.45541950113379
1788443928159_17B32A_BN5_6_080517_14901_133_73_filtered.wav,Forpus_passerinus,51.5134693877551,51.70503401360544
1788443928159_17B32A_BN5_6_080517_14901_133_73_filtered.wav,Forpus_passerinus,51.91401360544218,52.09396825396826
1788443928159_17B32A_BN5_6_080517_14901_133_73_filtered.wav,Forpus_passerinus,52.29133786848072,52.34938775510204
1788443928159_17B32A_BN5_6_080517_14901_133_73_filtered.wav,Forpus_passerinus,52.453877551020405,52.53514739229025
1788443928159_17B32A_BN5_6_080517_14901_133_73_filtered.wav,Forpus_passerinus,52.59319727891157,52.68027210884354
1788443928159_17B32A_BN5_6_080517_14901_133_73_filtered.wav,Forpus_passerinus,52.78476190476191,52.906666666666666
1788443928159_17B32A_BN5_6_080517_14901_133_73_filtered.wav,Forpus_passerinus,53.25496598639456,53.318820861678006
1788443928159_17B32A_BN5_6_080517_14901_133_73_filtered.wav,Forpus_passerinus,53.52199546485261,53.59746031746032
1788443928159_17B32A_BN5_6_080517_14901_133_73_filtered.wav,Forpus_passerinus,53.88190476190477,53.9631746031746
1788443928159_17B32A_BN5_6_080517_14901_133_73_filtered.wav,Forpus_passerinus,54.02122448979592,54.114104308390026
1788443928159_17B32A_BN5_6_080517_14901_133_73_filtered.wav,Forpus_passerinus,54.24181405895692,54.45079365079365
1788443928159_17B32A_BN5_6_080517_14901_133_73_filtered.wav,Forpus_passerinus,54.79909297052154,54.86294784580499
1788443928159_17B32A_BN5_6_080517_14901_133_73_filtered.wav,Forpus_passerinus,54.96743764172336,55.0487074829932
1788443928159_17B32A_BN5_6_080517_14901_133_73_filtered.wav,Forpus_passerinus,55.20544217687075,55.27510204081633
1788443928159_17B32A_BN5_6_080517_14901_133_73_filtered.wav,Forpus_passerinus,55.47827664399093,55.53632653061224
1788443928159_17B32A_BN5_6_080517_14901_133_73_filtered.wav,Forpus_passerinus,55.79755102040816,55.838185941043086
1788443928159_17B32A_BN5_6_080517_14901_133_73_filtered.wav,Forpus_passerinus,56.35482993197279,56.41868480725624
1788443928159_17B32A_BN5_6_080517_14901_133_73_filtered.wav,Forpus_passerinus,56.70312925170068,56.726349206349205
1788443928159_17B32A_BN5_6_080517_14901_133_73_filtered.wav,Forpus_passerinus,56.82503401360544,56.88308390022676
1788443928159_17B32A_BN5_6_080517_14901_133_73_filtered.wav,Forpus_passerinus,56.9643537414966,57.0572335600907
1788443928159_17B32A_BN5_6_080517_14901_133_73_filtered.wav,Forpus_passerinus,57.17913832199547,57.2604081632653
1788443928159_17B32A_BN5_6_080517_14901_133_73_filtered.wav,Forpus_passerinus,57.42875283446712,57.51582766439909
1788443928159_17B32A_BN5_6_080517_14901_133_73_filtered.wav,Forpus_passerinus,57.56226757369615,57.66095238095238
1788443928159_17B32A_BN5_6_080517_14901_133_73_filtered.wav,Forpus_passerinus,57.90476190476191,57.99183673469388
1788443928159_17B32A_BN5_6_080517_14901_133_73_filtered.wav,Forpus_passerinus,58.21242630385488,58.29950113378685
1788443928159_17B32A_BN5_6_080517_14901_133_73_filtered.wav,Forpus_passerinus,58.49106575963719,58.57814058956916
1788443928159_17B32A_BN5_6_080517_14901_133_73_filtered.wav,Forpus_passerinus,58.63619047619048,58.71746031746032
1788443928159_17B32A_BN5_6_080517_14901_133_73_filtered.wav,Forpus_passerinus,58.92643990929705,58.9902947845805
1788443928159_17B32A_BN5_6_080517_14901_133_73_filtered.wav,Forpus_passerinus,59.216689342403626,59.292154195011335
1788443928159_17B32A_BN5_6_080517_14901_133_73_filtered.wav,Forpus_passerinus,59.3966439909297,59.47791383219955
1788443928159_17B32A_BN5_6_080517_14901_133_73_filtered.wav,Forpus_passerinus,59.7449433106576,59.80299319727891
1788443928159_17B32A_BN5_6_080517_14901_133_73_filtered.wav,Forpus_passerinus,59.953922902494334,60.011972789115646
1788443928159_17B32A_BN5_6_080517_14901_133_73_filtered.wav,Forpus_passerinus,60.13968253968254,60.22095238095238
1788443928159_17B32A_BN5_6_080517_14901_133_73_filtered.wav,Forpus_passerinus,60.31963718820862,60.3892970521542
1788443928159_17B32A_BN5_6_080517_14901_133_73_filtered.wav,Forpus_passerinus,60.49378684807256,60.55183673469388
1788443928159_17B32A_BN5_6_080517_14901_133_73_filtered.wav,Forpus_passerinus,60.7027664399093,60.76081632653061
1788443928159_17B32A_BN5_6_080517_14901_133_73_filtered.wav,Forpus_passerinus,61.49804988662132,61.5502947845805
1788443928159_17B32A_BN5_6_080517_14901_133_73_filtered.wav,Forpus_passerinus,61.59673469387755,61.648979591836735
1788443928159_17B32A_BN5_6_080517_14901_133_73_filtered.wav,Forpus_passerinus,61.78249433106576,61.84634920634921
1788443928159_17B32A_BN5_6_080517_14901_133_73_filtered.wav,Forpus_passerinus,61.910204081632656,61.97986394557823
1788443928159_17B32A_BN5_6_080517_14901_133_73_filtered.wav,Forpus_passerinus,62.21786848072562,62.27591836734694
1788443928159_17B32A_BN5_6_080517_14901_133_73_filtered.wav,Forpus_passerinus,62.33396825396825,62.44426303854876
1788443928159_17B32A_BN5_6_080517_14901_133_73_filtered.wav,Forpus_passerinus,62.70548752834467,62.76934240362812
1788443928159_17B32A_BN5_6_080517_14901_133_73_filtered.wav,Forpus_passerinus,62.97251700680272,63.05378684807256
1788443928159_17B32A_BN5_6_080517_14901_133_73_filtered.wav,Forpus_passerinus,63.10603174603175,63.19891156462585
1788443928159_17B32A_BN5_6_080517_14901_133_73_filtered.wav,Forpus_passerinus,63.26857142857143,63.344036281179136
1788443928159_17B32A_BN5_6_080517_14901_133_73_filtered.wav,Forpus_passerinus,63.43691609977324,63.47755102040816
1788443928159_17B32A_BN5_6_080517_14901_133_73_filtered.wav,Forpus_passerinus,63.6691156462585,63.76199546485261
1788443928159_17B32A_BN5_6_080517_14901_133_73_filtered.wav,Forpus_passerinus,63.84326530612245,63.87809523809524
1788443928159_17B32A_BN5_6_080517_14901_133_73_filtered.wav,Forpus_passerinus,64.58630385487528,64.66757369614513
1788443928159_17B32A_BN5_6_080517_14901_133_73_filtered.wav,Forpus_passerinus,64.76625850340136,64.83011337868481
1788443928159_17B32A_BN5_6_080517_14901_133_73_filtered.wav,Forpus_passerinus,64.96362811791383,65.04489795918367
1788443928159_17B32A_BN5_6_080517_14901_133_73_filtered.wav,Forpus_passerinus,65.09714285714286,65.12036281179138
1788443928159_17B32A_BN5_6_080517_14901_133_73_filtered.wav,Forpus_passerinus,65.15519274376418,65.1784126984127
1788443928159_17B32A_BN5_6_080517_14901_133_73_filtered.wav,Forpus_passerinus,65.2712925170068,65.42222222222222
1788443928159_17B32A_BN5_6_080517_14901_133_73_filtered.wav,Forpus_passerinus,65.46866213151928,65.70086167800453
1788443928159_17B32A_BN5_6_080517_14901_133_73_filtered.wav,Forpus_passerinus,66.05496598639456,66.09560090702948
1788443928159_17B32A_BN5_6_080517_14901_133_73_filtered.wav,Forpus_passerinus,66.31038548752835,66.38004535147392
1788443928159_17B32A_BN5_6_080517_14901_133_73_filtered.wav,Forpus_passerinus,66.50195011337868,66.55419501133787
1788443928159_17B32A_BN5_6_080517_14901_133_73_filtered.wav,Forpus_passerinus,66.83863945578231,66.89668934240363
1788443928159_17B32A_BN5_6_080517_14901_133_73_filtered.wav,Forpus_passerinus,67.1288888888889,67.2043537414966
1788443928159_17B32A_BN5_6_080517_14901_133_73_filtered.wav,Forpus_passerinus,67.32045351473923,67.40172335600907
1788443928159_17B32A_BN5_6_080517_14901_133_73_filtered.wav,Forpus_passerinus,67.55265306122449,67.65133786848072
1788443928159_17B32A_BN5_6_080517_14901_133_73_filtered.wav,Forpus_passerinus,67.82548752834467,67.98222222222222
1788443928159_17B32A_BN5_6_080517_14901_133_73_filtered.wav,Forpus_passerinus,68.3653514739229,68.42340136054422
1788443928159_17B32A_BN5_6_080517_14901_133_73_filtered.wav,Forpus_passerinus,68.46403628117913,68.53369614512472
1788443928159_17B32A_BN5_6_080517_14901_133_73_filtered.wav,Forpus_passerinus,68.62077097505669,68.6962358276644
1788443928159_17B32A_BN5_6_080517_14901_133_73_filtered.wav,Forpus_passerinus,68.76009070294785,68.83555555555556
1788443928159_17B32A_BN5_6_080517_14901_133_73_filtered.wav,Forpus_passerinus,68.94585034013605,68.98648526077098
1788443928159_17B32A_BN5_6_080517_14901_133_73_filtered.wav,Forpus_passerinus,69.48571428571428,69.5437641723356
1788443928159_17B32A_BN5_6_080517_14901_133_73_filtered.wav,Forpus_passerinus,69.6540589569161,69.72371882086168
1788443928159_17B32A_BN5_6_080517_14901_133_73_filtered.wav,Forpus_passerinus,71.18657596371882,71.26204081632653
1788443928159_17B32A_BN5_6_080517_14901_133_73_filtered.wav,Forpus_passerinus,71.3317006802721,71.40716553287982
1788443928159_17B32A_BN5_6_080517_14901_133_73_filtered.wav,Forpus_passerinus,71.51746031746032,71.60453514739228
1788443928159_17B32A_BN5_6_080517_14901_133_73_filtered.wav,Forpus_passerinus,71.65097505668935,71.79609977324263
1788443928159_17B32A_BN5_6_080517_14901_133_73_filtered.wav,Forpus_passerinus,71.91800453514739,71.99927437641723
1788443928159_17B32A_BN5_6_080517_14901_133_73_filtered.wav,Forpus_passerinus,72.12117913832199,72.17922902494331
1788443928159_17B32A_BN5_6_080517_14901_133_73_filtered.wav,Forpus_passerinus,72.2314739229025,72.35918367346939
1788443928159_17B32A_BN5_6_080517_14901_133_73_filtered.wav,Forpus_passerinus,72.41142857142857,72.49269841269842
1788443928159_17B32A_BN5_6_080517_14901_133_73_filtered.wav,Forpus_passerinus,72.88743764172335,72.96290249433106
1788443928159_17B32A_BN5_6_080517_14901_133_73_filtered.wav,Forpus_passerinus,73.03836734693877,73.12544217687075
1788443928159_17B32A_BN5_6_080517_14901_133_73_filtered.wav,Forpus_passerinus,73.27056689342403,73.35764172335601
1788443928159_17B32A_BN5_6_080517_14901_133_73_filtered.wav,Forpus_passerinus,73.67691609977324,73.75238095238095
1788443928159_17B32A_BN5_6_080517_14901_133_73_filtered.wav,Forpus_passerinus,73.87428571428572,73.93814058956916
1788443928159_17B32A_BN5_6_080517_14901_133_73_filtered.wav,Forpus_passerinus,74.1122902494331,74.18775510204081
1788443928159_17B32A_BN5_6_080517_14901_133_73_filtered.wav,Forpus_passerinus,74.30385487528345,74.37931972789116
1788443928159_17B32A_BN5_6_080517_14901_133_73_filtered.wav,Forpus_passerinus,74.43736961451248,74.50122448979592
1788443928159_17B32A_BN5_6_080517_14901_133_73_filtered.wav,Forpus_passerinus,75.22684807256236,75.25006802721089
1788443928159_17B32A_BN5_6_080517_14901_133_73_filtered.wav,Forpus_passerinus,75.64480725623582,75.85378684807256
1788443928159_17B32A_BN5_6_080517_14901_133_73_filtered.wav,Forpus_passerinus,75.98149659863945,76.07437641723357
1788443928159_17B32A_BN5_6_080517_14901_133_73_filtered.wav,Forpus_passerinus,76.11501133786848,76.19047619047619
1788443928159_17B32A_BN5_6_080517_14901_133_73_filtered.wav,Forpus_passerinus,76.2659410430839,76.36462585034013
1788443928159_17B32A_BN5_6_080517_14901_133_73_filtered.wav,Forpus_passerinus,77.50820861678004,77.57206349206349
1788443928159_17B32A_BN5_6_080517_14901_133_73_filtered.wav,Forpus_passerinus,77.68816326530612,77.71138321995466
1788443928159_17B32A_BN5_6_080517_14901_133_73_filtered.wav,Forpus_passerinus,77.87972789115646,77.90875283446712
1788443928159_17B32A_BN5_6_080517_14901_133_73_filtered.wav,Forpus_passerinus,78.56471655328798,78.68662131519274
1788443928159_17B32A_BN5_6_080517_14901_133_73_filtered.wav,Forpus_passerinus,78.76789115646258,78.79691609977324
1788443928159_17B32A_BN5_6_080517_14901_133_73_filtered.wav,Forpus_passerinus,78.85496598639456,78.90721088435374
1788443928159_17B32A_BN5_6_080517_14901_133_73_filtered.wav,Forpus_passerinus,79.03492063492064,79.1219954648526
1788443928159_17B32A_BN5_6_080517_14901_133_73_filtered.wav,Forpus_passerinus,79.27292517006802,79.34258503401361
1788443928159_17B32A_BN5_6_080517_14901_133_73_filtered.wav,Forpus_passerinus,79.49931972789116,79.53414965986394
1788443928159_17B32A_BN5_6_080517_14901_133_73_filtered.wav,Forpus_passerinus,80.77061224489796,80.8518820861678
1788443928159_17B32A_BN5_6_080517_14901_133_73_filtered.wav,Forpus_passerinus,80.92154195011338,81.0724716553288
1788443928159_17B32A_BN5_6_080517_14901_133_73_filtered.wav,Forpus_passerinus,81.25242630385488,81.32208616780045
1788443928159_17B32A_BN5_6_080517_14901_133_73_filtered.wav,Forpus_passerinus,81.40916099773243,81.478820861678
1788443928159_17B32A_BN5_6_080517_14901_133_73_filtered.wav,Forpus_passerinus,81.58331065759637,81.64716553287982
1788443928159_17B32A_BN5_6_080517_14901_133_73_filtered.wav,Forpus_passerinus,81.78068027210884,81.85034013605443
1788443928159_17B32A_BN5_6_080517_14901_133_73_filtered.wav,Forpus_passerinus,82.00126984126985,82.07092970521542
1788443928159_17B32A_BN5_6_080517_14901_133_73_filtered.wav,Forpus_passerinus,84.6077097505669,84.67736961451247
1788443928159_17B32A_BN5_6_080517_14901_133_73_filtered.wav,Forpus_passerinus,84.83410430839002,84.86893424036282
1788443928159_17B32A_BN5_6_080517_14901_133_73_filtered.wav,Forpus_passerinus,85.08371882086168,85.15918367346939
1788443928159_17B32A_BN5_6_080517_14901_133_73_filtered.wav,Forpus_passerinus,85.35655328798185,85.39138321995465
1788443928159_17B32A_BN5_6_080517_14901_133_73_filtered.wav,Forpus_passerinus,85.51909297052154,85.56553287981859
1788443928159_17B32A_BN5_6_080517_14901_133_73_filtered.wav,Forpus_passerinus,85.8615873015873,85.94285714285714
1788443928159_17B32A_BN5_6_080517_14901_133_73_filtered.wav,Forpus_passerinus,86.01832199546486,86.09378684807257
1788443928159_17B32A_BN5_6_080517_14901_133_73_filtered.wav,Forpus_passerinus,86.1924716553288,86.27374149659865
1788443928159_17B32A_BN5_6_080517_14901_133_73_filtered.wav,Forpus_passerinus,86.38403628117914,86.47691609977325
1788443928159_17B32A_BN5_6_080517_14901_133_73_filtered.wav,Forpus_passerinus,86.51755102040816,86.77877551020408
1788443928159_17B32A_BN5_6_080517_14901_133_73_filtered.wav,Forpus_passerinus,86.89487528344671,86.95873015873016
1788443928159_17B32A_BN5_6_080517_14901_133_73_filtered.wav,Forpus_passerinus,88.25324263038549,88.3287074829932
1788443928159_17B32A_BN5_6_080517_14901_133_73_filtered.wav,Forpus_passerinus,88.67120181405896,88.69442176870749
1788443928159_17B32A_BN5_6_080517_14901_133_73_filtered.wav,Forpus_passerinus,88.97886621315193,89.02530612244898
1788443928159_17B32A_BN5_6_080517_14901_133_73_filtered.wav,Forpus_passerinus,89.13560090702948,89.19945578231292
1788443928159_17B32A_BN5_6_080517_14901_133_73_filtered.wav,Forpus_passerinus,89.33877551020409,89.52453514739229
1788443928159_17B32A_BN5_6_080517_14901_133_73_filtered.wav,Forpus_passerinus,89.97732426303855,90.03537414965986
1788443928159_17B32A_BN5_6_080517_14901_133_73_filtered.wav,Forpus_passerinus,90.8887074829932,90.95836734693876
1788443928159_17B32A_BN5_6_080517_14901_133_73_filtered.wav,Forpus_passerinus,91.49242630385488,91.5504761904762
1788443928159_17B32A_BN5_6_080517_14901_133_73_filtered.wav,Forpus_passerinus,91.76526077097506,91.83492063492064
1788443928159_17B32A_BN5_6_080517_14901_133_73_filtered.wav,Forpus_passerinus,92.02068027210883,92.07292517006805
1788443928159_17B32A_BN5_6_080517_14901_133_73_filtered.wav,Forpus_passerinus,92.6766439909297,92.75791383219956
1788443928159_17B32A_BN5_6_080517_14901_133_73_filtered.wav,Forpus_passerinus,92.81015873015872,92.86820861678004
1788443928159_17B32A_BN5_6_080517_14901_133_73_filtered.wav,Forpus_passerinus,93.36743764172336,93.48353741496598
1788443928159_17B32A_BN5_6_080517_14901_133_73_filtered.wav,Forpus_passerinus,93.66349206349206,93.73895691609977
1788443928159_17B32A_BN5_6_080517_14901_133_73_filtered.wav,Forpus_passerinus,93.89569160997732,93.93052154195011
1788443928159_17B32A_BN5_6_080517_14901_133_73_filtered.wav,Forpus_passerinus,93.98857142857145,94.0930612244898
1788443928159_17B32A_BN5_6_080517_14901_133_73_filtered.wav,Forpus_passerinus,94.23818594104308,94.2614058956916
1788443928159_17B32A_BN5_6_080517_14901_133_73_filtered.wav,Forpus_passerinus,94.39492063492064,94.4645804988662
1788443928159_17B32A_BN5_6_080517_14901_133_73_filtered.wav,Forpus_passerinus,95.45142857142856,95.51528344671202
1788443928159_17B32A_BN5_6_080517_14901_133_73_filtered.wav,Forpus_passerinus,97.36126984126984,97.40190476190476
1788443928159_17B32A_BN5_6_080517_14901_133_73_filtered.wav,Forpus_passerinus,97.4831746031746,97.5354195011338
1788443928159_17B32A_BN5_6_080517_14901_133_73_filtered.wav,Forpus_passerinus,97.73278911564626,97.81986394557823
1788443928159_17B32A_BN5_6_080517_14901_133_73_filtered.wav,Forpus_passerinus,97.86049886621316,97.93015873015872
1788443928159_17B32A_BN5_6_080517_14901_133_73_filtered.wav,Forpus_passerinus,98.02884353741496,98.09850340136056
1788443928159_17B32A_BN5_6_080517_14901_133_73_filtered.wav,Forpus_passerinus,98.1449433106576,98.2204081632653
1788443928159_17B32A_BN5_6_080517_14901_133_73_filtered.wav,Forpus_passerinus,98.27845804988662,98.35392290249432
1788443928159_17B32A_BN5_6_080517_14901_133_73_filtered.wav,Forpus_passerinus,98.42938775510204,98.54548752834468
1788443928159_17B32A_BN5_6_080517_14901_133_73_filtered.wav,Forpus_passerinus,98.78349206349206,98.8647619047619
1788443928159_17B32A_BN5_6_080517_14901_133_73_filtered.wav,Forpus_passerinus,99.14920634920637,99.20725623582769
1788443928159_17B32A_BN5_6_080517_14901_133_73_filtered.wav,Forpus_passerinus,99.31755102040816,99.4510657596372
1788443928159_17B32A_BN5_6_080517_14901_133_73_filtered.wav,Forpus_passerinus,99.67746031746032,99.75292517006802
1788443928159_17B32A_BN5_6_080517_14901_133_73_filtered.wav,Forpus_passerinus,99.84,99.9328798185941
1788443928159_17B32A_BN5_6_080517_14901_133_73_filtered.wav,Forpus_passerinus,100.03156462585034,100.0780045351474
1788443928159_17B32A_BN5_6_080517_14901_133_73_filtered.wav,Forpus_passerinus,100.16507936507936,100.23473922902494
1788443928159_17B32A_BN5_6_080517_14901_133_73_filtered.wav,Forpus_passerinus,100.49596371882086,100.58303854875284
1788443928159_17B32A_BN5_6_080517_14901_133_73_filtered.wav,Forpus_passerinus,100.84426303854876,100.93133786848072
1788443928159_17B32A_BN5_6_080517_14901_133_73_filtered.wav,Forpus_passerinus,101.0009977324263,101.07065759637187
1788443928159_17B32A_BN5_6_080517_14901_133_73_filtered.wav,Forpus_passerinus,101.13451247165531,101.2215873015873
1788443928159_17B32A_BN5_6_080517_14901_133_73_filtered.wav,Forpus_passerinus,101.43056689342404,101.51183673469389
1788443928159_17B32A_BN5_6_080517_14901_133_73_filtered.wav,Forpus_passerinus,101.67437641723356,101.738231292517
1788443928159_17B32A_BN5_6_080517_14901_133_73_filtered.wav,Forpus_passerinus,101.7730612244898,101.8485260770975
1788443928159_17B32A_BN5_6_080517_14901_133_73_filtered.wav,Forpus_passerinus,101.92979591836736,102.13877551020408
1788443928159_17B32A_BN5_6_080517_14901_133_73_filtered.wav,Forpus_passerinus,102.31292517006804,102.39419501133789
1788443928159_17B32A_BN5_6_080517_14901_133_73_filtered.wav,Forpus_passerinus,102.44643990929706,102.5277097505669
1788443928159_17B32A_BN5_6_080517_14901_133_73_filtered.wav,Forpus_passerinus,102.620589569161,102.68444444444444
1788443928159_17B32A_BN5_6_080517_14901_133_73_filtered.wav,Forpus_passerinus,102.85278911564626,103.061768707483
1788443928159_17B32A_BN5_6_080517_14901_133_73_filtered.wav,Forpus_passerinus,103.47392290249434,103.56680272108844
1788443928159_17B32A_BN5_6_080517_14901_133_73_filtered.wav,Forpus_passerinus,103.99056689342405,104.02539682539684
1788443928159_17B32A_BN5_6_080517_14901_133_73_filtered.wav,Forpus_passerinus,104.1298866213152,104.27501133786848
1788443928159_17B32A_BN5_6_080517_14901_133_73_filtered.wav,Forpus_passerinus,104.73360544217688,104.78585034013604
1788443928159_17B32A_BN5_6_080517_14901_133_73_filtered.wav,Forpus_passerinus,105.13995464852609,105.1980045351474
1788443928159_17B32A_BN5_6_080517_14901_133_73_filtered.wav,Forpus_passerinus,105.56952380952382,105.66820861678003
1788443928159_17B32A_BN5_6_080517_14901_133_73_filtered.wav,Forpus_passerinus,106.26031746031748,106.31836734693876
1788443928159_17B32A_BN5_6_080517_14901_133_73_filtered.wav,Forpus_passerinus,106.52154195011336,106.57959183673468
1788443928159_17B32A_BN5_6_080517_14901_133_73_filtered.wav,Forpus_passerinus,107.02077097505668,107.078820861678
1788443928159_17B32A_BN5_6_080517_14901_133_73_filtered.wav,Forpus_passerinus,107.30521541950114,107.42131519274376
1788443928159_17B32A_BN5_6_080517_14901_133_73_filtered.wav,Forpus_passerinus,107.53160997732428,107.6651247165533
1788443928159_17B32A_BN5_6_080517_14901_133_73_filtered.wav,Forpus_passerinus,107.80444444444444,107.96698412698412
1788443928159_17B32A_BN5_6_080517_14901_133_73_filtered.wav,Forpus_passerinus,108.14113378684809,108.181768707483
1788443928159_17B32A_BN5_6_080517_14901_133_73_filtered.wav,Forpus_passerinus,108.23401360544216,108.40816326530611
1788443928159_17B32A_BN5_6_080517_14901_133_73_filtered.wav,Forpus_passerinus,108.53006802721087,108.5707029478458
1788443928159_17B32A_BN5_6_080517_14901_133_73_filtered.wav,Forpus_passerinus,108.6055328798186,108.84934240362811
1788443928159_17B32A_BN5_6_080517_14901_133_73_filtered.wav,Forpus_passerinus,108.94222222222224,109.06993197278912
1788443928159_17B32A_BN5_6_080517_14901_133_73_filtered.wav,Forpus_passerinus,109.1047619047619,109.19183673469388
1788443928159_17B32A_BN5_6_080517_14901_133_73_filtered.wav,Forpus_passerinus,109.3079365079365,109.33115646258504
1788443928159_17B32A_BN5_6_080517_14901_133_73_filtered.wav,Forpus_passerinus,109.37179138321996,109.4530612244898
1788443928159_17B32A_BN5_6_080517_14901_133_73_filtered.wav,Forpus_passerinus,109.55755102040816,109.96390022675736
1788443928159_17B32A_BN5_6_080517_14901_133_73_filtered.wav,Forpus_passerinus,110.08,110.10321995464852
1788443928159_17B32A_BN5_6_080517_14901_133_73_filtered.wav,Forpus_passerinus,110.39927437641724,110.60244897959184
1788443928159_17B32A_BN5_6_080517_14901_133_73_filtered.wav,Forpus_passerinus,110.66049886621316,110.7243537414966
1788443928159_17B32A_BN5_6_080517_14901_133_73_filtered.wav,Forpus_passerinus,110.77659863945578,110.9797732426304
1788443928159_17B32A_BN5_6_080517_14901_133_73_filtered.wav,Forpus_passerinus,111.182947845805,112.30331065759636
1788443928159_17B32A_BN5_6_080517_14901_133_73_filtered.wav,Forpus_passerinus,113.3365986394558,113.37142857142857
1788443928159_17B32A_BN5_6_080517_14901_133_73_filtered.wav,Forpus_passerinus,113.82421768707484,113.89968253968254
1788443928159_17B32A_BN5_6_080517_14901_133_73_filtered.wav,Forpus_passerinus,114.0215873015873,114.10285714285716
1788443928159_17B32A_BN5_6_080517_14901_133_73_filtered.wav,Forpus_passerinus,114.15510204081632,114.23637188208616
1788443928159_17B32A_BN5_6_080517_14901_133_73_filtered.wav,Forpus_passerinus,114.32344671201814,114.5208163265306
1788443928159_17B32A_BN5_6_080517_14901_133_73_filtered.wav,Forpus_passerinus,114.6833560090703,114.758820861678
1788443928159_17B32A_BN5_6_080517_14901_133_73_filtered.wav,Forpus_passerinus,114.93877551020408,115.00263038548754
1788443928159_17B32A_BN5_6_080517_14901_133_73_filtered.wav,Forpus_passerinus,115.61795918367346,115.67600907029478
1788443928159_17B32A_BN5_6_080517_14901_133_73_filtered.wav,Forpus_passerinus,116.12299319727892,116.1752380952381
1788443928159_17B32A_BN5_6_080517_14901_133_73_filtered.wav,Forpus_passerinus,116.60480725623584,116.7092970521542
1788443928159_17B32A_BN5_6_080517_14901_133_73_filtered.wav,Forpus_passerinus,116.94149659863946,117.01115646258503
1788443928159_17B32A_BN5_6_080517_14901_133_73_filtered.wav,Forpus_passerinus,117.43492063492064,117.46394557823128
1788443928159_17B32A_BN5_6_080517_14901_133_73_filtered.wav,Forpus_passerinus,117.70195011337869,117.7425850340136
1788443928159_17B32A_BN5_6_080517_14901_133_73_filtered.wav,Forpus_passerinus,118.10829931972788,118.13732426303856
1788443928159_17B32A_BN5_6_080517_14901_133_73_filtered.wav,Forpus_passerinus,118.4043537414966,118.46820861678005
1788443928159_17B32A_BN5_6_080517_14901_133_73_filtered.wav,Forpus_passerinus,118.57850340136056,118.60172335600907
1788443928159_17B32A_BN5_6_080517_14901_133_73_filtered.wav,Forpus_passerinus,118.97324263038549,119.07192743764172
1788443928159_17B32A_BN5_6_080517_14901_133_73_filtered.wav,Forpus_passerinus,119.24607709750566,119.29251700680273
1788443928159_17B32A_BN5_6_080517_14901_133_73_filtered.wav,Forpus_passerinus,119.49569160997731,119.59437641723356
1788443928159_17B32A_BN5_6_080517_14901_133_73_filtered.wav,Forpus_passerinus,119.66403628117914,119.75691609977324
1788443928159_17B32A_BN5_6_080517_14901_133_73_filtered.wav,Forpus_passerinus,119.8614058956916,120.14004535147392
1788443928159_17B32A_BN5_6_080517_14901_133_73_filtered.wav,Forpus_passerinus,120.41868480725624,120.47092970521544
1788443928159_17B32A_BN5_6_080517_14901_133_73_filtered.wav,Forpus_passerinus,120.80761904761904,120.92371882086168
1788443928159_17B32A_BN5_6_080517_14901_133_73_filtered.wav,Forpus_passerinus,121.06884353741496,121.13850340136054
1788443928159_17B32A_BN5_6_080517_14901_133_73_filtered.wav,Forpus_passerinus,121.20816326530613,121.24879818594104
1788443928159_17B32A_BN5_6_080517_14901_133_73_filtered.wav,Forpus_passerinus,121.75383219954648,121.8467120181406
1788443928159_17B32A_BN5_6_080517_14901_133_73_filtered.wav,Forpus_passerinus,122.0498866213152,122.10793650793651
1788443928159_17B32A_BN5_6_080517_14901_133_73_filtered.wav,Forpus_passerinus,122.41560090702949,122.46784580498866
1788443928159_17B32A_BN5_6_080517_14901_133_73_filtered.wav,Forpus_passerinus,122.6942403628118,122.73487528344673
1788443928159_17B32A_BN5_6_080517_14901_133_73_filtered.wav,Forpus_passerinus,122.92063492063492,123.00770975056687
1788443928159_17B32A_BN5_6_080517_14901_133_73_filtered.wav,Forpus_passerinus,123.1528344671202,123.24571428571429
1788443928159_17B32A_BN5_6_080517_14901_133_73_filtered.wav,Forpus_passerinus,124.42993197278912,124.4995918367347
1788443928159_17B32A_BN5_6_080517_14901_133_73_filtered.wav,Forpus_passerinus,124.65632653061223,124.69696145124716
1788443928159_17B32A_BN5_6_080517_14901_133_73_filtered.wav,Forpus_passerinus,124.92916099773242,124.97560090702947
1788443928159_17B32A_BN5_6_080517_14901_133_73_filtered.wav,Forpus_passerinus,125.68961451247164,125.7708843537415
1788443928159_17B32A_BN5_6_080517_14901_133_73_filtered.wav,Forpus_passerinus,125.85795918367349,126.06113378684807
1788443928159_17B32A_BN5_6_080517_14901_133_73_filtered.wav,Forpus_passerinus,126.14240362811792,126.22367346938776
1788443928159_17B32A_BN5_6_080517_14901_133_73_filtered.wav,Forpus_passerinus,126.322358276644,126.40362811791384
1788443928159_17B32A_BN5_6_080517_14901_133_73_filtered.wav,Forpus_passerinus,126.66485260770976,126.7461224489796
1788443928159_17B32A_BN5_6_080517_14901_133_73_filtered.wav,Forpus_passerinus,126.80997732426304,126.897052154195
1788443928159_17B32A_BN5_6_080517_14901_133_73_filtered.wav,Forpus_passerinus,127.00734693877553,127.21052154195011
1788443928159_17B32A_BN5_6_080517_14901_133_73_filtered.wav,Forpus_passerinus,127.41369614512472,127.48335600907028
1788443928159_17B32A_BN5_6_080517_14901_133_73_filtered.wav,Forpus_passerinus,127.56462585034014,127.64589569160998
1788443928159_17B32A_BN5_6_080517_14901_133_73_filtered.wav,Forpus_passerinus,127.75038548752836,127.8142403628118
1788443928159_17B32A_BN5_6_080517_14901_133_73_filtered.wav,Forpus_passerinus,127.8897052154195,127.94775510204082
1788443928159_17B32A_BN5_6_080517_14901_133_73_filtered.wav,Forpus_passerinus,128.0174149659864,128.2728344671202
1788443928159_17B32A_BN5_6_080517_14901_133_73_filtered.wav,Forpus_passerinus,128.48761904761903,128.795283446712
1788443928159_17B32A_BN5_6_080517_14901_133_73_filtered.wav,Forpus_passerinus,129.43963718820862,129.67183673469387
1788443928159_17B32A_BN5_6_080517_14901_133_73_filtered.wav,Forpus_passerinus,130.2233106575964,130.2465306122449
1788443928159_17B32A_BN5_6_080517_14901_133_73_filtered.wav,Forpus_passerinus,130.7457596371882,130.78639455782312
1788443928159_17B32A_BN5_6_080517_14901_133_73_filtered.wav,Forpus_passerinus,131.09986394557822,133.73532879818595
1788446465145_P7_Improvisation_Personal.wav,Human_beatbox,0.1102947845804988,0.3424943310657596
1788446465145_P7_Improvisation_Personal.wav,Human_beatbox,0.5804988662131519,0.9462131519274376
1788446465145_P7_Improvisation_Personal.wav,Human_beatbox,1.4164172335600906,1.555736961451247
1788446465145_P7_Improvisation_Personal.wav,Human_beatbox,2.0549659863945577,2.205895691609977
1788446465145_P7_Improvisation_Personal.wav,Human_beatbox,2.681904761904762,2.9315192743764173
1788446465145_P7_Improvisation_Personal.wav,Human_beatbox,3.2043537414965986,3.570068027210884
1788446465145_P7_Improvisation_Personal.wav,Human_beatbox,3.993832199546485,4.104126984126984
1788446465145_P7_Improvisation_Personal.wav,Human_beatbox,4.702040816326531,4.847165532879819
1788446465145_P7_Improvisation_Personal.wav,Human_beatbox,5.328979591836735,5.572789115646258
1788446465145_P7_Improvisation_Personal.wav,Human_beatbox,5.828208616780046,6.30421768707483
1788446465145_P7_Improvisation_Personal.wav,Human_beatbox,6.617687074829932,6.797641723356009
1788446465145_P7_Improvisation_Personal.wav,Human_beatbox,7.157551020408163,7.575510204081633
1788446465145_P7_Improvisation_Personal.wav,Human_beatbox,7.923809523809524,8.144399092970522
1788446465145_P7_Improvisation_Personal.wav,Human_beatbox,8.492698412698413,8.864217687074829
1788446465145_P7_Improvisation_Personal.wav,Human_beatbox,8.922267573696145,8.945487528344671
1788446465145_P7_Improvisation_Personal.wav,Human_beatbox,9.200907029478458,9.508571428571427
1788446465145_P7_Improvisation_Personal.wav,Human_beatbox,9.676916099773242,10.001995464852609
1788446465145_P7_Improvisation_Personal.wav,Human_beatbox,10.164535147392291,10.31546485260771
1788446465145_P7_Improvisation_Personal.wav,Human_beatbox,10.541859410430838,10.81469387755102
1788446465145_P7_Improvisation_Personal.wav,Human_beatbox,11.08172335600907,11.49968253968254
1788446465145_P7_Improvisation_Personal.wav,Human_beatbox,11.795736961451247,12.085986394557825
1788446465145_P7_Improvisation_Personal.wav,Human_beatbox,12.399455782312923,12.84063492063492
1788446465145_P7_Improvisation_Personal.wav,Human_beatbox,13.10766439909297,13.357278911564626
1788446465145_P7_Improvisation_Personal.wav,Human_beatbox,13.659138321995464,14.10031746031746
1788446465145_P7_Improvisation_Personal.wav,Human_beatbox,14.41378684807256,14.645986394557823
1788446465145_P7_Improvisation_Personal.wav,Human_beatbox,14.959455782312926,15.296145124716553
1788446465145_P7_Improvisation_Personal.wav,Human_beatbox,15.534149659863946,16.01015873015873
P13_Improvisation_Personal.wav,Human_beatbox,0.023219954648526,0.1277097505668934
P13_Improvisation_Personal.wav,Human_beatbox,0.1915646258503401,0.4295691609977324
P13_Improvisation_Personal.wav,Human_beatbox,0.5050340136054422,0.592108843537415
P13_Improvisation_Personal.wav,Human_beatbox,0.6675736961451247,0.7082086167800453
P13_Improvisation_Personal.wav,Human_beatbox,1.0332879818594105,1.1203628117913833
P13_Improvisation_Personal.wav,Human_beatbox,1.2016326530612245,1.3061224489795915
P13_Improvisation_Personal.wav,Human_beatbox,1.5151020408163265,1.787936507936508
P13_Improvisation_Personal.wav,Human_beatbox,1.8575963718820865,1.9736961451247168
P13_Improvisation_Personal.wav,Human_beatbox,2.014331065759637,2.1188208616780044
P13_Improvisation_Personal.wav,Human_beatbox,2.1942857142857144,2.3103854875283445
P13_Improvisation_Personal.wav,Human_beatbox,2.5425850340136056,2.641269841269841
P13_Improvisation_Personal.wav,Human_beatbox,2.7109297052154195,2.815419501133787
P13_Improvisation_Personal.wav,Human_beatbox,2.879274376417233,3.13469387755102
P13_Improvisation_Personal.wav,Human_beatbox,3.198548752834467,3.28562358276644
P13_Improvisation_Personal.wav,Human_beatbox,3.3610884353741497,3.442358276643991
P13_Improvisation_Personal.wav,Human_beatbox,3.703582766439909,3.74421768707483
P13_Improvisation_Personal.wav,Human_beatbox,3.860317460317461,3.900952380952381
P13_Improvisation_Personal.wav,Human_beatbox,3.9996371882086166,4.121541950113379
P13_Improvisation_Personal.wav,Human_beatbox,4.173786848072562,4.388571428571429
P13_Improvisation_Personal.wav,Human_beatbox,4.458231292517007,4.73687074829932
P13_Improvisation_Personal.wav,Human_beatbox,4.789115646258503,4.8703854875283445
P13_Improvisation_Personal.wav,Human_beatbox,5.038730158730159,5.154829931972789
P13_Improvisation_Personal.wav,Human_beatbox,5.259319727891157,5.328979591836735
P13_Improvisation_Personal.wav,Human_beatbox,5.421859410430839,5.6656689342403626
P13_Improvisation_Personal.wav,Human_beatbox,5.7411337868480725,5.834013605442177
P13_Improvisation_Personal.wav,Human_beatbox,5.874648526077097,5.979138321995465
P13_Improvisation_Personal.wav,Human_beatbox,6.251972789115646,6.30421768707483
P13_Improvisation_Personal.wav,Human_beatbox,6.414512471655329,6.513197278911565
P13_Improvisation_Personal.wav,Human_beatbox,6.698956916099773,6.942766439909297
P13_Improvisation_Personal.wav,Human_beatbox,7.006621315192744,7.389750566893424
P13_Improvisation_Personal.wav,Human_beatbox,7.476825396825397,7.569705215419501
P13_Improvisation_Personal.wav,Human_beatbox,7.610340136054422,7.732244897959184
P13_Improvisation_Personal.wav,Human_beatbox,7.918004535147392,8.010884353741497
P13_Improvisation_Personal.wav,Human_beatbox,8.17922902494331,8.550748299319729
20170902-060001_01_ch.wav,Hylobates_agilis,14.608,15.456
20170902-060001_01_ch.wav,Hylobates_agilis,16.944,17.664
20170902-060001_01_ch.wav,Hylobates_agilis,17.936,18.176
20170902-060001_01_ch.wav,Hylobates_agilis,18.384,18.64
20170902-060001_01_ch.wav,Hylobates_agilis,18.912,19.28
20170902-060001_01_ch.wav,Hylobates_agilis,19.712,19.92
20170902-060001_01_ch.wav,Hylobates_agilis,20.288,20.848
20170902-060001_01_ch.wav,Hylobates_agilis,28.32,28.864
20170902-060001_01_ch.wav,Hylobates_agilis,95.632,97.616
20170902-060001_01_ch.wav,Hylobates_agilis,98.224,102.768
20170902-060001_01_ch.wav,Hylobates_agilis,103.536,109.952
20170902-060001_01_ch.wav,Hylobates_agilis,110.528,112.928
20170902-060001_01_ch.wav,Hylobates_agilis,114.048,115.872
20170902-060001_01_ch.wav,Hylobates_agilis,116.656,118.096
20170902-060001_01_ch.wav,Hylobates_agilis,120.88,122.256
20170902-060001_01_ch.wav,Hylobates_agilis,126.528,129.184
20170902-060001_01_ch.wav,Hylobates_agilis,144.512,144.96
20170902-060001_01_ch.wav,Hylobates_agilis,145.168,145.28
20170902-060001_01_ch.wav,Hylobates_agilis,147.296,148.32
20170902-060001_01_ch.wav,Hylobates_agilis,457.04,459.872
20170902-060001_01_ch.wav,Hylobates_agilis,618.528,618.864
20170902-060001_01_ch.wav,Hylobates_agilis,619.184,619.952
20170902-060001_01_ch.wav,Hylobates_agilis,736.976,739.6
20170902-060001_01_ch.wav,Hylobates_agilis,831.872,835.76
20170902-060001_01_ch.wav,Hylobates_agilis,993.616,996.832
20170902-060001_01_ch.wav,Hylobates_agilis,1018.496,1018.848
20170902-060001_01_ch.wav,Hylobates_agilis,1019.984,1020.528
20170902-060001_01_ch.wav,Hylobates_agilis,1023.472,1024.016
20170902-060001_01_ch.wav,Hylobates_agilis,1024.896,1025.328
20170902-060001_01_ch.wav,Hylobates_agilis,1026.864,1027.456
20170902-060001_01_ch.wav,Hylobates_agilis,1045.008,1045.328
20170902-060001_01_ch.wav,Hylobates_agilis,1045.536,1045.68
20170902-060001_01_ch.wav,Hylobates_agilis,1045.952,1046.128
20170902-060001_01_ch.wav,Hylobates_agilis,1046.768,1047.088
20170902-060001_01_ch.wav,Hylobates_agilis,1047.312,1047.52
20170902-060001_01_ch.wav,Hylobates_agilis,1048.256,1048.848
20170902-060001_01_ch.wav,Hylobates_agilis,1052.736,1053.568
20170902-060001_01_ch.wav,Hylobates_agilis,1059.952,1060.16
20170902-060001_01_ch.wav,Hylobates_agilis,1064.624,1065.52
20170902-060001_01_ch.wav,Hylobates_agilis,1066.448,1067.04
20170902-060001_01_ch.wav,Hylobates_agilis,1131.312,1131.52
20170902-060001_01_ch.wav,Hylobates_agilis,1217.696,1220.352
20170902-060001_01_ch.wav,Hylobates_agilis,1220.656,1221.152
20170902-060001_01_ch.wav,Hylobates_agilis,1286.064,1286.416
20170902-060001_01_ch.wav,Hylobates_agilis,1370.88,1373.04
20170902-060001_01_ch.wav,Hylobates_agilis,1474.656,1476.848
20170902-060001_01_ch.wav,Hylobates_agilis,1516.64,1517.072
20170902-060001_01_ch.wav,Hylobates_agilis,1518.208,1518.64
20170902-060001_01_ch.wav,Hylobates_agilis,1518.864,1519.28
20170902-060001_01_ch.wav,Hylobates_agilis,1519.76,1520.464
20170902-060001_01_ch.wav,Hylobates_agilis,1521.648,1524.176
20170902-060001_01_ch.wav,Hylobates_agilis,1524.416,1524.928
20170902-060001_01_ch.wav,Hylobates_agilis,1525.168,1525.872
20170902-060001_01_ch.wav,Hylobates_agilis,1526.336,1526.848
20170902-060001_01_ch.wav,Hylobates_agilis,1527.328,1529.76
20170902-060001_01_ch.wav,Hylobates_agilis,1530.56,1530.896
20170902-060001_01_ch.wav,Hylobates_agilis,1531.152,1531.872
20170902-060001_01_ch.wav,Hylobates_agilis,1532.448,1532.784
20170902-060001_01_ch.wav,Hylobates_agilis,1533.504,1533.952
20170902-060001_01_ch.wav,Hylobates_agilis,1534.592,1534.976
20170902-060001_01_ch.wav,Hylobates_agilis,1535.216,1536.112
20170902-060001_01_ch.wav,Hylobates_agilis,1536.352,1536.496
20170902-060001_01_ch.wav,Hylobates_agilis,1536.816,1537.04
20170902-060001_01_ch.wav,Hylobates_agilis,1537.488,1540.016
20170902-060001_01_ch.wav,Hylobates_agilis,1585.792,1588.08
20170902-060001_01_ch.wav,Hylobates_agilis,1588.672,1588.848
20170902-060001_01_ch.wav,Hylobates_agilis,1590.816,1591.296
20170902-060001_01_ch.wav,Hylobates_agilis,1593.056,1593.408
20170902-060001_01_ch.wav,Hylobates_agilis,1598.272,1598.8
20170902-060001_01_ch.wav,Hylobates_agilis,1601.872,1602.256
20170902-060001_01_ch.wav,Hylobates_agilis,1614.72,1617.648
20170902-060001_01_ch.wav,Hylobates_agilis,1657.68,1658.0
20170902-060001_01_ch.wav,Hylobates_agilis,1663.696,1663.872
20170902-060001_01_ch.wav,Hylobates_agilis,1664.624,1665.2
20170902-060001_01_ch.wav,Hylobates_agilis,1677.312,1677.616
20170902-060001_01_ch.wav,Hylobates_agilis,1678.096,1678.352
20170902-060001_01_ch.wav,Hylobates_agilis,1678.816,1681.056
20170902-060001_01_ch.wav,Hylobates_agilis,1681.84,1685.872
20170902-060001_01_ch.wav,Hylobates_agilis,1686.208,1686.32
20170902-060001_01_ch.wav,Hylobates_agilis,1695.776,1695.92
20170902-060001_01_ch.wav,Hylobates_agilis,1741.904,1742.608
20170902-060001_01_ch.wav,Hylobates_agilis,1760.096,1760.544
20170902-060001_01_ch.wav,Hylobates_agilis,1791.2,1791.504
20170902-070001_01_ch.wav,Hylobates_agilis,13.68,13.968
20170902-070001_01_ch.wav,Hylobates_agilis,14.864,18.304
20170902-070001_01_ch.wav,Hylobates_agilis,48.592,52.08
20170902-070001_01_ch.wav,Hylobates_agilis,54.208,54.688
20170902-070001_01_ch.wav,Hylobates_agilis,62.96,66.416
20170902-070001_01_ch.wav,Hylobates_agilis,81.392,84.704
20170902-070001_01_ch.wav,Hylobates_agilis,96.032,96.272
20170902-070001_01_ch.wav,Hylobates_agilis,96.832,99.904
20170902-070001_01_ch.wav,Hylobates_agilis,117.568,121.152
20170902-070001_01_ch.wav,Hylobates_agilis,161.392,161.856
20170902-070001_01_ch.wav,Hylobates_agilis,163.6,163.728
20170902-070001_01_ch.wav,Hylobates_agilis,165.792,166.224
20170902-070001_01_ch.wav,Hylobates_agilis,167.136,168.864
20170902-070001_01_ch.wav,Hylobates_agilis,171.6,172.112
20170902-070001_01_ch.wav,Hylobates_agilis,177.456,177.712
20170902-070001_01_ch.wav,Hylobates_agilis,192.288,192.704
20170902-070001_01_ch.wav,Hylobates_agilis,194.96,197.152
20170902-070001_01_ch.wav,Hylobates_agilis,197.568,197.84
20170902-070001_01_ch.wav,Hylobates_agilis,198.976,199.152
20170902-070001_01_ch.wav,Hylobates_agilis,205.728,205.84
20170902-070001_01_ch.wav,Hylobates_agilis,221.968,223.024
20170902-070001_01_ch.wav,Hylobates_agilis,249.68,249.856
20170902-070001_01_ch.wav,Hylobates_agilis,264.624,265.264
20170902-070001_01_ch.wav,Hylobates_agilis,266.0,266.336
20170902-070001_01_ch.wav,Hylobates_agilis,267.504,268.208
20170902-070001_01_ch.wav,Hylobates_agilis,268.432,268.544
20170902-070001_01_ch.wav,Hylobates_agilis,277.552,277.824
20170902-070001_01_ch.wav,Hylobates_agilis,287.408,287.904
20170902-070001_01_ch.wav,Hylobates_agilis,288.592,288.848
20170902-070001_01_ch.wav,Hylobates_agilis,289.84,289.952
20170902-070001_01_ch.wav,Hylobates_agilis,291.344,292.048
20170902-070001_01_ch.wav,Hylobates_agilis,348.768,349.968
20170902-070001_01_ch.wav,Hylobates_agilis,351.168,351.68
20170902-070001_01_ch.wav,Hylobates_agilis,355.04,355.552
20170902-070001_01_ch.wav,Hylobates_agilis,356.24,356.384
20170902-070001_01_ch.wav,Hylobates_agilis,356.608,357.648
20170902-070001_01_ch.wav,Hylobates_agilis,357.984,359.408
20170902-070001_01_ch.wav,Hylobates_agilis,365.36,365.744
20170902-070001_01_ch.wav,Hylobates_agilis,367.04,369.056
20170902-070001_01_ch.wav,Hylobates_agilis,398.56,399.136
20170902-070001_01_ch.wav,Hylobates_agilis,441.696,442.528
20170902-070001_01_ch.wav,Hylobates_agilis,443.168,445.632
20170902-070001_01_ch.wav,Hylobates_agilis,457.456,457.632
20170902-070001_01_ch.wav,Hylobates_agilis,462.4,465.04
20170902-070001_01_ch.wav,Hylobates_agilis,470.672,470.848
20170902-070001_01_ch.wav,Hylobates_agilis,471.728,473.44
20170902-070001_01_ch.wav,Hylobates_agilis,474.272,475.088
20170902-070001_01_ch.wav,Hylobates_agilis,475.296,476.24
20170902-070001_01_ch.wav,Hylobates_agilis,477.36,478.256
20170902-070001_01_ch.wav,Hylobates_agilis,617.68,618.048
20170902-070001_01_ch.wav,Hylobates_agilis,618.352,619.392
20170902-070001_01_ch.wav,Hylobates_agilis,619.984,620.56
20170902-070001_01_ch.wav,Hylobates_agilis,621.152,621.584
20170902-070001_01_ch.wav,Hylobates_agilis,622.096,622.336
20170902-070001_01_ch.wav,Hylobates_agilis,623.632,623.744
20170902-070001_01_ch.wav,Hylobates_agilis,625.136,625.472
20170902-070001_01_ch.wav,Hylobates_agilis,627.472,627.888
20170902-070001_01_ch.wav,Hylobates_agilis,630.448,630.816
20170902-070001_01_ch.wav,Hylobates_agilis,631.456,631.84
20170902-070001_01_ch.wav,Hylobates_agilis,635.504,635.888
20170902-070001_01_ch.wav,Hylobates_agilis,637.584,639.824
20170902-070001_01_ch.wav,Hylobates_agilis,643.376,644.608
20170902-070001_01_ch.wav,Hylobates_agilis,650.256,651.008
20170902-070001_01_ch.wav,Hylobates_agilis,656.48,656.672
20170902-070001_01_ch.wav,Hylobates_agilis,660.784,661.168
20170902-070001_01_ch.wav,Hylobates_agilis,662.432,662.8
20170902-070001_01_ch.wav,Hylobates_agilis,664.96,665.264
20170902-070001_01_ch.wav,Hylobates_agilis,675.824,676.144
20170902-070001_01_ch.wav,Hylobates_agilis,677.504,678.464
20170902-070001_01_ch.wav,Hylobates_agilis,690.464,690.688
20170902-070001_01_ch.wav,Hylobates_agilis,691.568,692.32
20170902-070001_01_ch.wav,Hylobates_agilis,697.936,700.592
20170902-070001_01_ch.wav,Hylobates_agilis,700.848,701.888
20170902-070001_01_ch.wav,Hylobates_agilis,703.712,704.368
20170902-070001_01_ch.wav,Hylobates_agilis,708.752,709.328
20170902-070001_01_ch.wav,Hylobates_agilis,719.12,719.392
20170902-070001_01_ch.wav,Hylobates_agilis,721.2,721.424
20170902-070001_01_ch.wav,Hylobates_agilis,724.736,724.976
20170902-070001_01_ch.wav,Hylobates_agilis,725.392,725.92
20170902-070001_01_ch.wav,Hylobates_agilis,728.336,731.424
20170902-070001_01_ch.wav,Hylobates_agilis,732.816,733.568
20170902-070001_01_ch.wav,Hylobates_agilis,734.432,734.864
20170902-070001_01_ch.wav,Hylobates_agilis,736.816,737.152
20170902-070001_01_ch.wav,Hylobates_agilis,741.872,742.24
20170902-070001_01_ch.wav,Hylobates_agilis,748.736,749.088
20170902-070001_01_ch.wav,Hylobates_agilis,749.76,751.2
20170902-070001_01_ch.wav,Hylobates_agilis,752.352,752.768
20170902-070001_01_ch.wav,Hylobates_agilis,752.976,756.432
20170902-070001_01_ch.wav,Hylobates_agilis,757.312,759.04
20170902-070001_01_ch.wav,Hylobates_agilis,760.128,760.336
20170902-070001_01_ch.wav,Hylobates_agilis,786.672,788.464
20170902-070001_01_ch.wav,Hylobates_agilis,789.6,791.232
20170902-070001_01_ch.wav,Hylobates_agilis,793.728,796.464
20170902-070001_01_ch.wav,Hylobates_agilis,797.728,798.688
20170902-070001_01_ch.wav,Hylobates_agilis,799.216,799.84
20170902-070001_01_ch.wav,Hylobates_agilis,803.328,804.624
20170902-070001_01_ch.wav,Hylobates_agilis,824.576,826.032
20170902-070001_01_ch.wav,Hylobates_agilis,826.512,826.736
20170902-070001_01_ch.wav,Hylobates_agilis,835.072,835.888
20170902-070001_01_ch.wav,Hylobates_agilis,840.416,840.56
20170902-070001_01_ch.wav,Hylobates_agilis,844.064,844.832
20170902-070001_01_ch.wav,Hylobates_agilis,846.144,847.232
20170902-070001_01_ch.wav,Hylobates_agilis,847.888,848.544
20170902-070001_01_ch.wav,Hylobates_agilis,850.096,850.432
20170902-070001_01_ch.wav,Hylobates_agilis,852.08,852.368
20170902-070001_01_ch.wav,Hylobates_agilis,864.64,865.056
20170902-070001_01_ch.wav,Hylobates_agilis,892.768,893.216
20170902-070001_01_ch.wav,Hylobates_agilis,899.424,899.6
20170902-070001_01_ch.wav,Hylobates_agilis,899.872,900.224
20170902-070001_01_ch.wav,Hylobates_agilis,902.912,903.536
20170902-070001_01_ch.wav,Hylobates_agilis,904.176,904.432
20170902-070001_01_ch.wav,Hylobates_agilis,905.232,905.856
20170902-070001_01_ch.wav,Hylobates_agilis,906.336,906.448
20170902-070001_01_ch.wav,Hylobates_agilis,912.352,912.784
20170902-070001_01_ch.wav,Hylobates_agilis,918.768,919.232
20170902-070001_01_ch.wav,Hylobates_agilis,924.064,924.544
20170902-070001_01_ch.wav,Hylobates_agilis,924.768,925.216
20170902-070001_01_ch.wav,Hylobates_agilis,959.872,961.456
20170902-070001_01_ch.wav,Hylobates_agilis,961.664,962.512
20170902-070001_01_ch.wav,Hylobates_agilis,963.072,963.904
20170902-070001_01_ch.wav,Hylobates_agilis,965.616,966.736
20170902-070001_01_ch.wav,Hylobates_agilis,967.936,968.688
20170902-070001_01_ch.wav,Hylobates_agilis,973.632,974.56
20170902-070001_01_ch.wav,Hylobates_agilis,975.296,975.552
20170902-070001_01_ch.wav,Hylobates_agilis,977.408,977.808
20170902-070001_01_ch.wav,Hylobates_agilis,979.008,979.856
20170902-070001_01_ch.wav,Hylobates_agilis,1011.456,1013.36
20170902-070001_01_ch.wav,Hylobates_agilis,1014.64,1015.024
20170902-070001_01_ch.wav,Hylobates_agilis,1016.064,1016.8
20170902-070001_01_ch.wav,Hylobates_agilis,1032.992,1033.552
20170902-070001_01_ch.wav,Hylobates_agilis,1093.92,1096.336
20170902-070001_01_ch.wav,Hylobates_agilis,1097.472,1097.936
20170902-070001_01_ch.wav,Hylobates_agilis,1101.008,1104.112
20170902-070001_01_ch.wav,Hylobates_agilis,1109.664,1110.432
20170902-070001_01_ch.wav,Hylobates_agilis,1119.136,1120.144
20170902-070001_01_ch.wav,Hylobates_agilis,1134.8,1134.912
20170902-070001_01_ch.wav,Hylobates_agilis,1190.336,1190.88
20170902-070001_01_ch.wav,Hylobates_agilis,1191.088,1191.712
20170902-070001_01_ch.wav,Hylobates_agilis,1192.288,1194.16
20170902-070001_01_ch.wav,Hylobates_agilis,1208.56,1209.696
20170902-070001_01_ch.wav,Hylobates_agilis,1213.52,1215.264
20170902-070001_01_ch.wav,Hylobates_agilis,1218.176,1218.896
20170902-070001_01_ch.wav,Hylobates_agilis,1229.248,1231.008
20170902-070001_01_ch.wav,Hylobates_agilis,1234.016,1235.136
20170902-070001_01_ch.wav,Hylobates_agilis,1235.904,1236.016
20170902-070001_01_ch.wav,Hylobates_agilis,1236.8,1237.536
20170902-070001_01_ch.wav,Hylobates_agilis,1243.52,1245.744
20170902-070001_01_ch.wav,Hylobates_agilis,1257.088,1257.664
20170902-070001_01_ch.wav,Hylobates_agilis,1285.568,1285.872
20170902-070001_01_ch.wav,Hylobates_agilis,1286.448,1287.952
20170902-070001_01_ch.wav,Hylobates_agilis,1292.08,1292.56
20170902-070001_01_ch.wav,Hylobates_agilis,1295.088,1295.872
20170902-070001_01_ch.wav,Hylobates_agilis,1319.424,1319.856
20170902-070001_01_ch.wav,Hylobates_agilis,1335.264,1338.704
20170902-070001_01_ch.wav,Hylobates_agilis,1339.312,1342.096
20170902-070001_01_ch.wav,Hylobates_agilis,1342.784,1343.92
20170902-070001_01_ch.wav,Hylobates_agilis,1345.616,1347.776
20170902-070001_01_ch.wav,Hylobates_agilis,1352.032,1353.488
20170902-070001_01_ch.wav,Hylobates_agilis,1369.152,1369.424
20170902-070001_01_ch.wav,Hylobates_agilis,1373.696,1375.536
20170902-070001_01_ch.wav,Hylobates_agilis,1377.008,1378.24
20170902-070001_01_ch.wav,Hylobates_agilis,1401.184,1401.68
20170902-070001_01_ch.wav,Hylobates_agilis,1402.4,1402.944
20170902-070001_01_ch.wav,Hylobates_agilis,1403.44,1404.752
20170902-070001_01_ch.wav,Hylobates_agilis,1471.968,1472.288
20170902-070001_01_ch.wav,Hylobates_agilis,1478.8,1479.152
20170902-070001_01_ch.wav,Hylobates_agilis,1480.24,1480.576
20170902-070001_01_ch.wav,Hylobates_agilis,1481.824,1488.176
20170902-070001_01_ch.wav,Hylobates_agilis,1490.928,1491.28
20170902-070001_01_ch.wav,Hylobates_agilis,1494.752,1494.992
20170902-070001_01_ch.wav,Hylobates_agilis,1512.928,1513.168
20170902-070001_01_ch.wav,Hylobates_agilis,1517.664,1517.792
20170902-070001_01_ch.wav,Hylobates_agilis,1519.776,1520.224
20170902-070001_01_ch.wav,Hylobates_agilis,1520.992,1521.936
20170902-070001_01_ch.wav,Hylobates_agilis,1522.752,1523.168
20170902-070001_01_ch.wav,Hylobates_agilis,1526.256,1526.448
20170902-070001_01_ch.wav,Hylobates_agilis,1532.912,1533.248
20170902-070001_01_ch.wav,Hylobates_agilis,1589.6,1590.256
20170902-070001_01_ch.wav,Hylobates_agilis,1590.752,1591.152
20170902-070001_01_ch.wav,Hylobates_agilis,1591.408,1592.144
20170902-070001_01_ch.wav,Hylobates_agilis,1592.624,1593.008
20170902-070001_01_ch.wav,Hylobates_agilis,1594.224,1595.12
20170902-070001_01_ch.wav,Hylobates_agilis,1596.288,1596.784
20170902-070001_01_ch.wav,Hylobates_agilis,1597.04,1597.232
20170902-070001_01_ch.wav,Hylobates_agilis,1597.44,1597.552
20170902-070001_01_ch.wav,Hylobates_agilis,1602.304,1603.792
20170902-070001_01_ch.wav,Hylobates_agilis,1604.016,1604.928
20170902-070001_01_ch.wav,Hylobates_agilis,1605.68,1605.968
20170902-070001_01_ch.wav,Hylobates_agilis,1608.544,1608.768
20170902-070001_01_ch.wav,Hylobates_agilis,1616.608,1616.736
20170902-070001_01_ch.wav,Hylobates_agilis,1619.12,1621.904
20170902-070001_01_ch.wav,Hylobates_agilis,1623.184,1625.296
20170902-070001_01_ch.wav,Hylobates_agilis,1625.504,1625.92
20170902-070001_01_ch.wav,Hylobates_agilis,1627.552,1627.728
20170902-070001_01_ch.wav,Hylobates_agilis,1745.008,1745.28
20170902-070001_01_ch.wav,Hylobates_agilis,1747.328,1747.648
20170902-070001_01_ch.wav,Hylobates_agilis,1755.6,1755.888
20170902-070001_01_ch.wav,Hylobates_agilis,1759.984,1760.88
20170902-070001_01_ch.wav,Hylobates_agilis,1765.264,1765.568
20170902-070001_01_ch.wav,Hylobates_agilis,1767.392,1767.712
20170902-070001_01_ch.wav,Hylobates_agilis,1767.952,1768.368
20170902-070001_01_ch.wav,Hylobates_agilis,1771.072,1772.32
20170902-070001_01_ch.wav,Hylobates_agilis,1773.088,1773.488
20170902-070001_01_ch.wav,Hylobates_agilis,1778.976,1780.512
20170902-070001_01_ch.wav,Hylobates_agilis,1780.816,1781.328
20170902-070001_01_ch.wav,Hylobates_agilis,1781.68,1782.128
20170902-070001_01_ch.wav,Hylobates_agilis,1789.776,1790.432
20170902-070001_01_ch.wav,Hylobates_agilis,1790.64,1791.312
20170902-070001_01_ch.wav,Hylobates_agilis,1791.52,1792.0
20170902-070001_01_ch.wav,Hylobates_agilis,1792.528,1792.912
20170902-070001_01_ch.wav,Hylobates_agilis,1793.52,1793.936
20170902-070001_01_ch.wav,Hylobates_agilis,1794.16,1794.336
20170902-070001_01_ch.wav,Hylobates_agilis,1794.992,1795.536
20170902-070001_01_ch.wav,Hylobates_agilis,1796.48,1796.88
20170902-070001_01_ch.wav,Hylobates_agilis,1798.064,1798.416
1788610980371_11.wav,Lonchura_striata,0.4179591836734694,0.470204081632653
1788610980371_11.wav,Lonchura_striata,1.7356916099773243,1.787936507936508
1788610980371_11.wav,Lonchura_striata,2.020136054421769,2.0839909297052155
1788610980371_11.wav,Lonchura_striata,2.182675736961451,2.229115646258504
1788610980371_11.wav,Lonchura_striata,2.316190476190476,2.380045351473923
1788610980371_11.wav,Lonchura_striata,2.478730158730159,2.501950113378685
1788610980371_11.wav,Lonchura_striata,2.6296598639455784,2.658684807256236
1788610980371_11.wav,Lonchura_striata,2.7399546485260773,2.7921995464852607
1788610980371_11.wav,Lonchura_striata,2.8676643990929707,2.9547392290249435
1788610980371_11.wav,Lonchura_striata,3.0360090702947846,3.099863945578232
1788610980371_11.wav,Lonchura_striata,3.163718820861678,3.2333786848072563
1788610980371_11.wav,Lonchura_striata,3.291428571428572,3.3494784580498864
1788610980371_11.wav,Lonchura_striata,3.407528344671202,3.4713832199546486
1788610980371_11.wav,Lonchura_striata,3.517823129251701,3.5874829931972787
1788610980371_11.wav,Lonchura_striata,3.6629478458049887,3.720997732426304
1788610980371_11.wav,Lonchura_striata,3.767437641723356,3.8370975056689343
1788610980371_11.wav,Lonchura_striata,3.8835374149659865,3.976417233560091
1788610980371_11.wav,Lonchura_striata,4.005442176870749,4.208616780045351
1788610980371_11.wav,Lonchura_striata,4.249251700680272,4.423401360544218
1788610980371_11.wav,Lonchura_striata,4.487256235827664,4.609160997732427
1788610980371_11.wav,Lonchura_striata,4.667210884353741,4.690430839002268
1788610980371_11.wav,Lonchura_striata,4.73687074829932,4.760090702947846
1788610980371_11.wav,Lonchura_striata,4.818140589569161,4.876190476190477
1788610980371_11.wav,Lonchura_striata,4.940045351473923,4.963265306122449
1788610980371_11.wav,Lonchura_striata,5.04453514739229,5.12
1788610980371_11.wav,Lonchura_striata,5.16063492063492,5.346394557823129
1788610980371_11.wav,Lonchura_striata,5.38702947845805,5.572789115646258
1788610980371_11.wav,Lonchura_striata,5.613424036281179,5.700498866213152
1788610980371_11.wav,Lonchura_striata,5.746938775510204,5.828208616780046
1788610980371_11.wav,Lonchura_striata,5.851428571428571,6.031383219954648
1788610980371_11.wav,Lonchura_striata,6.0836281179138325,6.22875283446712
1788610980371_11.wav,Lonchura_striata,6.257777777777778,6.524807256235827
1788610980371_11.wav,Lonchura_striata,6.594467120181406,6.704761904761905
1788610980371_11.wav,Lonchura_striata,6.727981859410431,6.745396825396825
1788610980371_11.wav,Lonchura_striata,6.786031746031746,6.995011337868481
1788610980371_11.wav,Lonchura_striata,7.041451247165533,7.10530612244898
1788610980371_11.wav,Lonchura_striata,7.1401360544217685,7.314285714285714
1788610980371_11.wav,Lonchura_striata,7.366530612244898,7.587120181405895
1788610980371_11.wav,Lonchura_striata,7.668390022675737,8.237278911564626
1788610980371_11.wav,Lonchura_striata,8.283718820861678,8.452063492063493
1788610980371_11.wav,Lonchura_striata,8.475283446712018,8.544943310657596
1788610980371_11.wav,Lonchura_striata,8.568163265306122,8.7481179138322
1788610980371_11.wav,Lonchura_striata,8.794557823129251,8.904852607709751
1788610980371_11.wav,Lonchura_striata,8.974512471655329,9.067392290249431
1788610980371_11.wav,Lonchura_striata,9.096417233560093,9.1718820861678
1788610980371_11.wav,Lonchura_striata,9.218321995464851,9.276371882086169
1788610980371_11.wav,Lonchura_striata,9.311201814058958,9.398276643990927
1788610980371_11.wav,Lonchura_striata,9.467936507936509,9.549206349206347
1788610980371_11.wav,Lonchura_striata,9.572426303854876,9.822040816326531
1788610980371_11.wav,Lonchura_striata,9.85687074829932,10.1297052154195
1788610980371_11.wav,Lonchura_striata,10.170340136054422,10.332879818594105
1788610980371_11.wav,Lonchura_striata,10.396734693877551,10.460589569160998
1788610980371_11.wav,Lonchura_striata,10.483809523809525,10.80888888888889
1788610980371_11.wav,Lonchura_striata,10.837913832199549,11.110748299319727
1788610980371_11.wav,Lonchura_striata,11.15718820861678,11.313922902494332
1788610980371_11.wav,Lonchura_striata,11.354557823129252,11.453242630385487
1788610980371_11.wav,Lonchura_striata,11.476462585034014,11.76671201814059
1788610980371_11.wav,Lonchura_striata,11.81315192743764,11.96408163265306
1788610980371_11.wav,Lonchura_striata,11.987301587301587,12.056961451247163
1788610980371_11.wav,Lonchura_striata,12.080181405895692,12.26013605442177
1788610980371_11.wav,Lonchura_striata,12.318185941043083,12.434285714285714
1788610980371_11.wav,Lonchura_striata,12.509750566893423,12.596825396825396
1788610980371_11.wav,Lonchura_striata,12.64907029478458,12.73034013605442
1788610980371_11.wav,Lonchura_striata,12.776780045351474,12.83482993197279
1788610980371_11.wav,Lonchura_striata,12.898684807256236,12.974149659863944
1788610980371_11.wav,Lonchura_striata,13.02639455782313,13.084444444444443
1788610980371_11.wav,Lonchura_striata,13.1134693877551,13.29922902494331
1788610980371_11.wav,Lonchura_striata,13.345668934240363,13.508208616780044
1788610980371_11.wav,Lonchura_striata,13.531428571428572,13.56045351473923
1788610980371_11.wav,Lonchura_striata,13.612698412698412,13.90875283446712
1788610980371_11.wav,Lonchura_striata,13.931972789115646,14.204807256235828
1788610980371_11.wav,Lonchura_striata,14.262857142857143,14.425396825396826
1788610980371_11.wav,Lonchura_striata,14.529886621315192,14.55891156462585
1788610980371_11.wav,Lonchura_striata,14.611156462585036,14.727256235827664
1788610980371_11.wav,Lonchura_striata,14.773696145124717,14.854965986394555
XC858197_-_White-rumped_Munia_-_Lonchura_striata_subsquamicollis.mp3,Lonchura_striata,1.1253333333333333,1.216
XC858197_-_White-rumped_Munia_-_Lonchura_striata_subsquamicollis.mp3,Lonchura_striata,1.376,1.7973333333333332
XC858197_-_White-rumped_Munia_-_Lonchura_striata_subsquamicollis.mp3,Lonchura_striata,1.9413333333333327,2.0906666666666665
XC858197_-_White-rumped_Munia_-_Lonchura_striata_subsquamicollis.mp3,Lonchura_striata,2.144,2.6506666666666665
XC858197_-_White-rumped_Munia_-_Lonchura_striata_subsquamicollis.mp3,Lonchura_striata,2.7573333333333334,3.1306666666666665
XC858197_-_White-rumped_Munia_-_Lonchura_striata_subsquamicollis.mp3,Lonchura_striata,3.2106666666666666,3.285333333333333
XC858197_-_White-rumped_Munia_-_Lonchura_striata_subsquamicollis.mp3,Lonchura_striata,3.381333333333333,3.445333333333333
XC858197_-_White-rumped_Munia_-_Lonchura_striata_subsquamicollis.mp3,Lonchura_striata,3.568,4.005333333333334
XC858197_-_White-rumped_Munia_-_Lonchura_striata_subsquamicollis.mp3,Lonchura_striata,4.112,4.208
XC858197_-_White-rumped_Munia_-_Lonchura_striata_subsquamicollis.mp3,Lonchura_striata,4.528,4.650666666666667
XC858197_-_White-rumped_Munia_-_Lonchura_striata_subsquamicollis.mp3,Lonchura_striata,4.976,5.093333333333334
XC858197_-_White-rumped_Munia_-_Lonchura_striata_subsquamicollis.mp3,Lonchura_striata,5.258666666666667,5.301333333333333
XC858197_-_White-rumped_Munia_-_Lonchura_striata_subsquamicollis.mp3,Lonchura_striata,5.472,7.552
XC858197_-_White-rumped_Munia_-_Lonchura_striata_subsquamicollis.mp3,Lonchura_striata,7.781333333333333,8.026666666666667
XC858197_-_White-rumped_Munia_-_Lonchura_striata_subsquamicollis.mp3,Lonchura_striata,8.138666666666667,8.213333333333333
XC858197_-_White-rumped_Munia_-_Lonchura_striata_subsquamicollis.mp3,Lonchura_striata,8.485333333333333,8.645333333333333
XC858197_-_White-rumped_Munia_-_Lonchura_striata_subsquamicollis.mp3,Lonchura_striata,8.730666666666666,8.869333333333334
XC858197_-_White-rumped_Munia_-_Lonchura_striata_subsquamicollis.mp3,Lonchura_striata,8.928,9.594666666666669
XC858197_-_White-rumped_Munia_-_Lonchura_striata_subsquamicollis.mp3,Lonchura_striata,9.653333333333334,9.856
XC858197_-_White-rumped_Munia_-_Lonchura_striata_subsquamicollis.mp3,Lonchura_striata,9.968,10.037333333333333
XC858197_-_White-rumped_Munia_-_Lonchura_striata_subsquamicollis.mp3,Lonchura_striata,10.106666666666667,10.181333333333331
XC858197_-_White-rumped_Munia_-_Lonchura_striata_subsquamicollis.mp3,Lonchura_striata,10.256,10.378666666666666
XC858197_-_White-rumped_Munia_-_Lonchura_striata_subsquamicollis.mp3,Lonchura_striata,10.437333333333331,10.544
XC858197_-_White-rumped_Munia_-_Lonchura_striata_subsquamicollis.mp3,Lonchura_striata,10.661333333333332,10.789333333333332
XC858197_-_White-rumped_Munia_-_Lonchura_striata_subsquamicollis.mp3,Lonchura_striata,11.072,11.146666666666668
XC858197_-_White-rumped_Munia_-_Lonchura_striata_subsquamicollis.mp3,Lonchura_striata,11.424,11.52
XC858197_-_White-rumped_Munia_-_Lonchura_striata_subsquamicollis.mp3,Lonchura_striata,11.632,11.813333333333333
XC858197_-_White-rumped_Munia_-_Lonchura_striata_subsquamicollis.mp3,Lonchura_striata,11.909333333333333,12.026666666666667
XC858197_-_White-rumped_Munia_-_Lonchura_striata_subsquamicollis.mp3,Lonchura_striata,12.192,13.226666666666668
XC858197_-_White-rumped_Munia_-_Lonchura_striata_subsquamicollis.mp3,Lonchura_striata,13.296,13.450666666666669
XC858197_-_White-rumped_Munia_-_Lonchura_striata_subsquamicollis.mp3,Lonchura_striata,13.525333333333334,13.696
XC858197_-_White-rumped_Munia_-_Lonchura_striata_subsquamicollis.mp3,Lonchura_striata,13.754666666666669,15.013333333333334
XC858197_-_White-rumped_Munia_-_Lonchura_striata_subsquamicollis.mp3,Lonchura_striata,15.066666666666666,15.242666666666668
XC858197_-_White-rumped_Munia_-_Lonchura_striata_subsquamicollis.mp3,Lonchura_striata,15.370666666666668,15.413333333333334
XC858197_-_White-rumped_Munia_-_Lonchura_striata_subsquamicollis.mp3,Lonchura_striata,15.568,15.68
XC858197_-_White-rumped_Munia_-_Lonchura_striata_subsquamicollis.mp3,Lonchura_striata,16.208,16.656
XC858197_-_White-rumped_Munia_-_Lonchura_striata_subsquamicollis.mp3,Lonchura_striata,16.837333333333333,16.890666666666668
XC858197_-_White-rumped_Munia_-_Lonchura_striata_subsquamicollis.mp3,Lonchura_striata,17.194666666666667,17.24266666666667
XC858197_-_White-rumped_Munia_-_Lonchura_striata_subsquamicollis.mp3,Lonchura_striata,17.328,17.36
XC858197_-_White-rumped_Munia_-_Lonchura_striata_subsquamicollis.mp3,Lonchura_striata,17.589333333333332,17.781333333333333
XC858197_-_White-rumped_Munia_-_Lonchura_striata_subsquamicollis.mp3,Lonchura_striata,17.850666666666665,17.92
XC858197_-_White-rumped_Munia_-_Lonchura_striata_subsquamicollis.mp3,Lonchura_striata,18.421333333333333,18.517333333333333
XC858197_-_White-rumped_Munia_-_Lonchura_striata_subsquamicollis.mp3,Lonchura_striata,19.104,19.28533333333333
XC858197_-_White-rumped_Munia_-_Lonchura_striata_subsquamicollis.mp3,Lonchura_striata,19.41333333333333,19.44533333333333
XC858197_-_White-rumped_Munia_-_Lonchura_striata_subsquamicollis.mp3,Lonchura_striata,20.02133333333333,20.090666666666667
XC858197_-_White-rumped_Munia_-_Lonchura_striata_subsquamicollis.mp3,Lonchura_striata,20.59733333333333,20.714666666666663
XC858197_-_White-rumped_Munia_-_Lonchura_striata_subsquamicollis.mp3,Lonchura_striata,20.832,20.869333333333334
XC858197_-_White-rumped_Munia_-_Lonchura_striata_subsquamicollis.mp3,Lonchura_striata,20.933333333333334,21.056
XC858197_-_White-rumped_Munia_-_Lonchura_striata_subsquamicollis.mp3,Lonchura_striata,21.136,21.20533333333333
XC858197_-_White-rumped_Munia_-_Lonchura_striata_subsquamicollis.mp3,Lonchura_striata,21.296,21.36533333333333
XC858197_-_White-rumped_Munia_-_Lonchura_striata_subsquamicollis.mp3,Lonchura_striata,21.450666666666667,21.530666666666665
XC858197_-_White-rumped_Munia_-_Lonchura_striata_subsquamicollis.mp3,Lonchura_striata,21.914666666666665,22.02133333333333
XC858197_-_White-rumped_Munia_-_Lonchura_striata_subsquamicollis.mp3,Lonchura_striata,22.474666666666668,22.656
XC858197_-_White-rumped_Munia_-_Lonchura_striata_subsquamicollis.mp3,Lonchura_striata,22.82133333333333,23.216
XC858197_-_White-rumped_Munia_-_Lonchura_striata_subsquamicollis.mp3,Lonchura_striata,23.92,24.042666666666666
XC858197_-_White-rumped_Munia_-_Lonchura_striata_subsquamicollis.mp3,Lonchura_striata,24.250666666666667,24.288
XC858197_-_White-rumped_Munia_-_Lonchura_striata_subsquamicollis.mp3,Lonchura_striata,24.442666666666668,24.576
XC858197_-_White-rumped_Munia_-_Lonchura_striata_subsquamicollis.mp3,Lonchura_striata,25.27466666666667,25.33333333333333
XC858197_-_White-rumped_Munia_-_Lonchura_striata_subsquamicollis.mp3,Lonchura_striata,25.968,26.042666666666666
XC858197_-_White-rumped_Munia_-_Lonchura_striata_subsquamicollis.mp3,Lonchura_striata,26.586666666666662,26.752
XC858197_-_White-rumped_Munia_-_Lonchura_striata_subsquamicollis.mp3,Lonchura_striata,26.826666666666668,26.858666666666668
XC858197_-_White-rumped_Munia_-_Lonchura_striata_subsquamicollis.mp3,Lonchura_striata,26.986666666666668,27.056
XC858197_-_White-rumped_Munia_-_Lonchura_striata_subsquamicollis.mp3,Lonchura_striata,27.30666666666667,27.754666666666665
XC858197_-_White-rumped_Munia_-_Lonchura_striata_subsquamicollis.mp3,Lonchura_striata,27.914666666666665,28.005333333333333
XC858197_-_White-rumped_Munia_-_Lonchura_striata_subsquamicollis.mp3,Lonchura_striata,28.090666666666667,28.16
XC858197_-_White-rumped_Munia_-_Lonchura_striata_subsquamicollis.mp3,Lonchura_striata,28.997333333333334,29.066666666666663
XC858197_-_White-rumped_Munia_-_Lonchura_striata_subsquamicollis.mp3,Lonchura_striata,29.264,29.376
XC858197_-_White-rumped_Munia_-_Lonchura_striata_subsquamicollis.mp3,Lonchura_striata,29.57333333333333,29.60533333333333
XC858197_-_White-rumped_Munia_-_Lonchura_striata_subsquamicollis.mp3,Lonchura_striata,30.34133333333333,30.46933333333333
XC858197_-_White-rumped_Munia_-_Lonchura_striata_subsquamicollis.mp3,Lonchura_striata,31.14133333333333,31.2
XC858197_-_White-rumped_Munia_-_Lonchura_striata_subsquamicollis.mp3,Lonchura_striata,31.258666666666667,31.296
XC858197_-_White-rumped_Munia_-_Lonchura_striata_subsquamicollis.mp3,Lonchura_striata,31.49333333333333,31.58933333333333
XC858197_-_White-rumped_Munia_-_Lonchura_striata_subsquamicollis.mp3,Lonchura_striata,32.053333333333335,32.176
XC858197_-_White-rumped_Munia_-_Lonchura_striata_subsquamicollis.mp3,Lonchura_striata,32.78933333333333,32.90133333333333
XC858197_-_White-rumped_Munia_-_Lonchura_striata_subsquamicollis.mp3,Lonchura_striata,33.024,33.14666666666667
XC858197_-_White-rumped_Munia_-_Lonchura_striata_subsquamicollis.mp3,Lonchura_striata,33.648,33.712
XC858197_-_White-rumped_Munia_-_Lonchura_striata_subsquamicollis.mp3,Lonchura_striata,34.309333333333335,34.36266666666667
XC858197_-_White-rumped_Munia_-_Lonchura_striata_subsquamicollis.mp3,Lonchura_striata,34.61866666666667,34.688
XC858197_-_White-rumped_Munia_-_Lonchura_striata_subsquamicollis.mp3,Lonchura_striata,37.306666666666665,37.408
XC858197_-_White-rumped_Munia_-_Lonchura_striata_subsquamicollis.mp3,Lonchura_striata,37.54666666666667,37.73866666666667
XC858197_-_White-rumped_Munia_-_Lonchura_striata_subsquamicollis.mp3,Lonchura_striata,38.192,38.272
1788610832775_020.wav,Lonchura_striata_domestica,0.7836734693877551,0.8417233560090703
1788610832775_020.wav,Lonchura_striata_domestica,0.9287981859410432,0.9926530612244898
1788610832775_020.wav,Lonchura_striata_domestica,1.073922902494331,1.1551927437641722
1788610832775_020.wav,Lonchura_striata_domestica,1.2190476190476192,1.3003174603174603
1788610832775_020.wav,Lonchura_striata_domestica,1.364172335600907,1.4454421768707484
1788610832775_020.wav,Lonchura_striata_domestica,1.509297052154195,1.596371882086168
1788610832775_020.wav,Lonchura_striata_domestica,1.6602267573696146,1.7414965986394555
1788610832775_020.wav,Lonchura_striata_domestica,1.8575963718820865,1.915646258503401
1788610832775_020.wav,Lonchura_striata_domestica,1.9736961451247168,2.0549659863945577
1788610832775_020.wav,Lonchura_striata_domestica,2.1884807256235828,2.2639455782312927
1788610832775_020.wav,Lonchura_striata_domestica,2.316190476190476,2.403265306122449
1788610832775_020.wav,Lonchura_striata_domestica,2.4961451247165534,2.571609977324263
1788610832775_020.wav,Lonchura_striata_domestica,2.6064399092970523,2.6993197278911563
1788610832775_020.wav,Lonchura_striata_domestica,2.7341496598639456,2.809614512471655
1788610832775_020.wav,Lonchura_striata_domestica,2.8560544217687074,3.0650340136054424
1788610832775_020.wav,Lonchura_striata_domestica,3.1172789115646258,3.314648526077097
1788610832775_020.wav,Lonchura_striata_domestica,3.3494784580498864,3.4133333333333336
1788610832775_020.wav,Lonchura_striata_domestica,3.453968253968254,3.657142857142857
1788610832775_020.wav,Lonchura_striata_domestica,3.715192743764173,3.860317460317461
1788610832775_020.wav,Lonchura_striata_domestica,3.889342403628118,4.08671201814059
1788610832775_020.wav,Lonchura_striata_domestica,4.121541950113379,4.35374149659864
1788610832775_020.wav,Lonchura_striata_domestica,4.429206349206349,4.673015873015873
1788610832775_020.wav,Lonchura_striata_domestica,4.696235827664399,4.77750566893424
1788610832775_020.wav,Lonchura_striata_domestica,4.85297052154195,4.92843537414966
1788610832775_020.wav,Lonchura_striata_domestica,4.992290249433107,5.079365079365079
1788610832775_020.wav,Lonchura_striata_domestica,5.125804988662131,5.2128798185941045
1788610832775_020.wav,Lonchura_striata_domestica,5.253514739229025,5.328979591836735
1788610832775_020.wav,Lonchura_striata_domestica,5.375419501133787,5.584399092970521
1788610832775_020.wav,Lonchura_striata_domestica,5.636643990929705,5.834013605442177
1788610832775_020.wav,Lonchura_striata_domestica,5.863038548752835,6.101043083900227
1788610832775_020.wav,Lonchura_striata_domestica,6.15328798185941,6.397097505668934
1788610832775_020.wav,Lonchura_striata_domestica,6.42031746031746,6.501587301587302
1788610832775_020.wav,Lonchura_striata_domestica,6.565442176870748,6.646712018140589
1788610832775_020.wav,Lonchura_striata_domestica,6.710566893424036,6.797641723356009
1788610832775_020.wav,Lonchura_striata_domestica,6.849886621315193,6.936961451247165
1788610832775_020.wav,Lonchura_striata_domestica,6.977596371882086,7.058866213151927
1788610832775_020.wav,Lonchura_striata_domestica,7.099501133786848,7.308480725623583
1788610832775_020.wav,Lonchura_striata_domestica,7.349115646258503,7.552290249433106
1788610832775_020.wav,Lonchura_striata_domestica,7.581315192743764,7.656780045351474
1788610832775_020.wav,Lonchura_striata_domestica,7.685804988662132,7.772879818594104
1788610832775_020.wav,Lonchura_striata_domestica,7.796099773242631,7.894784580498866
1788610832775_020.wav,Lonchura_striata_domestica,7.9412244897959186,8.086349206349206
1788610832775_020.wav,Lonchura_striata_domestica,8.109569160997733,8.306938775510204
1788610832775_020.wav,Lonchura_striata_domestica,8.341768707482993,8.573968253968253
1788610832775_020.wav,Lonchura_striata_domestica,8.643628117913833,8.881632653061224
1788610832775_020.wav,Lonchura_striata_domestica,8.904852607709751,8.986122448979591
1788610832775_020.wav,Lonchura_striata_domestica,9.049977324263038,9.13124716553288
1788610832775_020.wav,Lonchura_striata_domestica,9.183492063492064,9.270566893424036
1788610832775_020.wav,Lonchura_striata_domestica,9.311201814058958,9.404081632653062
1788610832775_020.wav,Lonchura_striata_domestica,9.438911564625853,9.520181405895691
1788610832775_020.wav,Lonchura_striata_domestica,9.560816326530611,9.769795918367349
1788610832775_020.wav,Lonchura_striata_domestica,9.822040816326531,10.019410430839002
1788610832775_020.wav,Lonchura_striata_domestica,10.04843537414966,10.135510204081632
1788610832775_020.wav,Lonchura_striata_domestica,10.158730158730158,10.361904761904762
1788610832775_020.wav,Lonchura_striata_domestica,10.408344671201814,10.553469387755102
1788610832775_020.wav,Lonchura_striata_domestica,10.576689342403627,10.779863945578231
1788610832775_020.wav,Lonchura_striata_domestica,10.81469387755102,11.04689342403628
1788610832775_020.wav,Lonchura_striata_domestica,11.128163265306124,11.354557823129252
1788610832775_020.wav,Lonchura_striata_domestica,11.377777777777778,11.464852607709751
1788610832775_020.wav,Lonchura_striata_domestica,11.528707482993198,11.61578231292517
1788610832775_020.wav,Lonchura_striata_domestica,11.708662131519274,11.789931972789116
1788610832775_020.wav,Lonchura_striata_domestica,11.824761904761903,11.929251700680272
1788610832775_020.wav,Lonchura_striata_domestica,11.952471655328798,12.03374149659864
1788610832775_020.wav,Lonchura_striata_domestica,12.07437641723356,12.283356009070294
1788610832775_020.wav,Lonchura_striata_domestica,12.323990929705216,12.52716553287982
1788610832775_020.wav,Lonchura_striata_domestica,12.550385487528343,12.625850340136054
1788610832775_020.wav,Lonchura_striata_domestica,12.660680272108843,12.86965986394558
1788610832775_020.wav,Lonchura_striata_domestica,12.91609977324263,13.06122448979592
1788610832775_020.wav,Lonchura_striata_domestica,13.090249433106576,13.287619047619048
1788610832775_020.wav,Lonchura_striata_domestica,13.322448979591837,13.56625850340136
1788610832775_020.wav,Lonchura_striata_domestica,13.653333333333334,13.902947845804988
1788610832775_020.wav,Lonchura_striata_domestica,13.926167800453516,14.007437641723357
1788610832775_020.wav,Lonchura_striata_domestica,14.10031746031746,14.187392290249432
1788610832775_020.wav,Lonchura_striata_domestica,14.245442176870748,14.338321995464852
1788610832775_020.wav,Lonchura_striata_domestica,14.378956916099773,14.471836734693875
1788610832775_020.wav,Lonchura_striata_domestica,14.500861678004537,14.587936507936508
1788610832775_020.wav,Lonchura_striata_domestica,14.628571428571428,14.837551020408164
1788610832775_020.wav,Lonchura_striata_domestica,14.883990929705217,15.081360544217688
1788610832775_020.wav,Lonchura_striata_domestica,15.116190476190477,15.197460317460315
1788610832775_020.wav,Lonchura_striata_domestica,15.226485260770977,15.43546485260771
1788610832775_020.wav,Lonchura_striata_domestica,15.487709750566893,15.62702947845805
1788610832775_020.wav,Lonchura_striata_domestica,15.66185941043084,15.85922902494331
1788610832775_020.wav,Lonchura_striata_domestica,15.8940589569161,16.137868480725622
1788610832775_020.wav,Lonchura_striata_domestica,16.80544217687075,16.857687074829933
1788610832775_020.wav,Lonchura_striata_domestica,16.92734693877551,17.020226757369613
1788610832775_020.wav,Lonchura_striata_domestica,17.072471655328798,17.165351473922904
1788610832775_020.wav,Lonchura_striata_domestica,17.211791383219953,17.30467120181406
1788610832775_020.wav,Lonchura_striata_domestica,17.333696145124716,17.42077097505669
1788610832775_020.wav,Lonchura_striata_domestica,17.455600907029478,17.670385487528346
1788610832775_020.wav,Lonchura_striata_domestica,17.711020408163265,17.914195011337867
1788610832775_020.wav,Lonchura_striata_domestica,17.943219954648526,18.01868480725624
1788610832775_020.wav,Lonchura_striata_domestica,18.04770975056689,18.25668934240363
1788610832775_020.wav,Lonchura_striata_domestica,18.30312925170068,18.44825396825397
1788610832775_020.wav,Lonchura_striata_domestica,18.477278911564625,18.68045351473923
1788610832775_020.wav,Lonchura_striata_domestica,18.71528344671201,18.95328798185941
1788610832775_020.wav,Lonchura_striata_domestica,19.44671201814059,19.51056689342404
1788610832775_020.wav,Lonchura_striata_domestica,19.580226757369616,19.67310657596372
1788610832775_020.wav,Lonchura_striata_domestica,19.725351473922903,19.818231292517005
1788610832775_020.wav,Lonchura_striata_domestica,19.8530612244898,19.940136054421767
1788610832775_020.wav,Lonchura_striata_domestica,19.97496598639456,20.189750566893423
1788610832775_020.wav,Lonchura_striata_domestica,20.23619047619048,20.433560090702947
1788610832775_020.wav,Lonchura_striata_domestica,20.46839002267573,20.54965986394558
1788610832775_020.wav,Lonchura_striata_domestica,20.572879818594103,20.78185941043084
1788610832775_020.wav,Lonchura_striata_domestica,20.83410430839002,20.97922902494331
1788610832775_020.wav,Lonchura_striata_domestica,21.00244897959184,21.20562358276644
1788610832775_020.wav,Lonchura_striata_domestica,21.24045351473923,21.478458049886623
1788610832776_006.wav,Lonchura_striata_domestica,0.5282539682539683,0.5979138321995465
1788610832776_006.wav,Lonchura_striata_domestica,0.6733786848072563,0.7430385487528345
1788610832776_006.wav,Lonchura_striata_domestica,0.8185034013605442,0.8881632653061224
1788610832776_006.wav,Lonchura_striata_domestica,0.9636281179138322,1.0332879818594105
1788610832776_006.wav,Lonchura_striata_domestica,1.1029478458049886,1.18421768707483
1788610832776_006.wav,Lonchura_striata_domestica,1.248072562358277,1.3235374149659864
1788610832776_006.wav,Lonchura_striata_domestica,1.3815873015873017,1.4628571428571429
1788610832776_006.wav,Lonchura_striata_domestica,1.520907029478458,1.6021768707482993
1788610832776_006.wav,Lonchura_striata_domestica,1.683446712018141,1.7414965986394555
1788610832776_006.wav,Lonchura_striata_domestica,1.787936507936508,1.869206349206349
1788610832776_006.wav,Lonchura_striata_domestica,1.98530612244898,2.043356009070295
1788610832776_006.wav,Lonchura_striata_domestica,2.0839909297052155,2.1710657596371883
1788610832776_006.wav,Lonchura_striata_domestica,2.281360544217687,2.351020408163265
1788610832776_006.wav,Lonchura_striata_domestica,2.391655328798186,2.48453514739229
1788610832776_006.wav,Lonchura_striata_domestica,2.536780045351474,2.6064399092970523
1788610832776_006.wav,Lonchura_striata_domestica,2.664489795918368,2.8676643990929707
1788610832776_006.wav,Lonchura_striata_domestica,2.919909297052154,3.1172789115646258
1788610832776_006.wav,Lonchura_striata_domestica,3.152108843537415,3.395918367346938
1788610832776_006.wav,Lonchura_striata_domestica,3.4597732426303853,3.6919727891156464
1788610832776_006.wav,Lonchura_striata_domestica,3.720997732426304,3.7964625850340137
1788610832776_006.wav,Lonchura_striata_domestica,3.877732426303855,3.947392290249433
1788610832776_006.wav,Lonchura_striata_domestica,4.01124716553288,4.08671201814059
1788610832776_006.wav,Lonchura_striata_domestica,4.12734693877551,4.20281179138322
1788610832776_006.wav,Lonchura_striata_domestica,4.249251700680272,4.452426303854876
1788610832776_006.wav,Lonchura_striata_domestica,4.504671201814059,4.696235827664399
1788610832776_006.wav,Lonchura_striata_domestica,4.73687074829932,4.800725623582767
1788610832776_006.wav,Lonchura_striata_domestica,4.841360544217687,4.934240362811791
1788610832776_006.wav,Lonchura_striata_domestica,4.957460317460318,5.050340136054421
1788610832776_006.wav,Lonchura_striata_domestica,5.108390022675737,5.2477097505668935
1788610832776_006.wav,Lonchura_striata_domestica,5.288344671201814,5.485714285714286
1788610832776_006.wav,Lonchura_striata_domestica,5.520544217687075,5.758548752834467
1788610832776_006.wav,Lonchura_striata_domestica,5.839818594104308,6.0778231292517
1788610832776_006.wav,Lonchura_striata_domestica,6.106848072562358,6.188117913832199
1788610832776_006.wav,Lonchura_striata_domestica,6.257777777777778,6.333242630385487
1788610832776_006.wav,Lonchura_striata_domestica,6.379682539682539,6.466757369614513
1788610832776_006.wav,Lonchura_striata_domestica,6.513197278911565,6.588662131519274
1788610832776_006.wav,Lonchura_striata_domestica,6.629297052154195,6.8382766439909295
1788610832776_006.wav,Lonchura_striata_domestica,6.884716553287982,7.082086167800454
1788610832776_006.wav,Lonchura_striata_domestica,7.122721088435374,7.360725623582766
1788610832776_006.wav,Lonchura_striata_domestica,7.436190476190476,7.697414965986394
1788610832776_006.wav,Lonchura_striata_domestica,7.726439909297052,7.801904761904762
1788610832776_006.wav,Lonchura_striata_domestica,7.865759637188209,7.9412244897959186
1788610832776_006.wav,Lonchura_striata_domestica,7.993469387755102,8.080544217687075
1788610832776_006.wav,Lonchura_striata_domestica,8.121179138321995,8.2140589569161
1788610832776_006.wav,Lonchura_striata_domestica,8.248888888888889,8.33015873015873
1788610832776_006.wav,Lonchura_striata_domestica,8.36498866213152,8.457868480725624
1788610832776_006.wav,Lonchura_striata_domestica,8.481088435374149,8.579773242630386
1788610832776_006.wav,Lonchura_striata_domestica,8.632018140589569,8.82938775510204
1788610832776_006.wav,Lonchura_striata_domestica,8.864217687074829,8.93968253968254
1788610832776_006.wav,Lonchura_striata_domestica,8.968707482993198,9.177687074829931
1788610832776_006.wav,Lonchura_striata_domestica,9.229931972789116,9.369251700680271
1788610832776_006.wav,Lonchura_striata_domestica,9.398276643990927,9.47374149659864
1788610832776_006.wav,Lonchura_striata_domestica,9.502766439909298,9.7059410430839
1788610832776_006.wav,Lonchura_striata_domestica,9.740770975056687,9.885895691609978
1788610832776_006.wav,Lonchura_striata_domestica,9.914920634920636,10.112290249433109
1788610832776_006.wav,Lonchura_striata_domestica,10.147120181405896,10.385124716553287
1788610832776_006.wav,Lonchura_striata_domestica,10.460589569160998,10.716009070294785
1788610832776_006.wav,Lonchura_striata_domestica,10.739229024943311,10.820498866213152
1788610832776_006.wav,Lonchura_striata_domestica,10.884353741496598,10.96562358276644
1788610832776_006.wav,Lonchura_striata_domestica,11.012063492063492,11.104943310657596
1788610832776_006.wav,Lonchura_striata_domestica,11.139773242630383,11.221043083900229
1788610832776_006.wav,Lonchura_striata_domestica,11.255873015873016,11.470657596371884
1788610832776_006.wav,Lonchura_striata_domestica,11.517097505668934,11.99310657596372
1788610832776_006.wav,Lonchura_striata_domestica,12.062766439909296,12.294965986394558
1788610832776_006.wav,Lonchura_striata_domestica,12.318185941043083,12.399455782312923
1788610832776_006.wav,Lonchura_striata_domestica,12.474920634920634,12.556190476190476
1788610832776_006.wav,Lonchura_striata_domestica,12.596825396825396,12.6897052154195
1788610832776_006.wav,Lonchura_striata_domestica,12.72453514739229,12.805804988662132
1788610832776_006.wav,Lonchura_striata_domestica,12.84063492063492,13.055419501133787
1788610832776_006.wav,Lonchura_striata_domestica,13.1134693877551,13.322448979591837
1788610832776_006.wav,Lonchura_striata_domestica,13.351473922902494,13.426938775510203
1788610832776_006.wav,Lonchura_striata_domestica,13.45596371882086,13.664943310657597
1788610832776_006.wav,Lonchura_striata_domestica,13.711383219954648,13.856507936507937
1788610832776_006.wav,Lonchura_striata_domestica,13.891337868480726,14.088707482993197
1788610832776_006.wav,Lonchura_striata_domestica,14.12934240362812,14.378956916099773
1788610832776_006.wav,Lonchura_striata_domestica,14.460226757369616,14.692426303854877
1788610832776_006.wav,Lonchura_striata_domestica,14.721451247165533,14.796916099773243
1788610832776_006.wav,Lonchura_striata_domestica,14.872380952380952,14.947845804988662
1788610832776_006.wav,Lonchura_striata_domestica,15.01750566893424,15.09877551020408
1788610832776_006.wav,Lonchura_striata_domestica,15.139410430839002,15.232290249433106
1788610832776_006.wav,Lonchura_striata_domestica,15.267120181405897,15.348390022675735
1788610832776_006.wav,Lonchura_striata_domestica,15.389024943310655,15.598004535147393
1788610832776_006.wav,Lonchura_striata_domestica,15.650249433106575,15.85342403628118
1788610832776_006.wav,Lonchura_striata_domestica,15.888253968253968,16.13206349206349
1788610832776_006.wav,Lonchura_striata_domestica,16.300408163265306,16.364263038548753
1788610832776_006.wav,Lonchura_striata_domestica,16.410702947845806,16.50358276643991
1788610832776_006.wav,Lonchura_striata_domestica,16.55002267573696,16.637097505668933
1788610832776_006.wav,Lonchura_striata_domestica,16.677732426303855,16.759002267573695
1788610832776_006.wav,Lonchura_striata_domestica,16.80544217687075,17.020226757369613
1788610832776_006.wav,Lonchura_striata_domestica,17.08408163265306,17.159546485260773
1788450639417__y-hermine-12-gecks-screams-moans-3.wav,Papio_papio,0.5572789115646258,0.6211337868480725
1788450639417__y-hermine-12-gecks-screams-moans-3.wav,Papio_papio,0.8591383219954648,1.3699773242630386
1788450639417__y-hermine-12-gecks-screams-moans-3.wav,Papio_papio,1.6602267573696146,2.246530612244898
1788450639417__y-hermine-12-gecks-screams-moans-3.wav,Papio_papio,2.716734693877551,3.291428571428572
1788450639417__y-hermine-12-gecks-screams-moans-3.wav,Papio_papio,3.465578231292517,3.633922902494331
1788450639417__y-hermine-12-gecks-screams-moans-3.wav,Papio_papio,3.866122448979592,4.057687074829932
1788450639417__y-hermine-12-gecks-screams-moans-3.wav,Papio_papio,4.173786848072562,4.841360544217687
1788450639417__y-hermine-12-gecks-screams-moans-3.wav,Papio_papio,5.067755102040817,5.137414965986395
1788450639417__y-hermine-12-gecks-screams-moans-3.wav,Papio_papio,5.317369614512471,5.38702947845805
1788450639417__y-hermine-12-gecks-screams-moans-3.wav,Papio_papio,5.561179138321996,5.839818594104308
1788450639417__y-hermine-12-gecks-screams-moans-3.wav,Papio_papio,6.072018140589569,6.263582766439909
1788450639417__y-hermine-12-gecks-screams-moans-3.wav,Papio_papio,6.8034467120181406,6.896326530612245
1788450639417__y-hermine-12-gecks-screams-moans-3.wav,Papio_papio,7.099501133786848,7.1807709750566895
1788450639417__y-hermine-12-gecks-screams-moans-3.wav,Papio_papio,7.378140589569161,7.453605442176871
1788450639417__y-hermine-12-gecks-screams-moans-3.wav,Papio_papio,7.63936507936508,8.701678004535147
1788450639417__y-hermine-12-gecks-screams-moans-3.wav,Papio_papio,8.922267573696145,9.520181405895691
1788450639417__y-hermine-12-gecks-screams-moans-3.wav,Papio_papio,9.694331065759638,10.385124716553287
1788450639417__y-hermine-12-gecks-screams-moans-3.wav,Papio_papio,10.61732426303855,10.704399092970522
1788450639417__y-hermine-12-gecks-screams-moans-3.wav,Papio_papio,10.913378684807256,10.988843537414963
1788450639417__y-hermine-12-gecks-screams-moans-3.wav,Papio_papio,11.784126984126983,11.8421768707483
1788450639417__y-hermine-12-gecks-screams-moans-3.wav,Papio_papio,12.422675736961452,12.49233560090703
1788450639417__y-hermine-12-gecks-screams-moans-3.wav,Papio_papio,12.99156462585034,13.055419501133787
1788450639417__y-hermine-12-gecks-screams-moans-3.wav,Papio_papio,13.612698412698412,13.670748299319728
1788450639417__y-hermine-12-gecks-screams-moans-3.wav,Papio_papio,15.44126984126984,15.714104308390022
1788450639417__y-hermine-12-gecks-screams-moans-3.wav,Papio_papio,15.81859410430839,16.306213151927437
1788450639417__y-hermine-12-gecks-screams-moans-3.wav,Papio_papio,16.50358276643991,16.596462585034015
1788450639417__y-hermine-12-gecks-screams-moans-3.wav,Papio_papio,16.828662131519273,16.89832199546485
1788450639417__y-hermine-12-gecks-screams-moans-3.wav,Papio_papio,17.740045351473924,17.79809523809524
1788450639417__y-hermine-12-gecks-screams-moans-3.wav,Papio_papio,18.024489795918367,18.07673469387755
1788450639417__y-hermine-12-gecks-screams-moans-3.wav,Papio_papio,18.291519274376416,18.3437641723356
1788450639417__y-hermine-12-gecks-screams-moans-3.wav,Papio_papio,18.575963718820866,18.628208616780046
1788450639417__y-hermine-12-gecks-screams-moans-3.wav,Papio_papio,18.90684807256236,18.959092970521542
1788450639417__y-hermine-12-gecks-screams-moans-3.wav,Papio_papio,19.19709750566893,19.25514739229025
1788450639417__y-hermine-12-gecks-screams-moans-3.wav,Papio_papio,19.81242630385488,19.87047619047619
1788450639417__y-hermine-12-gecks-screams-moans-3.wav,Papio_papio,20.120090702947845,20.17233560090703
1788450639417__y-hermine-12-gecks-screams-moans-3.wav,Papio_papio,20.74702947845805,20.79927437641724
1788450639417__y-hermine-12-gecks-screams-moans-3.wav,Papio_papio,21.00244897959184,21.07210884353741
1788450639417__y-hermine-12-gecks-screams-moans-3.wav,Papio_papio,21.217233560090705,21.43201814058957
1788450639417__y-hermine-12-gecks-screams-moans-3.wav,Papio_papio,21.84997732426304,22.16344671201814
1788450639417__y-hermine-12-gecks-screams-moans-3.wav,Papio_papio,22.36081632653061,22.45369614512472
1788450639417__y-hermine-12-gecks-screams-moans-3.wav,Papio_papio,22.62204081632653,22.70331065759637
1788450639417__y-hermine-12-gecks-screams-moans-3.wav,Papio_papio,23.18512471655329,23.248979591836736
1788450639417__y-hermine-12-gecks-screams-moans-3.wav,Papio_papio,23.411519274376417,23.49859410430839
1788450639417__y-hermine-12-gecks-screams-moans-3.wav,Papio_papio,23.666938775510204,23.74240362811792
1788450639417__y-hermine-12-gecks-screams-moans-3.wav,Papio_papio,23.899138321995466,24.050068027210884
1788450639417__y-hermine-12-gecks-screams-moans-3.wav,Papio_papio,24.177777777777777,24.827936507936503
1788450639417__y-hermine-12-gecks-screams-moans-3.wav,Papio_papio,25.385215419501133,25.472290249433108
1788450639417__y-hermine-12-gecks-screams-moans-3.wav,Papio_papio,25.66965986394558,25.774149659863944
1788450639417__y-hermine-12-gecks-screams-moans-3.wav,Papio_papio,25.930884353741497,26.105034013605444
1788450639417__y-hermine-12-gecks-screams-moans-3.wav,Papio_papio,26.348843537414965,26.64489795918368
1788450639417__y-hermine-12-gecks-screams-moans-3.wav,Papio_papio,26.842267573696144,26.93514739229025
1788450639417__y-hermine-12-gecks-screams-moans-3.wav,Papio_papio,27.14993197278912,27.237006802721087
1788450639417__y-hermine-12-gecks-screams-moans-3.wav,Papio_papio,27.416961451247165,27.49823129251701
1788450639417__y-hermine-12-gecks-screams-moans-3.wav,Papio_papio,27.71301587301588,27.985850340136054
1788450639417__y-hermine-12-gecks-screams-moans-3.wav,Papio_papio,28.09614512471656,28.525714285714287
1788450639417__y-hermine-12-gecks-screams-moans-3.wav,Papio_papio,28.856598639455783,29.60544217687075
1788450639417__y-hermine-12-gecks-screams-moans-3.wav,Papio_papio,29.82022675736961,29.93052154195012
1788450639417__y-hermine-12-gecks-screams-moans-3.wav,Papio_papio,30.116281179138323,30.197551020408163
1788450639417__y-hermine-12-gecks-screams-moans-3.wav,Papio_papio,30.429750566893425,30.522630385487528
1788450639417__y-hermine-12-gecks-screams-moans-3.wav,Papio_papio,30.708390022675736,31.06829931972789
1788450639417__y-hermine-12-gecks-screams-moans-3.wav,Papio_papio,31.73587301587301,32.02031746031746
1788450639417__y-hermine-12-gecks-screams-moans-3.wav,Papio_papio,32.78657596371882,32.88526077097506
1788450639417__y-hermine-12-gecks-screams-moans-3.wav,Papio_papio,33.09424036281179,33.158095238095235
1788450639417__y-hermine-12-gecks-screams-moans-3.wav,Papio_papio,33.36126984126984,33.48897959183673
1788450639417__y-hermine-12-gecks-screams-moans-3.wav,Papio_papio,33.65732426303855,33.91274376417233
1788450639417__y-hermine-12-gecks-screams-moans-3.wav,Papio_papio,34.11011337868481,34.19718820861678
1788450639417__y-hermine-12-gecks-screams-moans-3.wav,Papio_papio,34.71383219954649,34.88798185941043
1788450639417__y-hermine-12-gecks-screams-moans-3.wav,Papio_papio,34.99827664399093,35.253696145124714
1788450639417__y-hermine-12-gecks-screams-moans-3.wav,Papio_papio,37.30866213151928,37.37251700680272
1788450639417__y-hermine-12-gecks-screams-moans-3.wav,Papio_papio,37.52925170068027,37.92979591836735
1788450639418_y-pipo-91-male_grunts_et_wahoo.wav,Papio_papio,1.7763265306122449,2.037551020408164
1788450639418_y-pipo-91-male_grunts_et_wahoo.wav,Papio_papio,2.182675736961451,3.303038548752834
1788450639418_y-pipo-91-male_grunts_et_wahoo.wav,Papio_papio,4.39437641723356,4.667210884353741
1788450639418_y-pipo-91-male_grunts_et_wahoo.wav,Papio_papio,5.625034013605442,7.56390022675737
1788450639418_y-pipo-91-male_grunts_et_wahoo.wav,Papio_papio,8.51591836734694,8.573968253968253
1788450639418_y-pipo-91-male_grunts_et_wahoo.wav,Papio_papio,9.851065759637187,10.216780045351474
1788450639418_y-pipo-91-male_grunts_et_wahoo.wav,Papio_papio,12.271746031746032,13.119274376417234
1788450639418_y-pipo-91-male_grunts_et_wahoo.wav,Papio_papio,15.725714285714286,15.789569160997733
1788450639418_y-pipo-91-male_grunts_et_wahoo.wav,Papio_papio,16.31201814058957,16.956371882086167
1788450639418_y-pipo-91-male_grunts_et_wahoo.wav,Papio_papio,17.29886621315193,17.554285714285715
1788450639418_y-pipo-91-male_grunts_et_wahoo.wav,Papio_papio,18.2334693877551,18.291519274376416
1788450639418_y-pipo-91-male_grunts_et_wahoo.wav,Papio_papio,18.41922902494331,19.080997732426304
1788450639418_y-pipo-91-male_grunts_et_wahoo.wav,Papio_papio,19.3015873015873,19.62086167800453
1788450639418_y-pipo-91-male_grunts_et_wahoo.wav,Papio_papio,19.998185941043083,20.323265306122448
1788450639418_y-pipo-91-male_grunts_et_wahoo.wav,Papio_papio,21.112743764172336,21.18240362811792
1788450639418_y-pipo-91-male_grunts_et_wahoo.wav,Papio_papio,23.365079365079364,23.61469387755102
1788450639418_y-pipo-91-male_grunts_et_wahoo.wav,Papio_papio,24.29968253968254,24.38095238095238
1788450639418_y-pipo-91-male_grunts_et_wahoo.wav,Papio_papio,24.52607709750567,25.6
1788450639418_y-pipo-91-male_grunts_et_wahoo.wav,Papio_papio,25.72770975056689,26.17469387755102
1788450639418_y-pipo-91-male_grunts_et_wahoo.wav,Papio_papio,26.377868480725624,26.56362811791384
1788450639418_y-pipo-91-male_grunts_et_wahoo.wav,Papio_papio,26.73777777777778,27.068662131519275
1788450639418_y-pipo-91-male_grunts_et_wahoo.wav,Papio_papio,28.03809523809524,28.21804988662132
1788450639418_y-pipo-91-male_grunts_et_wahoo.wav,Papio_papio,28.374784580498865,28.43283446712018
1788450639418_y-pipo-91-male_grunts_et_wahoo.wav,Papio_papio,28.554739229024943,29.158458049886622
1788450639418_y-pipo-91-male_grunts_et_wahoo.wav,Papio_papio,29.4487074829932,29.57641723356009
1788448182027_0_CCE_2011_7_21_8_30.WAV,Phaethornis_longirostris,0.0,0.7256235827664399
1788448182027_0_CCE_2011_7_21_8_30.WAV,Phaethornis_longirostris,0.8010884353741496,0.9462131519274376
1788448182027_0_CCE_2011_7_21_8_30.WAV,Phaethornis_longirostris,1.1029478458049886,1.2016326530612245
1788448182027_0_CCE_2011_7_21_8_30.WAV,Phaethornis_longirostris,1.4106122448979592,1.5267120181405895
1788448182027_0_CCE_2011_7_21_8_30.WAV,Phaethornis_longirostris,1.5789569160997732,1.944671201814059
1788448182027_0_CCE_2011_7_21_8_30.WAV,Phaethornis_longirostris,2.409070294784581,2.501950113378685
1788448182027_0_CCE_2011_7_21_8_30.WAV,Phaethornis_longirostris,2.5541950113378684,2.7631746031746034
1788448182027_0_CCE_2011_7_21_8_30.WAV,Phaethornis_longirostris,2.850249433106576,2.873469387755102
1788448182027_0_CCE_2011_7_21_8_30.WAV,Phaethornis_longirostris,2.9837641723356008,3.2624036281179136
1788448182027_0_CCE_2011_7_21_8_30.WAV,Phaethornis_longirostris,3.599092970521542,5.015510204081632
1788448182027_0_CCE_2011_7_21_8_30.WAV,Phaethornis_longirostris,5.410249433106576,5.526349206349207
1788448182027_0_CCE_2011_7_21_8_30.WAV,Phaethornis_longirostris,5.996553287981859,7.047256235827664
1788448182027_0_CCE_2011_7_21_8_30.WAV,Phaethornis_longirostris,7.116916099773243,7.169160997732426
1788448182027_0_CCE_2011_7_21_8_30.WAV,Phaethornis_longirostris,7.349115646258503,7.476825396825397
1788448182027_0_CCE_2011_7_21_8_30.WAV,Phaethornis_longirostris,7.958639455782313,9.073197278911564
1788448182027_0_CCE_2011_7_21_8_30.WAV,Phaethornis_longirostris,9.346031746031748,9.491156462585034
1788448182027_0_CCE_2011_7_21_8_30.WAV,Phaethornis_longirostris,9.560816326530611,9.595646258503402
1788448182027_0_CCE_2011_7_21_8_30.WAV,Phaethornis_longirostris,10.00780045351474,10.12390022675737
1788448182027_0_CCE_2011_7_21_8_30.WAV,Phaethornis_longirostris,10.327074829931972,10.379319727891156
1788448182027_0_CCE_2011_7_21_8_30.WAV,Phaethornis_longirostris,10.652154195011338,10.7740589569161
1788448182027_0_CCE_2011_7_21_8_30.WAV,Phaethornis_longirostris,10.866938775510205,11.11655328798186
1788448182027_0_CCE_2011_7_21_8_30.WAV,Phaethornis_longirostris,11.23845804988662,11.633197278911563
1788448182027_0_CCE_2011_7_21_8_30.WAV,Phaethornis_longirostris,11.906031746031744,12.213696145124716
1788448182027_0_CCE_2011_7_21_8_30.WAV,Phaethornis_longirostris,12.503945578231292,12.75936507936508
1788448182027_0_CCE_2011_7_21_8_30.WAV,Phaethornis_longirostris,13.078639455782312,13.328253968253968
1788448182027_0_CCE_2011_7_21_8_30.WAV,Phaethornis_longirostris,13.589478458049886,13.734603174603174
1788448182027_0_CCE_2011_7_21_8_30.WAV,Phaethornis_longirostris,14.10031746031746,14.228027210884354
1788448182027_0_CCE_2011_7_21_8_30.WAV,Phaethornis_longirostris,14.32671201814059,14.431201814058957
1788448182027_0_CCE_2011_7_21_8_30.WAV,Phaethornis_longirostris,14.628571428571428,15.313560090702948
1788448182027_0_CCE_2011_7_21_8_30.WAV,Phaethornis_longirostris,15.55156462585034,16.306213151927437
1788448182027_0_CCE_2011_7_21_8_30.WAV,Phaethornis_longirostris,16.77641723356009,17.46721088435374
1788448182027_0_CCE_2011_7_21_8_30.WAV,Phaethornis_longirostris,17.914195011337867,20.0562358276644
1788448182027_0_CCE_2011_7_21_8_30.WAV,Phaethornis_longirostris,20.241995464852607,21.7687074829932
1788448182027_0_CCE_2011_7_21_8_30.WAV,Phaethornis_longirostris,22.07056689342404,22.175056689342405
1788448182027_0_CCE_2011_7_21_8_30.WAV,Phaethornis_longirostris,22.540770975056688,23.73079365079365
1788448182027_0_CCE_2011_7_21_8_30.WAV,Phaethornis_longirostris,23.817868480725625,23.980408163265302
1788448182027_0_CCE_2011_7_21_8_30.WAV,Phaethornis_longirostris,24.13714285714286,24.259047619047617
1788448182027_0_CCE_2011_7_21_8_30.WAV,Phaethornis_longirostris,24.40997732426304,24.502857142857145
1788448182027_0_CCE_2011_7_21_8_30.WAV,Phaethornis_longirostris,24.665396825396822,25.570975056689345
1788448182027_0_CCE_2011_7_21_8_30.WAV,Phaethornis_longirostris,25.67546485260771,25.87863945578232
1788448182027_0_CCE_2011_7_21_8_30.WAV,Phaethornis_longirostris,26.261768707483,26.395283446712018
1788448182027_0_CCE_2011_7_21_8_30.WAV,Phaethornis_longirostris,26.499773242630383,27.335691609977324
1788448182027_0_CCE_2011_7_21_8_30.WAV,Phaethornis_longirostris,27.43437641723356,27.57950113378685
1788448182027_0_CCE_2011_7_21_8_30.WAV,Phaethornis_longirostris,27.74204081632653,27.765260770975058
1788448182027_0_CCE_2011_7_21_8_30.WAV,Phaethornis_longirostris,27.87555555555556,27.91619047619048
1788448182027_0_CCE_2011_7_21_8_30.WAV,Phaethornis_longirostris,28.04390022675737,28.142585034013607
1788448182027_0_CCE_2011_7_21_8_30.WAV,Phaethornis_longirostris,28.66503401360544,29.46031746031746
1788448182027_0_CCE_2011_7_21_8_30.WAV,Phaethornis_longirostris,29.91310657596372,30.00018140589569
1788448182027_0_CCE_2011_7_21_8_30.WAV,Phaethornis_longirostris,30.38331065759637,31.66621315192744
1788448182027_0_CCE_2011_7_21_8_30.WAV,Phaethornis_longirostris,32.51374149659864,33.51800453514739
1788448182027_0_CCE_2011_7_21_8_30.WAV,Phaethornis_longirostris,33.58185941043084,33.9243537414966
1788448182027_0_CCE_2011_7_21_8_30.WAV,Phaethornis_longirostris,34.249433106575964,34.32489795918367
1788448182027_0_CCE_2011_7_21_8_30.WAV,Phaethornis_longirostris,34.40036281179138,34.48743764172335
1788448182027_0_CCE_2011_7_21_8_30.WAV,Phaethornis_longirostris,34.88798185941043,34.9750566893424
1788448182027_0_CCE_2011_7_21_8_30.WAV,Phaethornis_longirostris,35.02730158730159,35.16662131519274
1788448182027_0_CCE_2011_7_21_8_30.WAV,Phaethornis_longirostris,35.42204081632653,35.5265306122449
1788448182027_0_CCE_2011_7_21_8_30.WAV,Phaethornis_longirostris,35.619410430839004,35.7297052154195
1788448182027_0_CCE_2011_7_21_8_30.WAV,Phaethornis_longirostris,35.9328798185941,36.02575963718821
1788448182027_0_CCE_2011_7_21_8_30.WAV,Phaethornis_longirostris,36.18829931972789,36.28698412698413
1788448182027_0_CCE_2011_7_21_8_30.WAV,Phaethornis_longirostris,36.44952380952381,36.52498866213152
1788448182027_0_CCE_2011_7_21_8_30.WAV,Phaethornis_longirostris,36.75718820861678,36.855873015873016
1788448182027_0_CCE_2011_7_21_8_30.WAV,Phaethornis_longirostris,37.50022675736962,37.63954648526077
1788448182027_0_CCE_2011_7_21_8_30.WAV,Phaethornis_longirostris,38.12136054421769,38.26648526077098
1788448182027_0_CCE_2011_7_21_8_30.WAV,Phaethornis_longirostris,38.951473922902494,39.01532879818594
1788448182027_0_CCE_2011_7_21_8_30.WAV,Phaethornis_longirostris,39.11981859410431,39.17786848072562
1788448182027_0_CCE_2011_7_21_8_30.WAV,Phaethornis_longirostris,39.38684807256236,39.67709750566893
1788448182027_0_CCE_2011_7_21_8_30.WAV,Phaethornis_longirostris,39.95573696145125,40.04281179138322
1788448182027_0_CCE_2011_7_21_8_30.WAV,Phaethornis_longirostris,40.2227664399093,42.07455782312925
1788448182027_0_CCE_2011_7_21_8_30.WAV,Phaethornis_longirostris,42.35900226757369,42.57959183673469
1788448182027_0_CCE_2011_7_21_8_30.WAV,Phaethornis_longirostris,42.85823129251701,43.75800453514739
1788448182027_0_CCE_2011_7_21_8_30.WAV,Phaethornis_longirostris,44.23401360544218,44.28045351473923
1788448182027_0_CCE_2011_7_21_8_30.WAV,Phaethornis_longirostris,44.76807256235828,46.00453514739229
1788448182027_0_CCE_2011_7_21_8_30.WAV,Phaethornis_longirostris,46.21351473922903,46.35283446712018
1788448182027_0_CCE_2011_7_21_8_30.WAV,Phaethornis_longirostris,46.9449433106576,47.0378231292517
1788448182027_0_CCE_2011_7_21_8_30.WAV,Phaethornis_longirostris,47.57768707482993,47.69378684807256
1788448182027_0_CCE_2011_7_21_8_30.WAV,Phaethornis_longirostris,48.00725623582766,48.03047619047619
1788448182027_0_CCE_2011_7_21_8_30.WAV,Phaethornis_longirostris,48.13496598639456,48.2162358276644
1788448182027_0_CCE_2011_7_21_8_30.WAV,Phaethornis_longirostris,48.48326530612245,48.57034013605442
1788448182027_0_CCE_2011_7_21_8_30.WAV,Phaethornis_longirostris,48.72707482993197,48.75609977324263
1788448182027_0_CCE_2011_7_21_8_30.WAV,Phaethornis_longirostris,48.90702947845805,48.98249433106576
1788448182027_0_CCE_2011_7_21_8_30.WAV,Phaethornis_longirostris,49.237913832199546,49.31918367346939
1788448182027_0_CCE_2011_7_21_8_30.WAV,Phaethornis_longirostris,49.38884353741496,49.52235827664399
1788448182027_0_CCE_2011_7_21_8_30.WAV,Phaethornis_longirostris,49.77777777777778,51.26385487528345
1788448182027_0_CCE_2011_7_21_8_30.WAV,Phaethornis_longirostris,51.5134693877551,51.68181405895692
1788448182027_0_CCE_2011_7_21_8_30.WAV,Phaethornis_longirostris,52.01850340136055,53.26657596371882
1788448182027_0_CCE_2011_7_21_8_30.WAV,Phaethornis_longirostris,53.4465306122449,53.59746031746032
1788448182027_0_CCE_2011_7_21_8_30.WAV,Phaethornis_longirostris,54.02122448979592,55.605986394557824
1788448182027_0_CCE_2011_7_21_8_30.WAV,Phaethornis_longirostris,55.722086167800455,55.95428571428572
1788448182027_0_CCE_2011_7_21_8_30.WAV,Phaethornis_longirostris,56.28517006802721,57.59709750566893
1788448182027_0_CCE_2011_7_21_8_30.WAV,Phaethornis_longirostris,57.655147392290246,57.8292970521542
1788448182027_0_CCE_2011_7_21_8_30.WAV,Phaethornis_longirostris,57.88154195011338,57.91056689342403
1788448182027_0_CCE_2011_7_21_8_30.WAV,Phaethornis_longirostris,58.38077097505669,59.90167800453515
1788448182027_0_CCE_2011_7_21_8_30.WAV,Phaethornis_longirostris,60.33124716553288,60.4821768707483
1788448182027_0_CCE_2011_7_21_8_30.WAV,Phaethornis_longirostris,60.9059410430839,62.02049886621315
1788448182027_0_CCE_2011_7_21_8_30.WAV,Phaethornis_longirostris,62.09596371882086,62.3049433106576
1788448182027_0_CCE_2011_7_21_8_30.WAV,Phaethornis_longirostris,62.7112925170068,62.85061224489796
1788448182027_0_CCE_2011_7_21_8_30.WAV,Phaethornis_longirostris,63.344036281179136,63.48335600907029
1788448182027_0_CCE_2011_7_21_8_30.WAV,Phaethornis_longirostris,63.98839002267574,64.12190476190476
1788448182027_0_CCE_2011_7_21_8_30.WAV,Phaethornis_longirostris,64.37732426303855,64.41795918367347
1788448182027_0_CCE_2011_7_21_8_30.WAV,Phaethornis_longirostris,64.62113378684808,64.75464852607709
1788448182027_0_CCE_2011_7_21_8_30.WAV,Phaethornis_longirostris,65.20743764172336,65.30031746031746
1788448182027_0_CCE_2011_7_21_8_30.WAV,Phaethornis_longirostris,65.7124716553288,65.96208616780045
1788448182027_0_CCE_2011_7_21_8_30.WAV,Phaethornis_longirostris,66.42068027210884,66.52517006802721
1788448182027_0_CCE_2011_7_21_8_30.WAV,Phaethornis_longirostris,67.03020408163265,67.16952380952381
1788448182027_0_CCE_2011_7_21_8_30.WAV,Phaethornis_longirostris,67.34947845804989,67.4075283446712
1788448182027_0_CCE_2011_7_21_8_30.WAV,Phaethornis_longirostris,67.54104308390022,67.56426303854876
1788448182027_0_CCE_2011_7_21_8_30.WAV,Phaethornis_longirostris,67.65133786848072,67.79065759637189
1788448182027_0_CCE_2011_7_21_8_30.WAV,Phaethornis_longirostris,68.24925170068028,68.34213151927437
1788448182027_0_CCE_2011_7_21_8_30.WAV,Phaethornis_longirostris,68.9168253968254,69.03873015873016
1788448182027_0_CCE_2011_7_21_8_30.WAV,Phaethornis_longirostris,69.64825396825397,69.75854875283447
1788448182027_0_CCE_2011_7_21_8_30.WAV,Phaethornis_longirostris,70.26938775510204,70.40290249433106
1788448182027_0_CCE_2011_7_21_8_30.WAV,Phaethornis_longirostris,71.37814058956916,71.47682539682539
1788448182027_0_CCE_2011_7_21_8_30.WAV,Phaethornis_longirostris,71.97024943310657,72.1037641723356
1788448182027_0_CCE_2011_7_21_8_30.WAV,Phaethornis_longirostris,72.6029931972789,73.0441723356009
1788448182027_0_CCE_2011_7_21_8_30.WAV,Phaethornis_longirostris,73.09641723356009,73.25315192743764
1788448182027_0_CCE_2011_7_21_8_30.WAV,Phaethornis_longirostris,73.60145124716553,73.66530612244898
1788448182027_0_CCE_2011_7_21_8_30.WAV,Phaethornis_longirostris,74.06004535147392,75.4009977324263
1788448182027_0_CCE_2011_7_21_8_30.WAV,Phaethornis_longirostris,75.85378684807256,75.88861678004535
1788448182027_0_CCE_2011_7_21_8_30.WAV,Phaethornis_longirostris,75.94666666666667,76.57360544217687
1788448182027_0_CCE_2011_7_21_8_30.WAV,Phaethornis_longirostris,76.96834467120182,77.1134693877551
1788448182027_0_CCE_2011_7_21_8_30.WAV,Phaethornis_longirostris,77.5546485260771,77.83909297052155
1788448182027_0_CCE_2011_7_21_8_30.WAV,Phaethornis_longirostris,78.15836734693877,78.2918820861678
1788448182027_0_CCE_2011_7_21_8_30.WAV,Phaethornis_longirostris,78.79691609977324,78.92462585034014
1788448182027_0_CCE_2011_7_21_8_30.WAV,Phaethornis_longirostris,79.46448979591837,79.61541950113379
1788448182027_0_CCE_2011_7_21_8_30.WAV,Phaethornis_longirostris,80.16689342403627,80.25977324263039
1788448182027_0_CCE_2011_7_21_8_30.WAV,Phaethornis_longirostris,80.71836734693878,80.85768707482993
1788448182027_0_CCE_2011_7_21_8_30.WAV,Phaethornis_longirostris,81.3104761904762,81.42077097505668
1788448182027_0_CCE_2011_7_21_8_30.WAV,Phaethornis_longirostris,81.85034013605443,82.90684807256235
1788448182027_0_CCE_2011_7_21_8_30.WAV,Phaethornis_longirostris,83.21451247165533,83.30739229024944
1788448182027_0_CCE_2011_7_21_8_30.WAV,Phaethornis_longirostris,83.77179138321995,83.90530612244898
1788448182027_0_CCE_2011_7_21_8_30.WAV,Phaethornis_longirostris,83.97496598639455,83.99818594104309
1788448182027_0_CCE_2011_7_21_8_30.WAV,Phaethornis_longirostris,84.0562358276644,84.26521541950113
1788448182027_0_CCE_2011_7_21_8_30.WAV,Phaethornis_longirostris,84.53224489795919,84.67156462585034
1788448182027_0_CCE_2011_7_21_8_30.WAV,Phaethornis_longirostris,85.05469387755102,86.02993197278911
1788448182027_0_CCE_2011_7_21_8_30.WAV,Phaethornis_longirostris,86.22149659863946,86.36662131519275
1788448182027_0_CCE_2011_7_21_8_30.WAV,Phaethornis_longirostris,86.41886621315193,86.48272108843537
1788448182027_0_CCE_2011_7_21_8_30.WAV,Phaethornis_longirostris,86.90648526077098,87.05160997732426
1788448182027_0_CCE_2011_7_21_8_30.WAV,Phaethornis_longirostris,87.1328798185941,87.71337868480725
1788448182027_0_CCE_2011_7_21_8_30.WAV,Phaethornis_longirostris,87.98621315192744,88.02104308390022
1788448182027_0_CCE_2011_7_21_8_30.WAV,Phaethornis_longirostris,88.10231292517007,88.24163265306123
1788448182027_0_CCE_2011_7_21_8_30.WAV,Phaethornis_longirostris,88.65378684807256,88.79310657596372
1788448182027_0_CCE_2011_7_21_8_30.WAV,Phaethornis_longirostris,88.8801814058957,89.40843537414966
1788448182027_0_CCE_2011_7_21_8_30.WAV,Phaethornis_longirostris,89.9134693877551,90.04698412698413
1788448182027_0_CCE_2011_7_21_8_30.WAV,Phaethornis_longirostris,90.261768707483,90.79002267573696
1788448182027_0_CCE_2011_7_21_8_30.WAV,Phaethornis_longirostris,91.16734693877552,91.30086167800454
1788448182027_0_CCE_2011_7_21_8_30.WAV,Phaethornis_longirostris,91.74204081632654,92.11936507936508
1788448182027_0_CCE_2011_7_21_8_30.WAV,Phaethornis_longirostris,92.39219954648526,92.52571428571429
1788448182027_0_CCE_2011_7_21_8_30.WAV,Phaethornis_longirostris,92.94367346938776,93.46031746031746
1788448182027_0_CCE_2011_7_21_8_30.WAV,Phaethornis_longirostris,93.5415873015873,93.704126984127
1788448182027_0_CCE_2011_7_21_8_30.WAV,Phaethornis_longirostris,94.12789115646258,94.27301587301588
1788448182027_0_CCE_2011_7_21_8_30.WAV,Phaethornis_longirostris,94.65034013605442,95.83455782312924
1788448182027_0_CCE_2011_7_21_8_30.WAV,Phaethornis_longirostris,95.91002267573695,95.97968253968254
1788448182027_0_CCE_2011_7_21_8_30.WAV,Phaethornis_longirostris,96.1944671201814,96.31056689342404
1788448182027_0_CCE_2011_7_21_8_30.WAV,Phaethornis_longirostris,96.75174603174604,97.74439909297053
1788448182027_0_CCE_2011_7_21_8_30.WAV,Phaethornis_longirostris,97.8895238095238,98.02884353741496
1788448182027_0_CCE_2011_7_21_8_30.WAV,Phaethornis_longirostris,98.47002267573696,98.56290249433108
1788448182027_0_CCE_2011_7_21_8_30.WAV,Phaethornis_longirostris,98.87056689342404,99.79356009070295
1788448182027_0_CCE_2011_7_21_8_30.WAV,Phaethornis_longirostris,100.17668934240363,100.2985941043084
1788448182027_0_CCE_2011_7_21_8_30.WAV,Phaethornis_longirostris,100.74557823129253,100.83845804988664
1788448182027_0_CCE_2011_7_21_8_30.WAV,Phaethornis_longirostris,101.32027210884354,101.41895691609976
1788448182027_0_CCE_2011_7_21_8_30.WAV,Phaethornis_longirostris,101.92979591836736,102.0517006802721
1788448182027_0_CCE_2011_7_21_8_30.WAV,Phaethornis_longirostris,102.4928798185941,102.5857596371882
1788448182027_0_CCE_2011_7_21_8_30.WAV,Phaethornis_longirostris,103.28816326530612,103.42167800453517
1788448182027_0_CCE_2011_7_21_8_30.WAV,Phaethornis_longirostris,103.88027210884354,104.01378684807256
1788448182027_0_CCE_2011_7_21_8_30.WAV,Phaethornis_longirostris,104.40272108843536,105.61596371882086
1788448182027_0_CCE_2011_7_21_8_30.WAV,Phaethornis_longirostris,105.67401360544218,105.8249433106576
1788448182027_0_CCE_2011_7_21_8_30.WAV,Phaethornis_longirostris,106.57959183673468,107.85088435374148
1788448182027_0_CCE_2011_7_21_8_30.WAV,Phaethornis_longirostris,108.1991836734694,108.33850340136054
1788448182027_0_CCE_2011_7_21_8_30.WAV,Phaethornis_longirostris,108.6809977324263,109.6562358276644
1788448182027_0_CCE_2011_7_21_8_30.WAV,Phaethornis_longirostris,110.31219954648526,110.45151927437642
1788448182027_0_CCE_2011_7_21_8_30.WAV,Phaethornis_longirostris,110.89850340136054,112.419410430839
1788448182027_0_CCE_2011_7_21_8_30.WAV,Phaethornis_longirostris,112.88961451247164,113.03473922902496
1788448182027_0_CCE_2011_7_21_8_30.WAV,Phaethornis_longirostris,113.13342403628118,114.2421768707483
1788448182027_0_CCE_2011_7_21_8_30.WAV,Phaethornis_longirostris,114.38149659863946,114.48598639455784
1788448182027_0_CCE_2011_7_21_8_30.WAV,Phaethornis_longirostris,115.04326530612244,115.83274376417232
1788448182027_0_CCE_2011_7_21_8_30.WAV,Phaethornis_longirostris,116.39002267573696,116.52934240362812
1788448182027_0_CCE_2011_7_21_8_30.WAV,Phaethornis_longirostris,116.82539682539682,118.37532879818596
1788448182027_0_CCE_2011_7_21_8_30.WAV,Phaethornis_longirostris,118.58430839002268,118.67718820861678
1788448182027_0_CCE_2011_7_21_8_30.WAV,Phaethornis_longirostris,118.80489795918368,118.86294784580498
1788448182027_0_CCE_2011_7_21_8_30.WAV,Phaethornis_longirostris,119.17061224489797,119.30412698412698
1788448182027_0_CCE_2011_7_21_8_30.WAV,Phaethornis_longirostris,120.12843537414966,120.27356009070294
1788448182027_0_CCE_2011_7_21_8_30.WAV,Phaethornis_longirostris,120.8366439909297,120.9643537414966
1788448182027_0_CCE_2011_7_21_8_30.WAV,Phaethornis_longirostris,121.44616780045352,123.5069387755102
1788448182027_0_CCE_2011_7_21_8_30.WAV,Phaethornis_longirostris,124.23256235827664,125.81151927437642
1788448182027_0_CCE_2011_7_21_8_30.WAV,Phaethornis_longirostris,126.53133786848072,127.7619954648526
1788448182027_0_CCE_2011_7_21_8_30.WAV,Phaethornis_longirostris,127.97678004535148,128.0696598639456
1788448182027_0_CCE_2011_7_21_8_30.WAV,Phaethornis_longirostris,128.4237641723356,128.76045351473925
1788448182027_0_CCE_2011_7_21_8_30.WAV,Phaethornis_longirostris,129.12036281179138,129.92725623582766
1788448182027_0_CCE_2011_7_21_8_30.WAV,Phaethornis_longirostris,130.11882086167802,130.60063492063492
1788448182027_0_CCE_2011_7_21_8_30.WAV,Phaethornis_longirostris,130.8560544217687,132.42920634920634
1788448182027_0_CCE_2011_7_21_8_30.WAV,Phaethornis_longirostris,132.5336961451247,133.1025850340136
1788448182027_0_CCE_2011_7_21_8_30.WAV,Phaethornis_longirostris,133.44507936507935,135.04145124716553
1788448182027_0_CCE_2011_7_21_8_30.WAV,Phaethornis_longirostris,135.5522902494331,137.14866213151927
1788448182027_0_CCE_2011_7_21_8_30.WAV,Phaethornis_longirostris,138.13551020408164,139.55773242630386
1788448182027_0_CCE_2011_7_21_8_30.WAV,Phaethornis_longirostris,139.83637188208615,141.32244897959183
1788448182027_0_CCE_2011_7_21_8_30.WAV,Phaethornis_longirostris,141.84489795918367,143.13360544217687
1788448182027_0_CCE_2011_7_21_8_30.WAV,Phaethornis_longirostris,143.76634920634922,144.93895691609978
1788448182027_0_CCE_2011_7_21_8_30.WAV,Phaethornis_longirostris,145.03764172335602,145.1421315192744
1788448182027_0_CCE_2011_7_21_8_30.WAV,Phaethornis_longirostris,145.71102040816328,147.11002267573696
1788448182027_0_CCE_2011_7_21_8_30.WAV,Phaethornis_longirostris,147.5395918367347,148.83410430839
1788448182027_0_CCE_2011_7_21_8_30.WAV,Phaethornis_longirostris,148.95600907029478,149.0372789115646
1788448182027_0_CCE_2011_7_21_8_30.WAV,Phaethornis_longirostris,149.0895238095238,149.14176870748298
1788448182027_0_CCE_2011_7_21_8_30.WAV,Phaethornis_longirostris,149.6235827664399,150.94131519274376
1788448182027_0_CCE_2011_7_21_8_30.WAV,Phaethornis_longirostris,151.63791383219956,153.26331065759638
1788448182027_0_CCE_2011_7_21_8_30.WAV,Phaethornis_longirostris,153.95990929705215,155.05124716553289
1788448182027_0_CCE_2011_7_21_8_30.WAV,Phaethornis_longirostris,155.9974603174603,157.14684807256236
1788448182027_0_CCE_2011_7_21_8_30.WAV,Phaethornis_longirostris,157.64027210884353,157.7447619047619
1788448182027_0_CCE_2011_7_21_8_30.WAV,Phaethornis_longirostris,157.86086167800454,157.91891156462586
1788448182027_0_CCE_2011_7_21_8_30.WAV,Phaethornis_longirostris,158.56907029478458,159.70104308390023
1788448182027_0_CCE_2011_7_21_8_30.WAV,Phaethornis_longirostris,160.07256235827666,161.69795918367348
1788448182027_0_CCE_2011_7_21_8_30.WAV,Phaethornis_longirostris,162.1275283446712,163.81097505668933
1788448182027_0_CCE_2011_7_21_8_30.WAV,Phaethornis_longirostris,164.4088888888889,165.55827664399092
1788448182027_0_CCE_2011_7_21_8_30.WAV,Phaethornis_longirostris,165.65115646258502,165.84272108843538
1788448182027_0_CCE_2011_7_21_8_30.WAV,Phaethornis_longirostris,166.35356009070296,167.92090702947846
1788448182027_0_CCE_2011_7_21_8_30.WAV,Phaethornis_longirostris,168.36208616780044,169.77269841269842
1788448182027_0_CCE_2011_7_21_8_30.WAV,Phaethornis_longirostris,170.3938321995465,171.71156462585034
1788448182027_0_CCE_2011_7_21_8_30.WAV,Phaethornis_longirostris,171.8160544217687,171.83927437641722
1788448182027_0_CCE_2011_7_21_8_30.WAV,Phaethornis_longirostris,172.31528344671202,173.75492063492064
1788448182027_0_CCE_2011_7_21_8_30.WAV,Phaethornis_longirostris,174.16707482993198,175.59510204081633
1788448182027_0_CCE_2011_7_21_8_30.WAV,Phaethornis_longirostris,175.96662131519275,177.13342403628118
1788448182027_0_CCE_2011_7_21_8_30.WAV,Phaethornis_longirostris,177.27854875283447,177.3946485260771
1788448182027_0_CCE_2011_7_21_8_30.WAV,Phaethornis_longirostris,177.8184126984127,177.90548752834468
1788448182027_0_CCE_2011_7_21_8_30.WAV,Phaethornis_longirostris,178.3350566893424,178.40471655328798
1788448182027_0_CCE_2011_7_21_8_30.WAV,Phaethornis_longirostris,178.66013605442177,178.75301587301587
1788448182027_0_CCE_2011_7_21_8_30.WAV,Phaethornis_longirostris,178.83428571428573,178.9445804988662
1788448182027_0_CCE_2011_7_21_8_30.WAV,Phaethornis_longirostris,179.2754648526077,179.49605442176872
1788448182027_0_CCE_2011_7_21_8_30.WAV,Phaethornis_longirostris,179.8095238095238,179.9894784580499
1788448182027_0_CCE_2011_7_21_8_30.WAV,Phaethornis_longirostris,180.302947845805,180.60480725623583
1788448182027_0_CCE_2011_7_21_8_30.WAV,Phaethornis_longirostris,180.7847619047619,180.8718367346939
1788448182027_0_CCE_2011_7_21_8_30.WAV,Phaethornis_longirostris,180.94149659863945,181.0750113378685
1788448182027_0_CCE_2011_7_21_8_30.WAV,Phaethornis_longirostris,181.19691609977323,181.5219954648526
1788448182027_0_CCE_2011_7_21_8_30.WAV,Phaethornis_longirostris,181.82385487528344,182.02702947845805
1788448182027_0_CCE_2011_7_21_8_30.WAV,Phaethornis_longirostris,182.34049886621315,182.5785034013605
1788448182027_0_CCE_2011_7_21_8_30.WAV,Phaethornis_longirostris,182.82231292517008,183.04290249433103
1788448182027_0_CCE_2011_7_21_8_30.WAV,Phaethornis_longirostris,183.1009523809524,183.1590022675737
1788448182027_0_CCE_2011_7_21_8_30.WAV,Phaethornis_longirostris,183.2518820861678,183.38539682539684
1788448182027_0_CCE_2011_7_21_8_30.WAV,Phaethornis_longirostris,183.6175963718821,183.85560090702947
1788448182027_0_CCE_2011_7_21_8_30.WAV,Phaethornis_longirostris,184.18068027210884,184.43609977324263
1788448182027_0_CCE_2011_7_21_8_30.WAV,Phaethornis_longirostris,184.6508843537415,185.997641723356
1788448182027_0_CCE_2011_7_21_8_30.WAV,Phaethornis_longirostris,186.2356462585034,186.351746031746
1788448182027_0_CCE_2011_7_21_8_30.WAV,Phaethornis_longirostris,186.50267573696144,187.50113378684807
1788448182027_0_CCE_2011_7_21_8_30.WAV,Phaethornis_longirostris,187.60562358276644,187.7855782312925
1788448182027_0_CCE_2011_7_21_8_30.WAV,Phaethornis_longirostris,188.1687074829932,189.5096598639456
1788448182027_0_CCE_2011_7_21_8_30.WAV,Phaethornis_longirostris,189.7534693877551,189.79410430839
1788448182027_0_CCE_2011_7_21_8_30.WAV,Phaethornis_longirostris,189.9508390022676,190.0088888888889
1788448182027_0_CCE_2011_7_21_8_30.WAV,Phaethornis_longirostris,190.20625850340136,191.2105215419501
1788448182027_0_CCE_2011_7_21_8_30.WAV,Phaethornis_longirostris,191.3092063492064,191.4833560090703
1788448182027_0_CCE_2011_7_21_8_30.WAV,Phaethornis_longirostris,192.19736961451247,192.6269387755102
1788448182027_0_SUR_2010_5_21_7_02.WAV,Phaethornis_longirostris,0.2986666666666667,0.432
1788448182027_0_SUR_2010_5_21_7_02.WAV,Phaethornis_longirostris,0.816,0.9706666666666668
1788448182027_0_SUR_2010_5_21_7_02.WAV,Phaethornis_longirostris,1.4186666666666667,1.5626666666666666
1788448182027_0_SUR_2010_5_21_7_02.WAV,Phaethornis_longirostris,2.1226666666666665,2.2826666666666666
1788448182027_0_SUR_2010_5_21_7_02.WAV,Phaethornis_longirostris,2.869333333333333,3.018666666666667
1788448182027_0_SUR_2010_5_21_7_02.WAV,Phaethornis_longirostris,3.424,3.568
1788448182027_0_SUR_2010_5_21_7_02.WAV,Phaethornis_longirostris,3.989333333333333,4.1226666666666665
1788448182027_0_SUR_2010_5_21_7_02.WAV,Phaethornis_longirostris,4.570666666666667,4.704
1788448182027_0_SUR_2010_5_21_7_02.WAV,Phaethornis_longirostris,5.552,5.696
1788448182027_0_SUR_2010_5_21_7_02.WAV,Phaethornis_longirostris,6.08,6.213333333333333
1788448182027_0_SUR_2010_5_21_7_02.WAV,Phaethornis_longirostris,6.613333333333333,6.757333333333333
1788448182027_0_SUR_2010_5_21_7_02.WAV,Phaethornis_longirostris,7.514666666666667,7.653333333333333
1788448182027_0_SUR_2010_5_21_7_02.WAV,Phaethornis_longirostris,8.469333333333333,8.597333333333333
1788448182027_0_SUR_2010_5_21_7_02.WAV,Phaethornis_longirostris,9.296,9.434666666666669
1788448182027_0_SUR_2010_5_21_7_02.WAV,Phaethornis_longirostris,10.133333333333333,10.288
1788448182027_0_SUR_2010_5_21_7_02.WAV,Phaethornis_longirostris,10.901333333333334,11.050666666666666
1788448182027_0_SUR_2010_5_21_7_02.WAV,Phaethornis_longirostris,11.450666666666669,11.594666666666669
1788448182027_0_SUR_2010_5_21_7_02.WAV,Phaethornis_longirostris,12.346666666666666,12.506666666666666
1788448182027_0_SUR_2010_5_21_7_02.WAV,Phaethornis_longirostris,12.917333333333334,13.056
1788448182027_0_SUR_2010_5_21_7_02.WAV,Phaethornis_longirostris,13.429333333333334,13.573333333333334
1788448182027_0_SUR_2010_5_21_7_02.WAV,Phaethornis_longirostris,14.330666666666668,14.56
1788448182027_0_SUR_2010_5_21_7_02.WAV,Phaethornis_longirostris,14.922666666666666,15.109333333333334
1788448182027_0_SUR_2010_5_21_7_02.WAV,Phaethornis_longirostris,15.28,15.312
1788448182027_0_SUR_2010_5_21_7_02.WAV,Phaethornis_longirostris,15.376,15.493333333333334
1788448182027_0_SUR_2010_5_21_7_02.WAV,Phaethornis_longirostris,15.845333333333333,16.058666666666667
1788448182027_0_SUR_2010_5_21_7_02.WAV,Phaethornis_longirostris,16.346666666666668,16.474666666666668
1788448182027_0_SUR_2010_5_21_7_02.WAV,Phaethornis_longirostris,16.858666666666668,17.061333333333334
1788448182027_0_SUR_2010_5_21_7_02.WAV,Phaethornis_longirostris,17.354666666666667,17.477333333333334
1788448182027_0_SUR_2010_5_21_7_02.WAV,Phaethornis_longirostris,17.850666666666665,17.984
1788448182027_0_SUR_2010_5_21_7_02.WAV,Phaethornis_longirostris,18.352,18.586666666666662
1788448182027_0_SUR_2010_5_21_7_02.WAV,Phaethornis_longirostris,18.784,18.997333333333334
1788448182027_0_SUR_2010_5_21_7_02.WAV,Phaethornis_longirostris,19.344,19.488
1788448182027_0_SUR_2010_5_21_7_02.WAV,Phaethornis_longirostris,19.84,20.032
1788448182027_0_SUR_2010_5_21_7_02.WAV,Phaethornis_longirostris,20.362666666666662,20.581333333333333
1788448182027_0_SUR_2010_5_21_7_02.WAV,Phaethornis_longirostris,20.864,21.04533333333333
1788448182027_0_SUR_2010_5_21_7_02.WAV,Phaethornis_longirostris,21.34933333333333,21.504
1788448182027_0_SUR_2010_5_21_7_02.WAV,Phaethornis_longirostris,21.578666666666667,21.62133333333333
1788448182027_0_SUR_2010_5_21_7_02.WAV,Phaethornis_longirostris,21.808,21.984
1788448182027_0_SUR_2010_5_21_7_02.WAV,Phaethornis_longirostris,22.30933333333333,22.512
1788448182027_0_SUR_2010_5_21_7_02.WAV,Phaethornis_longirostris,22.570666666666668,22.592
1788448182027_0_SUR_2010_5_21_7_02.WAV,Phaethornis_longirostris,22.864,23.061333333333334
1788448182027_0_SUR_2010_5_21_7_02.WAV,Phaethornis_longirostris,23.34933333333333,23.450666666666667
1788448182027_0_SUR_2010_5_21_7_02.WAV,Phaethornis_longirostris,23.834666666666667,24.069333333333333
1788448182027_0_SUR_2010_5_21_7_02.WAV,Phaethornis_longirostris,24.32,24.517333333333333
1788448182027_0_SUR_2010_5_21_7_02.WAV,Phaethornis_longirostris,24.778666666666663,25.104
1788448182027_0_SUR_2010_5_21_7_02.WAV,Phaethornis_longirostris,25.25333333333333,25.44533333333333
1788448182027_0_SUR_2010_5_21_7_02.WAV,Phaethornis_longirostris,25.722666666666665,25.968
1788448182027_0_SUR_2010_5_21_7_02.WAV,Phaethornis_longirostris,26.032,26.074666666666666
1788448182027_0_SUR_2010_5_21_7_02.WAV,Phaethornis_longirostris,26.266666666666666,26.528
1788448182027_0_SUR_2010_5_21_7_02.WAV,Phaethornis_longirostris,26.746666666666663,26.965333333333334
1788448182027_0_SUR_2010_5_21_7_02.WAV,Phaethornis_longirostris,27.024,27.12
1788448182027_0_SUR_2010_5_21_7_02.WAV,Phaethornis_longirostris,27.258666666666667,27.41333333333333
1788448182027_0_SUR_2010_5_21_7_02.WAV,Phaethornis_longirostris,27.706666666666667,27.941333333333333
1788448182027_0_SUR_2010_5_21_7_02.WAV,Phaethornis_longirostris,28.261333333333333,28.586666666666662
1788448182027_0_SUR_2010_5_21_7_02.WAV,Phaethornis_longirostris,29.22133333333333,29.290666666666667
1788448182027_0_SUR_2010_5_21_7_02.WAV,Phaethornis_longirostris,30.816,30.954666666666668
1788448182027_0_SUR_2010_5_21_7_02.WAV,Phaethornis_longirostris,31.664,31.802666666666667
1788448182027_0_SUR_2010_5_21_7_02.WAV,Phaethornis_longirostris,32.16,32.304
1788448182027_0_SUR_2010_5_21_7_02.WAV,Phaethornis_longirostris,32.693333333333335,32.848
1788448182027_0_SUR_2010_5_21_7_02.WAV,Phaethornis_longirostris,33.29066666666667,33.44
1788448182027_0_SUR_2010_5_21_7_02.WAV,Phaethornis_longirostris,34.154666666666664,34.304
1788448182027_0_SUR_2010_5_21_7_02.WAV,Phaethornis_longirostris,34.752,34.912
1788448182027_0_SUR_2010_5_21_7_02.WAV,Phaethornis_longirostris,35.49333333333333,35.669333333333334
1788448182027_0_SUR_2010_5_21_7_02.WAV,Phaethornis_longirostris,36.272,36.42666666666667
1788448182027_0_SUR_2010_5_21_7_02.WAV,Phaethornis_longirostris,36.95466666666667,37.09333333333333
1788448182027_0_SUR_2010_5_21_7_02.WAV,Phaethornis_longirostris,37.51466666666666,37.65866666666667
1788448182027_0_SUR_2010_5_21_7_02.WAV,Phaethornis_longirostris,38.46933333333333,38.61333333333334
1788448182027_0_SUR_2010_5_21_7_02.WAV,Phaethornis_longirostris,39.050666666666665,39.18933333333333
1788448182027_0_SUR_2010_5_21_7_02.WAV,Phaethornis_longirostris,39.792,39.93066666666667
1788448182027_0_SUR_2010_5_21_7_02.WAV,Phaethornis_longirostris,40.36266666666667,40.501333333333335
1788448182027_0_SUR_2010_5_21_7_02.WAV,Phaethornis_longirostris,40.944,41.088
1788448182027_0_SUR_2010_5_21_7_02.WAV,Phaethornis_longirostris,41.54133333333333,41.664
1788448182027_0_SUR_2010_5_21_7_02.WAV,Phaethornis_longirostris,42.04266666666667,42.176
1788448182027_0_SUR_2010_5_21_7_02.WAV,Phaethornis_longirostris,42.576,42.72533333333333
1788448182027_0_SUR_2010_5_21_7_02.WAV,Phaethornis_longirostris,43.632,43.77066666666666
1788448182027_0_SUR_2010_5_21_7_02.WAV,Phaethornis_longirostris,44.29333333333334,44.45333333333333
1788448182027_0_SUR_2010_5_21_7_02.WAV,Phaethornis_longirostris,44.89066666666667,45.034666666666666
1788448182027_0_SUR_2010_5_21_7_02.WAV,Phaethornis_longirostris,45.728,45.86666666666667
1788448182027_0_SUR_2010_5_21_7_02.WAV,Phaethornis_longirostris,46.272,46.416
1788448182027_0_SUR_2010_5_21_7_02.WAV,Phaethornis_longirostris,46.896,47.04
1788448182027_0_SUR_2010_5_21_7_02.WAV,Phaethornis_longirostris,47.77066666666666,47.91466666666667
1788448182027_0_SUR_2010_5_21_7_02.WAV,Phaethornis_longirostris,48.586666666666666,48.768
1788448182027_0_SUR_2010_5_21_7_02.WAV,Phaethornis_longirostris,49.21066666666667,49.376
1788448182027_0_SUR_2010_5_21_7_02.WAV,Phaethornis_longirostris,50.117333333333335,50.26133333333333
1788448182027_0_SUR_2010_5_21_7_02.WAV,Phaethornis_longirostris,50.68266666666667,50.82666666666667
1788448182027_0_SUR_2010_5_21_7_02.WAV,Phaethornis_longirostris,51.306666666666665,51.461333333333336
1788448182027_0_SUR_2010_5_21_7_02.WAV,Phaethornis_longirostris,51.952,52.101333333333336
1788448182027_0_SUR_2010_5_21_7_02.WAV,Phaethornis_longirostris,52.85866666666666,53.01866666666667
1788448182027_0_SUR_2010_5_21_7_02.WAV,Phaethornis_longirostris,53.44,53.60533333333333
1788448182027_0_SUR_2010_5_21_7_02.WAV,Phaethornis_longirostris,54.06933333333333,54.202666666666666
1788448182027_0_SUR_2010_5_21_7_02.WAV,Phaethornis_longirostris,55.024,55.184
1788448182027_0_SUR_2010_5_21_7_02.WAV,Phaethornis_longirostris,55.808,55.95733333333333
1788448182027_0_SUR_2010_5_21_7_02.WAV,Phaethornis_longirostris,56.4,56.544
1788448182027_0_SUR_2010_5_21_7_02.WAV,Phaethornis_longirostris,57.205333333333336,57.344
1788448182027_0_SUR_2010_5_21_7_02.WAV,Phaethornis_longirostris,59.00266666666667,59.088
1788448182027_0_SUR_2010_5_21_7_02.WAV,Phaethornis_longirostris,59.77066666666666,59.968
1788448182027_0_SUR_2010_5_21_7_02.WAV,Phaethornis_longirostris,60.256,60.35733333333334
1788448182027_0_SUR_2010_5_21_7_02.WAV,Phaethornis_longirostris,60.81066666666667,60.864
1788448182027_0_SUR_2010_5_21_7_02.WAV,Phaethornis_longirostris,61.370666666666665,61.397333333333336
1788448182027_0_SUR_2010_5_21_7_02.WAV,Phaethornis_longirostris,62.736,62.896
1788448182027_0_SUR_2010_5_21_7_02.WAV,Phaethornis_longirostris,63.424,63.57333333333333
1788448182027_0_SUR_2010_5_21_7_02.WAV,Phaethornis_longirostris,63.95733333333333,64.096
1788448182027_0_SUR_2010_5_21_7_02.WAV,Phaethornis_longirostris,64.61333333333333,64.768
1788448182027_0_SUR_2010_5_21_7_02.WAV,Phaethornis_longirostris,65.424,65.568
1788448182027_0_SUR_2010_5_21_7_02.WAV,Phaethornis_longirostris,66.112,66.256
1788448182027_0_SUR_2010_5_21_7_02.WAV,Phaethornis_longirostris,67.008,67.136
1788448182027_0_SUR_2010_5_21_7_02.WAV,Phaethornis_longirostris,67.61066666666666,67.744
1788448182027_0_SUR_2010_5_21_7_02.WAV,Phaethornis_longirostris,68.176,68.32
1788448182027_0_SUR_2010_5_21_7_02.WAV,Phaethornis_longirostris,69.04533333333333,69.18933333333334
1788448182027_0_SUR_2010_5_21_7_02.WAV,Phaethornis_longirostris,71.03466666666667,71.17333333333333
1788448182027_0_SUR_2010_5_21_7_02.WAV,Phaethornis_longirostris,74.40533333333333,74.528
1788448182027_0_SUR_2010_5_21_7_02.WAV,Phaethornis_longirostris,75.04,75.19466666666666
1788448182027_0_SUR_2010_5_21_7_02.WAV,Phaethornis_longirostris,75.552,75.68533333333333
1788448182027_0_SUR_2010_5_21_7_02.WAV,Phaethornis_longirostris,76.10666666666667,76.24533333333333
1788448182027_0_SUR_2010_5_21_7_02.WAV,Phaethornis_longirostris,76.672,76.80533333333334
1788448182027_0_SUR_2010_5_21_7_02.WAV,Phaethornis_longirostris,77.21066666666667,77.36533333333334
1788448182027_0_SUR_2010_5_21_7_02.WAV,Phaethornis_longirostris,77.80266666666667,77.94133333333333
1788448182027_0_SUR_2010_5_21_7_02.WAV,Phaethornis_longirostris,78.44266666666667,78.576
1788448182027_0_SUR_2010_5_21_7_02.WAV,Phaethornis_longirostris,79.06133333333334,79.20533333333333
1788448182027_0_SUR_2010_5_21_7_02.WAV,Phaethornis_longirostris,79.888,80.03733333333334
1788448182027_0_SUR_2010_5_21_7_02.WAV,Phaethornis_longirostris,80.72,80.87466666666667
1788448182027_0_SUR_2010_5_21_7_02.WAV,Phaethornis_longirostris,81.408,81.56266666666667
1788448182027_0_SUR_2010_5_21_7_02.WAV,Phaethornis_longirostris,82.08533333333334,82.23466666666667
1788448182027_0_SUR_2010_5_21_7_02.WAV,Phaethornis_longirostris,82.704,82.848
1788448182027_0_SUR_2010_5_21_7_02.WAV,Phaethornis_longirostris,83.712,83.82933333333334
1788448182027_0_SUR_2010_5_21_7_02.WAV,Phaethornis_longirostris,84.26133333333334,84.4
1788448182027_0_SUR_2010_5_21_7_02.WAV,Phaethornis_longirostris,84.71466666666667,84.87466666666667
1788448182027_0_SUR_2010_5_21_7_02.WAV,Phaethornis_longirostris,85.62133333333334,85.728
1788448182027_0_SUR_2010_5_21_7_02.WAV,Phaethornis_longirostris,86.448,86.57066666666667
1788448182027_0_SUR_2010_5_21_7_02.WAV,Phaethornis_longirostris,87.11466666666666,87.24266666666666
1788448182027_0_SUR_2010_5_21_7_02.WAV,Phaethornis_longirostris,87.81866666666667,87.95733333333334
1788448182027_0_SUR_2010_5_21_7_02.WAV,Phaethornis_longirostris,88.37866666666666,88.528
1788448182027_0_SUR_2010_5_21_7_02.WAV,Phaethornis_longirostris,88.92266666666667,89.088
1788448182027_0_SUR_2010_5_21_7_02.WAV,Phaethornis_longirostris,89.44,89.62133333333334
1788448182027_0_SUR_2010_5_21_7_02.WAV,Phaethornis_longirostris,90.096,90.22933333333332
1788448182027_0_SUR_2010_5_21_7_02.WAV,Phaethornis_longirostris,90.85333333333334,91.00266666666668
1788448182027_0_SUR_2010_5_21_7_02.WAV,Phaethornis_longirostris,91.42933333333332,91.552
1788448182027_0_SUR_2010_5_21_7_02.WAV,Phaethornis_longirostris,91.936,92.05866666666668
1788448182027_0_SUR_2010_5_21_7_02.WAV,Phaethornis_longirostris,92.46933333333334,92.56533333333331
1788448182027_0_SUR_2010_5_21_7_02.WAV,Phaethornis_longirostris,92.96,93.072
1788448182027_0_SUR_2010_5_21_7_02.WAV,Phaethornis_longirostris,93.488,93.6
1788448182027_0_SUR_2010_5_21_7_02.WAV,Phaethornis_longirostris,93.97333333333331,94.12266666666666
1788448182027_0_SUR_2010_5_21_7_02.WAV,Phaethornis_longirostris,94.512,94.68266666666666
1788448182027_0_SUR_2010_5_21_7_02.WAV,Phaethornis_longirostris,94.98666666666666,95.14666666666666
1788448182027_0_SUR_2010_5_21_7_02.WAV,Phaethornis_longirostris,95.712,95.85066666666668
1788448182027_0_SUR_2010_5_21_7_02.WAV,Phaethornis_longirostris,98.848,99.14666666666666
1788448182027_0_SUR_2010_5_21_7_02.WAV,Phaethornis_longirostris,99.28,99.30666666666669
1788448182027_0_SUR_2010_5_21_7_02.WAV,Phaethornis_longirostris,99.36533333333334,99.62666666666668
1788448182027_0_SUR_2010_5_21_7_02.WAV,Phaethornis_longirostris,99.73333333333332,99.792
1788448182027_0_SUR_2010_5_21_7_02.WAV,Phaethornis_longirostris,99.872,100.14933333333332
1788448182027_0_SUR_2010_5_21_7_02.WAV,Phaethornis_longirostris,100.24,100.28266666666669
1788448182027_0_SUR_2010_5_21_7_02.WAV,Phaethornis_longirostris,100.336,100.48533333333332
1788448182027_0_SUR_2010_5_21_7_02.WAV,Phaethornis_longirostris,100.576,100.60266666666666
1788448182027_0_SUR_2010_5_21_7_02.WAV,Phaethornis_longirostris,100.73066666666666,100.77333333333333
1788448182027_0_SUR_2010_5_21_7_02.WAV,Phaethornis_longirostris,100.896,100.93866666666666
1788448182027_0_SUR_2010_5_21_7_02.WAV,Phaethornis_longirostris,100.992,101.25866666666668
1788448182027_0_SUR_2010_5_21_7_02.WAV,Phaethornis_longirostris,101.52,101.75466666666668
1788448182027_0_SUR_2010_5_21_7_02.WAV,Phaethornis_longirostris,102.00533333333334,102.23466666666668
1788448182027_0_SUR_2010_5_21_7_02.WAV,Phaethornis_longirostris,102.33066666666669,102.384
1788448182027_0_SUR_2010_5_21_7_02.WAV,Phaethornis_longirostris,102.50133333333332,102.56
1788448182027_0_SUR_2010_5_21_7_02.WAV,Phaethornis_longirostris,102.65066666666668,102.73066666666666
1788448182027_0_SUR_2010_5_21_7_02.WAV,Phaethornis_longirostris,102.848,103.072
1788448182027_0_SUR_2010_5_21_7_02.WAV,Phaethornis_longirostris,103.14666666666666,103.2
1788448182027_0_SUR_2010_5_21_7_02.WAV,Phaethornis_longirostris,103.45066666666666,103.728
1788448182027_0_SUR_2010_5_21_7_02.WAV,Phaethornis_longirostris,103.84533333333331,103.87733333333334
1788448182027_0_SUR_2010_5_21_7_02.WAV,Phaethornis_longirostris,103.97333333333331,104.048
1788448182027_0_SUR_2010_5_21_7_02.WAV,Phaethornis_longirostris,104.128,104.21333333333334
1788448182027_0_SUR_2010_5_21_7_02.WAV,Phaethornis_longirostris,104.29333333333334,104.54933333333334
1788448182027_0_SUR_2010_5_21_7_02.WAV,Phaethornis_longirostris,104.66133333333332,104.69333333333331
1788448182027_0_SUR_2010_5_21_7_02.WAV,Phaethornis_longirostris,104.95466666666668,105.36533333333334
1788448182027_0_SUR_2010_5_21_7_02.WAV,Phaethornis_longirostris,105.47733333333332,105.56266666666669
1788448182027_0_SUR_2010_5_21_7_02.WAV,Phaethornis_longirostris,105.648,105.70133333333334
1788448182027_0_SUR_2010_5_21_7_02.WAV,Phaethornis_longirostris,105.81866666666669,106.05333333333331
1788448182027_0_SUR_2010_5_21_7_02.WAV,Phaethornis_longirostris,106.16533333333334,106.19733333333332
1788448182027_0_SUR_2010_5_21_7_02.WAV,Phaethornis_longirostris,106.34666666666666,106.37866666666666
1788448182027_0_SUR_2010_5_21_7_02.WAV,Phaethornis_longirostris,106.44266666666668,106.87466666666668
1788448182027_0_SUR_2010_5_21_7_02.WAV,Phaethornis_longirostris,106.93866666666666,107.072
1788448182027_0_SUR_2010_5_21_7_02.WAV,Phaethornis_longirostris,107.136,107.22133333333332
1788448182027_0_SUR_2010_5_21_7_02.WAV,Phaethornis_longirostris,107.328,107.76533333333332
1788448182027_0_SUR_2010_5_21_7_02.WAV,Phaethornis_longirostris,107.856,108.06933333333332
1788448182027_0_SUR_2010_5_21_7_02.WAV,Phaethornis_longirostris,108.15466666666669,108.21866666666666
1788448182027_0_SUR_2010_5_21_7_02.WAV,Phaethornis_longirostris,108.34133333333334,108.576
1788448182027_0_SUR_2010_5_21_7_02.WAV,Phaethornis_longirostris,108.66133333333332,108.74666666666668
1788448182027_0_SUR_2010_5_21_7_02.WAV,Phaethornis_longirostris,108.81066666666666,109.06666666666666
1788448182027_0_SUR_2010_5_21_7_02.WAV,Phaethornis_longirostris,109.328,109.71733333333331
1788448182027_0_SUR_2010_5_21_7_02.WAV,Phaethornis_longirostris,109.83466666666666,109.86133333333332
1788448182027_0_SUR_2010_5_21_7_02.WAV,Phaethornis_longirostris,109.97333333333331,110.26666666666668
1788448182027_0_SUR_2010_5_21_7_02.WAV,Phaethornis_longirostris,110.336,110.4
1788448182027_0_SUR_2010_5_21_7_02.WAV,Phaethornis_longirostris,110.45333333333332,110.56533333333331
1788448182027_0_SUR_2010_5_21_7_02.WAV,Phaethornis_longirostris,110.68266666666666,111.23733333333334
1788448182027_0_SUR_2010_5_21_7_02.WAV,Phaethornis_longirostris,111.36533333333334,111.39733333333334
1788448182027_0_SUR_2010_5_21_7_02.WAV,Phaethornis_longirostris,111.50933333333332,111.90933333333334
1788448182027_0_SUR_2010_5_21_7_02.WAV,Phaethornis_longirostris,112.02666666666669,112.752
1788448182027_0_SUR_2010_5_21_7_02.WAV,Phaethornis_longirostris,112.848,112.912
1788448182027_0_SUR_2010_5_21_7_02.WAV,Phaethornis_longirostris,113.03466666666668,113.41333333333333
1788448182027_0_SUR_2010_5_21_7_02.WAV,Phaethornis_longirostris,113.53066666666666,113.76533333333332
1788448182027_0_SUR_2010_5_21_7_02.WAV,Phaethornis_longirostris,113.872,113.89866666666668
1788448182027_0_SUR_2010_5_21_7_02.WAV,Phaethornis_longirostris,114.03733333333334,114.25066666666666
1788448182027_0_SUR_2010_5_21_7_02.WAV,Phaethornis_longirostris,114.38933333333334,114.416
1788448182027_0_SUR_2010_5_21_7_02.WAV,Phaethornis_longirostris,114.55466666666666,114.95466666666668
1788448182027_0_SUR_2010_5_21_7_02.WAV,Phaethornis_longirostris,115.01333333333334,115.25333333333332
1788448182027_0_SUR_2010_5_21_7_02.WAV,Phaethornis_longirostris,115.36,115.42933333333332
1788448182027_0_SUR_2010_5_21_7_02.WAV,Phaethornis_longirostris,115.50933333333332,115.77066666666668
1788448182027_0_SUR_2010_5_21_7_02.WAV,Phaethornis_longirostris,115.88266666666668,115.90933333333334
1788448182027_0_SUR_2010_5_21_7_02.WAV,Phaethornis_longirostris,116.03733333333334,116.30933333333331
1788448182027_0_SUR_2010_5_21_7_02.WAV,Phaethornis_longirostris,116.40533333333332,116.45333333333332
1788448182027_0_SUR_2010_5_21_7_02.WAV,Phaethornis_longirostris,116.544,116.66666666666669
1788448182027_0_SUR_2010_5_21_7_02.WAV,Phaethornis_longirostris,116.72,117.29066666666668
1788448182027_0_SUR_2010_5_21_7_02.WAV,Phaethornis_longirostris,117.43466666666669,117.46133333333331
1788448182027_0_SUR_2010_5_21_7_02.WAV,Phaethornis_longirostris,117.57866666666666,117.82933333333334
1788448182027_0_SUR_2010_5_21_7_02.WAV,Phaethornis_longirostris,117.88266666666668,117.96266666666666
1788448182027_0_SUR_2010_5_21_7_02.WAV,Phaethornis_longirostris,118.096,118.544
1788448182027_0_SUR_2010_5_21_7_02.WAV,Phaethornis_longirostris,118.59733333333334,118.832
1788448182027_0_SUR_2010_5_21_7_02.WAV,Phaethornis_longirostris,118.944,118.98666666666666
1788448182027_0_SUR_2010_5_21_7_02.WAV,Phaethornis_longirostris,119.07733333333331,119.504
1788448182027_0_SUR_2010_5_21_7_02.WAV,Phaethornis_longirostris,119.60533333333332,119.65866666666666
1788448182027_0_SUR_2010_5_21_7_02.WAV,Phaethornis_longirostris,119.77066666666668,120.18666666666668
1788448182027_0_SUR_2010_5_21_7_02.WAV,Phaethornis_longirostris,120.304,120.53866666666669
1788448182027_0_SUR_2010_5_21_7_02.WAV,Phaethornis_longirostris,120.65066666666668,121.04533333333332
1788448182027_0_SUR_2010_5_21_7_02.WAV,Phaethornis_longirostris,121.15733333333333,121.216
1788448182027_0_SUR_2010_5_21_7_02.WAV,Phaethornis_longirostris,121.33333333333331,121.74933333333334
1788448182027_0_SUR_2010_5_21_7_02.WAV,Phaethornis_longirostris,121.84,121.91466666666666
1788448182027_0_SUR_2010_5_21_7_02.WAV,Phaethornis_longirostris,122.02133333333332,122.048
1788448182027_0_SUR_2010_5_21_7_02.WAV,Phaethornis_longirostris,122.14933333333332,122.46933333333334
1788448182027_0_SUR_2010_5_21_7_02.WAV,Phaethornis_longirostris,122.52266666666668,122.64533333333334
1788448182027_0_SUR_2010_5_21_7_02.WAV,Phaethornis_longirostris,122.70933333333332,122.736
1788448182027_0_SUR_2010_5_21_7_02.WAV,Phaethornis_longirostris,122.88,123.30666666666669
1788448182027_0_SUR_2010_5_21_7_02.WAV,Phaethornis_longirostris,123.39733333333334,123.43466666666669
1788448182027_0_SUR_2010_5_21_7_02.WAV,Phaethornis_longirostris,123.54133333333333,123.96266666666666
1788448182027_0_SUR_2010_5_21_7_02.WAV,Phaethornis_longirostris,124.05333333333331,124.13866666666668
1788448182027_0_SUR_2010_5_21_7_02.WAV,Phaethornis_longirostris,124.256,124.29333333333334
1788448182027_0_SUR_2010_5_21_7_02.WAV,Phaethornis_longirostris,124.34666666666666,124.848
1788448182027_0_SUR_2010_5_21_7_02.WAV,Phaethornis_longirostris,125.05066666666669,125.37066666666666
1788448182027_0_SUR_2010_5_21_7_02.WAV,Phaethornis_longirostris,125.44533333333334,125.54666666666668
1788448182027_0_SUR_2010_5_21_7_02.WAV,Phaethornis_longirostris,125.61066666666666,125.66933333333331
1788448182027_0_SUR_2010_5_21_7_02.WAV,Phaethornis_longirostris,125.95733333333334,126.25066666666666
1788448182027_0_SUR_2010_5_21_7_02.WAV,Phaethornis_longirostris,126.56533333333331,127.104
1788448182027_0_SUR_2010_5_21_7_02.WAV,Phaethornis_longirostris,127.38133333333332,127.728
1788448182027_0_SUR_2010_5_21_7_02.WAV,Phaethornis_longirostris,127.94133333333332,128.08533333333332
1788448182027_0_SUR_2010_5_21_7_02.WAV,Phaethornis_longirostris,128.1386666666667,128.192
1788448182027_0_SUR_2010_5_21_7_02.WAV,Phaethornis_longirostris,128.34133333333332,128.48
1788448182027_0_SUR_2010_5_21_7_02.WAV,Phaethornis_longirostris,128.86933333333334,128.99733333333333
1788448182027_0_SUR_2010_5_21_7_02.WAV,Phaethornis_longirostris,129.39733333333334,129.77066666666667
1788448182027_0_SUR_2010_5_21_7_02.WAV,Phaethornis_longirostris,129.95733333333334,130.10133333333334
1788448182027_0_SUR_2010_5_21_7_02.WAV,Phaethornis_longirostris,130.23466666666667,130.28266666666667
1788448182027_0_SUR_2010_5_21_7_02.WAV,Phaethornis_longirostris,130.37866666666667,130.4
1788448182027_0_SUR_2010_5_21_7_02.WAV,Phaethornis_longirostris,130.53866666666667,130.75733333333332
1788448182027_0_SUR_2010_5_21_7_02.WAV,Phaethornis_longirostris,131.056,131.25866666666667
1788448182027_0_SUR_2010_5_21_7_02.WAV,Phaethornis_longirostris,131.552,131.76533333333333
1788448182027_0_SUR_2010_5_21_7_02.WAV,Phaethornis_longirostris,132.12266666666667,132.29866666666666
1788448182027_0_SUR_2010_5_21_7_02.WAV,Phaethornis_longirostris,132.624,132.77333333333334
1788448182027_0_SUR_2010_5_21_7_02.WAV,Phaethornis_longirostris,133.104,133.22666666666666
1788448182027_0_SUR_2010_5_21_7_02.WAV,Phaethornis_longirostris,133.63733333333334,133.808
1788448182027_0_SUR_2010_5_21_7_02.WAV,Phaethornis_longirostris,134.224,134.448
1788448182027_0_SUR_2010_5_21_7_02.WAV,Phaethornis_longirostris,134.736,134.89066666666668
1788448182027_0_SUR_2010_5_21_7_02.WAV,Phaethornis_longirostris,135.232,135.38133333333334
1788448182027_0_SUR_2010_5_21_7_02.WAV,Phaethornis_longirostris,135.744,135.89333333333337
1788448182027_0_SUR_2010_5_21_7_02.WAV,Phaethornis_longirostris,136.41066666666666,136.58666666666667
1788448182027_0_SUR_2010_5_21_7_02.WAV,Phaethornis_longirostris,136.90666666666667,137.06666666666666
1788448182027_0_SUR_2010_5_21_7_02.WAV,Phaethornis_longirostris,137.488,137.64266666666666
1788448182027_0_SUR_2010_5_21_7_02.WAV,Phaethornis_longirostris,137.984,138.19733333333335
1788448182027_0_SUR_2010_5_21_7_02.WAV,Phaethornis_longirostris,138.43733333333333,138.592
1788448182027_0_SUR_2010_5_21_7_02.WAV,Phaethornis_longirostris,138.93333333333334,139.08266666666665
1788448182027_0_SUR_2010_5_21_7_02.WAV,Phaethornis_longirostris,139.45066666666668,139.6266666666667
1788448182027_0_SUR_2010_5_21_7_02.WAV,Phaethornis_longirostris,139.98933333333332,140.15466666666666
1788448182027_0_SUR_2010_5_21_7_02.WAV,Phaethornis_longirostris,140.49066666666667,140.65066666666667
1788448182027_0_SUR_2010_5_21_7_02.WAV,Phaethornis_longirostris,141.04533333333333,141.184
1788448182027_0_SUR_2010_5_21_7_02.WAV,Phaethornis_longirostris,141.632,141.792
1788448182027_0_SUR_2010_5_21_7_02.WAV,Phaethornis_longirostris,142.28266666666667,142.42133333333334
1788448182027_0_SUR_2010_5_21_7_02.WAV,Phaethornis_longirostris,142.784,142.92266666666666
1788448182027_0_SUR_2010_5_21_7_02.WAV,Phaethornis_longirostris,143.28533333333334,143.39733333333334
1788448182027_0_SUR_2010_5_21_7_02.WAV,Phaethornis_longirostris,143.76533333333333,143.90933333333334
1788448182027_0_SUR_2010_5_21_7_02.WAV,Phaethornis_longirostris,144.25066666666666,144.384
1788448182027_0_SUR_2010_5_21_7_02.WAV,Phaethornis_longirostris,144.73066666666668,144.86933333333334
1788448182027_0_SUR_2010_5_21_7_02.WAV,Phaethornis_longirostris,145.22666666666666,145.376
1788448182027_0_SUR_2010_5_21_7_02.WAV,Phaethornis_longirostris,145.73333333333332,145.8826666666667
1788448182027_0_SUR_2010_5_21_7_02.WAV,Phaethornis_longirostris,146.224,146.37866666666667
1788448182027_0_SUR_2010_5_21_7_02.WAV,Phaethornis_longirostris,146.8,146.944
1788448182027_0_SUR_2010_5_21_7_02.WAV,Phaethornis_longirostris,147.35466666666667,147.49333333333334
1788448182027_0_SUR_2010_5_21_7_02.WAV,Phaethornis_longirostris,147.81866666666667,147.952
1788448182027_0_SUR_2010_5_21_7_02.WAV,Phaethornis_longirostris,148.27733333333333,148.432
1788448182027_0_SUR_2010_5_21_7_02.WAV,Phaethornis_longirostris,148.752,148.896
1788448182027_0_SUR_2010_5_21_7_02.WAV,Phaethornis_longirostris,149.26933333333332,149.424
1788448182027_0_SUR_2010_5_21_7_02.WAV,Phaethornis_longirostris,150.23466666666667,150.38933333333333
1788448182027_0_SUR_2010_5_21_7_02.WAV,Phaethornis_longirostris,151.21066666666667,151.36533333333333
1788448182027_0_SUR_2010_5_21_7_02.WAV,Phaethornis_longirostris,151.67466666666667,151.85066666666663
1788448182027_0_SUR_2010_5_21_7_02.WAV,Phaethornis_longirostris,152.21866666666668,152.384
1788448182027_0_SUR_2010_5_21_7_02.WAV,Phaethornis_longirostris,152.69866666666667,152.87466666666666
1788448182027_0_SUR_2010_5_21_7_02.WAV,Phaethornis_longirostris,153.17866666666666,153.33333333333334
1788448182027_0_SUR_2010_5_21_7_02.WAV,Phaethornis_longirostris,153.6266666666667,153.776
1788448182027_0_SUR_2010_5_21_7_02.WAV,Phaethornis_longirostris,154.05866666666665,154.23466666666667
1788448182027_0_SUR_2010_5_21_7_02.WAV,Phaethornis_longirostris,154.544,154.70933333333332
1788448182027_0_SUR_2010_5_21_7_02.WAV,Phaethornis_longirostris,154.93333333333334,155.088
1788448182027_0_SUR_2010_5_21_7_02.WAV,Phaethornis_longirostris,155.344,155.47733333333332
1788448182027_0_SUR_2010_5_21_7_02.WAV,Phaethornis_longirostris,156.10666666666663,156.24
1788448182027_0_SUR_2010_5_21_7_02.WAV,Phaethornis_longirostris,157.20533333333333,157.26933333333332
1788448182027_0_SUR_2010_5_21_7_02.WAV,Phaethornis_longirostris,157.6,157.712
1788448182027_0_SUR_2010_5_21_7_02.WAV,Phaethornis_longirostris,158.32,158.448
1788448182027_0_SUR_2010_5_21_7_02.WAV,Phaethornis_longirostris,158.86933333333334,159.06666666666666
1788448182027_0_SUR_2010_5_21_7_02.WAV,Phaethornis_longirostris,159.312,159.49866666666668
1788448182027_0_SUR_2010_5_21_7_02.WAV,Phaethornis_longirostris,159.73333333333332,159.86666666666667
1788448182027_0_SUR_2010_5_21_7_02.WAV,Phaethornis_longirostris,160.10666666666663,160.224
1788448182027_0_SUR_2010_5_21_7_02.WAV,Phaethornis_longirostris,160.48533333333333,160.61866666666666
1788448182027_0_SUR_2010_5_21_7_02.WAV,Phaethornis_longirostris,160.74666666666667,160.88
1788448182027_0_SUR_2010_5_21_7_02.WAV,Phaethornis_longirostris,161.34933333333333,161.52533333333332
1788448182027_0_SUR_2010_5_21_7_02.WAV,Phaethornis_longirostris,161.968,162.16
1788448182027_0_SUR_2010_5_21_7_02.WAV,Phaethornis_longirostris,162.61866666666666,162.78933333333333
1788448182027_0_SUR_2010_5_21_7_02.WAV,Phaethornis_longirostris,163.07733333333334,163.24266666666668
1788448182027_0_SUR_2010_5_21_7_02.WAV,Phaethornis_longirostris,163.504,163.68533333333335
1788448182027_0_SUR_2010_5_21_7_02.WAV,Phaethornis_longirostris,164.016,164.16533333333334
1788448182027_0_SUR_2010_5_21_7_02.WAV,Phaethornis_longirostris,164.48,164.63466666666667
1788448182027_0_SUR_2010_5_21_7_02.WAV,Phaethornis_longirostris,164.944,165.09866666666667
1788448182027_0_SUR_2010_5_21_7_02.WAV,Phaethornis_longirostris,165.376,165.54133333333334
1788448182027_0_SUR_2010_5_21_7_02.WAV,Phaethornis_longirostris,165.79733333333334,165.95733333333334
1788448182027_0_SUR_2010_5_21_7_02.WAV,Phaethornis_longirostris,166.272,166.448
1788448182027_0_SUR_2010_5_21_7_02.WAV,Phaethornis_longirostris,166.71466666666666,166.88
1788448182027_0_SUR_2010_5_21_7_02.WAV,Phaethornis_longirostris,167.14666666666668,167.312
1788448182027_0_SUR_2010_5_21_7_02.WAV,Phaethornis_longirostris,167.60533333333333,167.77066666666667
1788448182027_0_SUR_2010_5_21_7_02.WAV,Phaethornis_longirostris,168.05333333333334,168.24533333333332
1788448182027_0_SUR_2010_5_21_7_02.WAV,Phaethornis_longirostris,168.51733333333334,168.67733333333334
1788448182027_0_SUR_2010_5_21_7_02.WAV,Phaethornis_longirostris,169.008,169.17866666666666
1788448182027_0_SUR_2010_5_21_7_02.WAV,Phaethornis_longirostris,169.49333333333334,169.64266666666666
1788448182027_0_SUR_2010_5_21_7_02.WAV,Phaethornis_longirostris,169.984,170.19733333333335
1788448182027_0_SUR_2010_5_21_7_02.WAV,Phaethornis_longirostris,170.47466666666668,170.64533333333333
1788448182027_0_SUR_2010_5_21_7_02.WAV,Phaethornis_longirostris,170.944,171.13066666666666
1788448182027_0_SUR_2010_5_21_7_02.WAV,Phaethornis_longirostris,171.43466666666666,171.584
1788448182027_0_SUR_2010_5_21_7_02.WAV,Phaethornis_longirostris,171.91466666666668,172.08533333333332
1788448182027_0_SUR_2010_5_21_7_02.WAV,Phaethornis_longirostris,172.42666666666668,172.592
1788448182027_0_SUR_2010_5_21_7_02.WAV,Phaethornis_longirostris,173.21066666666667,173.36
1788448182027_0_SUR_2010_5_21_7_02.WAV,Phaethornis_longirostris,173.92,174.08
1788448182027_0_SUR_2010_5_21_7_02.WAV,Phaethornis_longirostris,174.61866666666666,174.78933333333333
1788448182027_0_SUR_2010_5_21_7_02.WAV,Phaethornis_longirostris,175.248,175.41866666666667
1788448182027_0_SUR_2010_5_21_7_02.WAV,Phaethornis_longirostris,175.92533333333333,176.10666666666663
1788448182027_0_SUR_2010_5_21_7_02.WAV,Phaethornis_longirostris,176.576,176.74666666666667
1788448182027_0_SUR_2010_5_21_7_02.WAV,Phaethornis_longirostris,177.22666666666666,177.38666666666666
1788448182027_0_SUR_2010_5_21_7_02.WAV,Phaethornis_longirostris,177.8613333333333,178.03733333333332
1788448182027_0_SUR_2010_5_21_7_02.WAV,Phaethornis_longirostris,178.496,178.64533333333333
1788448182027_0_SUR_2010_5_21_7_02.WAV,Phaethornis_longirostris,179.12533333333334,179.30133333333333
1788448182027_0_SUR_2010_5_21_7_02.WAV,Phaethornis_longirostris,179.71733333333333,179.87733333333333
1788448182027_0_SUR_2010_5_21_7_02.WAV,Phaethornis_longirostris,180.36266666666663,180.53866666666667
1788448182027_0_SUR_2010_5_21_7_02.WAV,Phaethornis_longirostris,181.0133333333333,181.17866666666663
1788448182027_0_SUR_2010_5_21_7_02.WAV,Phaethornis_longirostris,181.664,181.85066666666663
1788448182027_0_SUR_2010_5_21_7_02.WAV,Phaethornis_longirostris,182.34666666666664,182.5013333333333
1788448182027_0_SUR_2010_5_21_7_02.WAV,Phaethornis_longirostris,183.06133333333327,183.30666666666667
1788441079723_130604011817636978.WAV,Rousettus_aegyptiacus,0.190464,0.275712
1788441079724_130604191451262540.WAV,Rousettus_aegyptiacus,0.190976,0.299008
1788441079724_130604191451262540.WAV,Rousettus_aegyptiacus,0.366592,0.548864
1788441079724_130604191451262540.WAV,Rousettus_aegyptiacus,0.641792,0.799744
1788441079724_130604191451262540.WAV,Rousettus_aegyptiacus,0.87296,0.938752
1788441079724_130604191451262540.WAV,Rousettus_aegyptiacus,1.005312,1.08544
1788441079724_130604191451262540.WAV,Rousettus_aegyptiacus,1.127168,1.225472
1788441079724_130604191451262540.WAV,Rousettus_aegyptiacus,1.266688,1.494528
1788441079724_130604191451262540.WAV,Rousettus_aegyptiacus,1.560576,1.622016
1788441079724_130604191451262540.WAV,Rousettus_aegyptiacus,1.666048,1.717248
1788441079724_130604191451262540.WAV,Rousettus_aegyptiacus,1.823488,1.837312
1788441079724_130604191451262540.WAV,Rousettus_aegyptiacus,2.212864,2.25792
1788441079724_130604191451262540.WAV,Rousettus_aegyptiacus,2.3232,2.403584
1788441079724_130604191451262540.WAV,Rousettus_aegyptiacus,2.953728,3.059712
1788441079724_130604191451262540.WAV,Rousettus_aegyptiacus,3.135744,3.200768
1788441079724_130604191451262540.WAV,Rousettus_aegyptiacus,4.004864,4.096
1788441079724_130604191451262540.WAV,Rousettus_aegyptiacus,4.208128,4.243456
1788441079724_130604191451262540.WAV,Rousettus_aegyptiacus,4.312576,4.422656
1788441079724_130604191451262540.WAV,Rousettus_aegyptiacus,4.502016,4.68992
1788441079724_130604191451262540.WAV,Rousettus_aegyptiacus,4.974592,5.06112
1788441079724_130604191451262540.WAV,Rousettus_aegyptiacus,5.146624,5.340672
1788441079724_130604191451262540.WAV,Rousettus_aegyptiacus,6.201856,6.278912
1788441079724_130604191451262540.WAV,Rousettus_aegyptiacus,6.366208,6.426112
1788441079724_130604191451262540.WAV,Rousettus_aegyptiacus,6.496256,6.706432
1788441079724_130604191451262540.WAV,Rousettus_aegyptiacus,6.771456,6.844416
1788441079724_130604191451262540.WAV,Rousettus_aegyptiacus,6.914048,7.11552
1788441079724_130604191451262540.WAV,Rousettus_aegyptiacus,7.195904,7.294464
1788441079724_130604191451262540.WAV,Rousettus_aegyptiacus,7.364096,7.595264
1788441079724_130604191451262540.WAV,Rousettus_aegyptiacus,7.667968,7.714304
1788441079724_130604191451262540.WAV,Rousettus_aegyptiacus,7.855616,7.877632
Figure_S1,Saccopteryx_bilineata,0.612352,0.636928
Figure_S1,Saccopteryx_bilineata,0.753664,0.786432
Figure_S1,Saccopteryx_bilineata,0.89088,0.93184
Figure_S1,Saccopteryx_bilineata,1.028096,1.071104
Figure_S1,Saccopteryx_bilineata,1.163264,1.20832
Figure_S1,Saccopteryx_bilineata,1.294336,1.34144
Figure_S1,Saccopteryx_bilineata,1.41312,1.460224
Figure_S1,Saccopteryx_bilineata,1.523712,1.57696
Figure_S1,Saccopteryx_bilineata,1.630208,1.685504
Figure_S1,Saccopteryx_bilineata,1.732608,1.785856
Figure_S1,Saccopteryx_bilineata,1.835008,1.882112
Figure_S1,Saccopteryx_bilineata,1.923072,1.970176
Figure_S1,Saccopteryx_bilineata,2.00704,2.056192
Figure_S1,Saccopteryx_bilineata,2.084864,2.127872
Figure_S1,Saccopteryx_bilineata,2.156544,2.197504
Figure_S1,Saccopteryx_bilineata,2.226176,2.320384
Figure_S1,Saccopteryx_bilineata,2.353152,2.443264
Figure_S1,Saccopteryx_bilineata,2.473984,2.605056
Figure_S1,Saccopteryx_bilineata,2.643968,2.787328
Figure_S1,Saccopteryx_bilineata,2.820096,2.95936
Figure_S1,Saccopteryx_bilineata,3.004416,3.15392
Figure_S1,Saccopteryx_bilineata,4.427776,4.44416
Figure_S1,Saccopteryx_bilineata,4.70016,4.74112
Figure_S1,Saccopteryx_bilineata,4.769792,4.818944
Figure_S1,Saccopteryx_bilineata,4.857856,4.90496
Figure_S1,Saccopteryx_bilineata,4.941824,4.988928
Figure_S1,Saccopteryx_bilineata,5.036032,5.076992
Figure_S1,Saccopteryx_bilineata,5.111808,6.119424
Figure_S1,Saccopteryx_bilineata,6.139904,6.227968
Figure_S1,Saccopteryx_bilineata,6.248448,6.32832
Figure_S1,Saccopteryx_bilineata,6.350848,6.426624
Figure_S1,Saccopteryx_bilineata,6.459392,6.561792
Figure_S1,Saccopteryx_bilineata,6.590464,6.713344
Figure_S1,Saccopteryx_bilineata,6.793216,6.889472
Figure_S1,Saccopteryx_bilineata,6.938624,7.063552
Figure_S1,Saccopteryx_bilineata,7.124992,7.26016
Figure_S1,Saccopteryx_bilineata,7.33184,7.4752
Figure_S1,Saccopteryx_bilineata,7.538688,7.688192
Figure_S1,Saccopteryx_bilineata,7.80288,7.91552
Figure_S1,Saccopteryx_bilineata,7.999488,8.183808
Figure_S1,Saccopteryx_bilineata,8.249344,8.402944
Figure_S1,Saccopteryx_bilineata,8.452096,8.617984
Figure_S1,Saccopteryx_bilineata,8.654848,8.757248
Figure_S1,Saccopteryx_bilineata,8.792064,8.91904
Figure_S1,Saccopteryx_bilineata,8.951808,9.424896
Figure_S1,Saccopteryx_bilineata,10.479616,10.508288
Figure_S1,Saccopteryx_bilineata,10.551296,10.635264
Figure_S1,Saccopteryx_bilineata,10.676224,10.766336
Figure_S1,Saccopteryx_bilineata,10.801152,10.848256
Figure_S1,Saccopteryx_bilineata,10.883072,10.94656
Figure_S1,Saccopteryx_bilineata,10.969088,11.032576
Figure_S1,Saccopteryx_bilineata,11.055104,11.118592
Figure_S1,Saccopteryx_bilineata,11.145216,11.296768
Figure_S1,Saccopteryx_bilineata,11.329536,11.40736
Figure_S1,Saccopteryx_bilineata,11.42784,11.495424
Figure_S1,Saccopteryx_bilineata,11.53024,11.593728
Figure_S1,Saccopteryx_bilineata,11.628544,11.689984
Figure_S1,Saccopteryx_bilineata,11.730944,11.798528
Figure_S1,Saccopteryx_bilineata,11.835392,11.902976
Figure_S1,Saccopteryx_bilineata,11.933696,12.003328
Figure_S1,Saccopteryx_bilineata,12.040192,12.097536
Figure_S1,Saccopteryx_bilineata,12.173312,12.21632
Figure_S1,Saccopteryx_bilineata,12.244992,12.310528
Figure_S1,Saccopteryx_bilineata,12.331008,12.552192
Figure_S1,Saccopteryx_bilineata,12.582912,12.822528
Figure_S1,Saccopteryx_bilineata,12.8512,13.55776
Figure_S1,Saccopteryx_bilineata,14.1312,14.206976
Figure_S1,Saccopteryx_bilineata,14.34624,14.424064
Figure_S1,Saccopteryx_bilineata,14.557184,14.598144
Figure_S1,Saccopteryx_bilineata,14.618624,14.712832
Figure_S1,Saccopteryx_bilineata,14.813184,14.82752
Figure_S1,Saccopteryx_bilineata,14.901248,14.915584
Figure_S1,Saccopteryx_bilineata,14.989312,15.013888
Figure_S1,Saccopteryx_bilineata,15.095808,15.110144
Figure_S1,Saccopteryx_bilineata,15.183872,15.200256
Figure_S1,Saccopteryx_bilineata,15.273984,15.284224
Figure_S1,Saccopteryx_bilineata,15.6672,15.745024
Figure_S1,Saccopteryx_bilineata,15.777792,15.863808
Figure_S1,Saccopteryx_bilineata,15.906816,15.99488
Figure_S1,Saccopteryx_bilineata,16.033792,16.121856
Figure_S1,Saccopteryx_bilineata,16.15872,16.25088
Figure_S1,Saccopteryx_bilineata,16.289792,16.336896
Figure_S1,Saccopteryx_bilineata,16.37376,16.422912
Figure_S1,Saccopteryx_bilineata,16.45568,16.50688
Figure_S1,Saccopteryx_bilineata,16.543744,16.590848
Figure_S1,Saccopteryx_bilineata,16.842752,16.88576
Figure_S1,Saccopteryx_bilineata,16.934912,16.982016
Figure_S1,Saccopteryx_bilineata,17.045504,17.092608
Figure_S1,Saccopteryx_bilineata,17.152,17.219584
Figure_S1,Saccopteryx_bilineata,17.262592,17.29536
Figure_S1,Saccopteryx_bilineata,17.31584,17.369088
Figure_S1,Saccopteryx_bilineata,17.430528,17.532928
Figure_S1,Saccopteryx_bilineata,17.594368,17.723392
Figure_S1,Saccopteryx_bilineata,17.782784,17.932288
Figure_S1,Saccopteryx_bilineata,17.985536,18.120704
Figure_S1,Saccopteryx_bilineata,18.200576,18.345984
Figure_S1,Saccopteryx_bilineata,18.41152,18.57536
Figure_S1,Saccopteryx_bilineata,18.659328,18.804736
Figure_S1,Saccopteryx_bilineata,18.88256,19.054592
Figure_S1,Saccopteryx_bilineata,19.13856,19.316736
Figure_S1,Saccopteryx_bilineata,19.396608,19.585024
Figure_S1,Saccopteryx_bilineata,19.68128,19.84512
Figure_S1,Saccopteryx_bilineata,19.943424,20.117504
Figure_S1,Saccopteryx_bilineata,20.221952,20.389888
Figure_S1,Saccopteryx_bilineata,20.518912,20.647936
Figure_S1,Saccopteryx_bilineata,20.76672,20.893696
Figure_S1,Saccopteryx_bilineata,20.992,21.121024
Figure_S1,Saccopteryx_bilineata,21.223424,21.356544
Figure_S1,Saccopteryx_bilineata,21.446656,21.567488
Figure_S1,Saccopteryx_bilineata,21.659648,21.768192
Figure_S1,Saccopteryx_bilineata,21.850112,21.948416
Figure_S1,Saccopteryx_bilineata,22.040576,22.151168
Figure_S1,Saccopteryx_bilineata,22.245376,22.345728
Figure_S1,Saccopteryx_bilineata,22.439936,22.54848
Figure_S1,Saccopteryx_bilineata,22.628352,22.7328
Figure_S1,Saccopteryx_bilineata,22.82496,22.9376
Figure_S1,Saccopteryx_bilineata,23.04,23.148544
Figure_S1,Saccopteryx_bilineata,23.252992,23.36768
Figure_S1,Saccopteryx_bilineata,23.425024,23.54176
Figure_S1,Saccopteryx_bilineata,24.963072,24.977408
Figure_S1,Saccopteryx_bilineata,25.051136,25.06752
Figure_S1,Saccopteryx_bilineata,25.141248,25.151488
Figure_S1,Saccopteryx_bilineata,25.32352,25.339904
Figure_S1,Saccopteryx_bilineata,25.42592,25.444352
Figure_S1,Saccopteryx_bilineata,25.505792,25.536512
Figure_S1,Saccopteryx_bilineata,25.614336,25.64096
Figure_S1,Saccopteryx_bilineata,25.686016,25.761792
Figure_S1,Saccopteryx_bilineata,25.79456,25.915392
Figure_S1,Saccopteryx_bilineata,25.946112,26.032128
Figure_S1,Saccopteryx_bilineata,26.095616,26.120192
Figure_S1,Saccopteryx_bilineata,26.177536,26.206208
Figure_S1,Saccopteryx_bilineata,26.2656,26.298368
Figure_S1,Saccopteryx_bilineata,26.353664,26.380288
Figure_S1,Saccopteryx_bilineata,26.441728,26.472448
Figure_S1,Saccopteryx_bilineata,26.53184,26.574848
Figure_S1,Saccopteryx_bilineata,26.626048,26.667008
Figure_S1,Saccopteryx_bilineata,26.714112,26.755072
Figure_S1,Saccopteryx_bilineata,26.806272,26.863616
Figure_S1,Saccopteryx_bilineata,26.898432,26.963968
Figure_S1,Saccopteryx_bilineata,27.009024,27.086848
Figure_S1,Saccopteryx_bilineata,27.117568,27.164672
Figure_S1,Saccopteryx_bilineata,27.205632,27.25888
Figure_S1,Saccopteryx_bilineata,27.293696,27.348992
Figure_S1,Saccopteryx_bilineata,27.385856,27.4432
Figure_S1,Saccopteryx_bilineata,27.488256,27.541504
Figure_S1,Saccopteryx_bilineata,27.602944,27.656192
Figure_S1,Saccopteryx_bilineata,27.703296,27.764736
Figure_S1,Saccopteryx_bilineata,27.81184,27.875328
Figure_S1,Saccopteryx_bilineata,27.918336,28.52864
Figure_S1,Saccopteryx_bilineata,28.639232,28.956672
Figure_S1,Saccopteryx_bilineata,28.985344,29.067264
Figure_S1,Saccopteryx_bilineata,29.104128,29.208576
Figure_S1,Saccopteryx_bilineata,29.31712,29.366272
Figure_S1,Saccopteryx_bilineata,29.882368,29.956096
Figure_S1,Saccopteryx_bilineata,30.083072,30.162944
Figure_S1,Saccopteryx_bilineata,30.304256,30.406656
Figure_S1,Saccopteryx_bilineata,30.502912,30.521344
1788450672603_g4p5U-f00038.wav,Taeniopygia_guttata,0.496,0.544
1788450672603_g4p5U-f00038.wav,Taeniopygia_guttata,0.808,0.872
1788450672603_g4p5U-f00038.wav,Taeniopygia_guttata,0.952,1.016
1788450672603_g4p5U-f00038.wav,Taeniopygia_guttata,1.096,1.176
1788450672603_g4p5U-f00038.wav,Taeniopygia_guttata,1.288,1.376
1788450672603_g4p5U-f00038.wav,Taeniopygia_guttata,1.472,1.552
1788450672603_g4p5U-f00038.wav,Taeniopygia_guttata,1.584,2.288
1788450672603_g4p5U-f00038.wav,Taeniopygia_guttata,2.448,2.536
1788450672603_g4p5U-f00038.wav,Taeniopygia_guttata,2.608,2.696
1788450672603_g4p5U-f00038.wav,Taeniopygia_guttata,2.72,3.44
1788450672603_g4p5U-f00038.wav,Taeniopygia_guttata,3.464,3.664
1788450672603_g4p5U-f00038.wav,Taeniopygia_guttata,3.768,3.84
1788450672603_g4p5U-f00038.wav,Taeniopygia_guttata,3.896,4.504
1788461048072_g4p5U-f00247.wav,Taeniopygia_guttata,0.336,0.392
1788461048072_g4p5U-f00247.wav,Taeniopygia_guttata,0.52,0.568
1788461048072_g4p5U-f00247.wav,Taeniopygia_guttata,0.784,0.848
1788461048072_g4p5U-f00247.wav,Taeniopygia_guttata,0.952,1.008
1788461048072_g4p5U-f00247.wav,Taeniopygia_guttata,1.056,1.128
1788461048072_g4p5U-f00247.wav,Taeniopygia_guttata,1.168,1.248
1788461048072_g4p5U-f00247.wav,Taeniopygia_guttata,1.272,1.352
1788461048072_g4p5U-f00247.wav,Taeniopygia_guttata,1.376,1.456
1788461048072_g4p5U-f00247.wav,Taeniopygia_guttata,1.512,2.432
1788461048072_g4p5U-f00247.wav,Taeniopygia_guttata,2.472,2.544
1788461048072_g4p5U-f00247.wav,Taeniopygia_guttata,2.632,2.696
1788461048072_g4p5U-f00247.wav,Taeniopygia_guttata,2.728,2.808
1788461048072_g4p5U-f00247.wav,Taeniopygia_guttata,2.872,3.512
1788461048072_g4p5U-f00247.wav,Taeniopygia_guttata,3.904,3.936
1788461048072_g4p5U-f00247.wav,Taeniopygia_guttata,4.016,4.08
1788461048072_g4p5U-f00247.wav,Taeniopygia_guttata,4.112,4.808
1788461048072_g4p5U-f00247.wav,Taeniopygia_guttata,4.856,4.92
1788461048072_g4p5U-f00247.wav,Taeniopygia_guttata,4.968,5.048
1788461048072_g4p5U-f00247.wav,Taeniopygia_guttata,5.128,5.2
1788461048072_g4p5U-f00247.wav,Taeniopygia_guttata,5.248,6.064
1788461048072_g4p5U-f00247.wav,Taeniopygia_guttata,6.288,6.376
1788461048072_g4p5U-f00247.wav,Taeniopygia_guttata,6.456,7.728
1788461048072_g4p5U-f00247.wav,Taeniopygia_guttata,7.768,7.84
1788461048072_g4p5U-f00247.wav,Taeniopygia_guttata,7.88,7.928
1788461048072_g4p5U-f00247.wav,Taeniopygia_guttata,7.96,8.448
1788461048072_g4p5U-f00247.wav,Taeniopygia_guttata,8.848,8.912
1788461048072_g4p5U-f00247.wav,Taeniopygia_guttata,8.992,9.08
1788461048072_g4p5U-f00247.wav,Taeniopygia_guttata,9.104,9.824
1788461048072_g4p5U-f00247.wav,Taeniopygia_guttata,9.864,9.936
1788461048072_g4p5U-f00247.wav,Taeniopygia_guttata,9.968,10.032
1788461048072_g4p5U-f00247.wav,Taeniopygia_guttata,10.056,10.552
1788461048072_g4p5U-f00247.wav,Taeniopygia_guttata,10.968,11.024
1788461048072_g4p5U-f00247.wav,Taeniopygia_guttata,11.096,11.176
1788461048072_g4p5U-f00247.wav,Taeniopygia_guttata,11.256,11.336
1788461048072_g4p5U-f00247.wav,Taeniopygia_guttata,11.36,12.08
