species,file,position,onset,offset,cluster_label
Forpus_passerinus,1788443928159_17B31A_BN1_17_1026_10853_75_37_filtered.wav,0,0.0,75.37777777777778,2
Forpus_passerinus,1788443928159_17B31A_BN1_17_1026_10853_75_37_filtered.wav,1,0.0870748299319727,0.2380045351473922,0
Forpus_passerinus,1788443928159_17B31A_BN1_17_1026_10853_75_37_filtered.wav,2,0.4237641723356009,0.4760090702947845,0
Forpus_passerinus,1788443928159_17B31A_BN1_17_1026_10853_75_37_filtered.wav,3,0.8068934240362812,0.8359183673469388,1
Forpus_passerinus,1788443928159_17B31A_BN1_17_1026_10853_75_37_filtered.wav,4,3.0418140589569163,3.1579138321995464,1
Forpus_passerinus,1788443928159_17B31A_BN1_17_1026_10853_75_37_filtered.wav,5,3.407528344671202,3.4481632653061225,1
Forpus_passerinus,1788443928159_17B31A_BN1_17_1026_10853_75_37_filtered.wav,6,3.6281179138322,3.732607709750567,1
Forpus_passerinus,1788443928159_17B31A_BN1_17_1026_10853_75_37_filtered.wav,7,4.144761904761904,4.214421768707483,0
Forpus_passerinus,1788443928159_17B31A_BN1_17_1026_10853_75_37_filtered.wav,8,4.388571428571429,4.46984126984127,1
Forpus_passerinus,1788443928159_17B31A_BN1_17_1026_10853_75_37_filtered.wav,9,4.998095238095238,5.050340136054421,1
Forpus_passerinus,1788443928159_17B31A_BN1_17_1026_10853_75_37_filtered.wav,10,5.584399092970521,5.659863945578231,0
Forpus_passerinus,1788443928159_17B31A_BN1_17_1026_10853_75_37_filtered.wav,11,5.938503401360544,5.96172335600907,1
Forpus_passerinus,1788443928159_17B31A_BN1_17_1026_10853_75_37_filtered.wav,12,6.066213151927438,6.101043083900227,0
Forpus_passerinus,1788443928159_17B31A_BN1_17_1026_10853_75_37_filtered.wav,13,6.42031746031746,6.489977324263038,0
Forpus_passerinus,1788443928159_17B31A_BN1_17_1026_10853_75_37_filtered.wav,14,6.693151927437642,6.745396825396825,0
Forpus_passerinus,1788443928159_17B31A_BN1_17_1026_10853_75_37_filtered.wav,15,6.91374149659864,6.983401360544217,1
Forpus_passerinus,1788443928159_17B31A_BN1_17_1026_10853_75_37_filtered.wav,16,7.238820861678004,7.262040816326531,1
Forpus_passerinus,1788443928159_17B31A_BN1_17_1026_10853_75_37_filtered.wav,17,7.511655328798186,7.587120181405895,1
Forpus_passerinus,1788443928159_17B31A_BN1_17_1026_10853_75_37_filtered.wav,18,7.888979591836734,7.964444444444444,0
Forpus_passerinus,1788443928159_17B31A_BN1_17_1026_10853_75_37_filtered.wav,19,8.126984126984127,8.167619047619048,0
Forpus_passerinus,1788443928159_17B31A_BN1_17_1026_10853_75_37_filtered.wav,20,8.335963718820862,8.388208616780044,0
Forpus_passerinus,1788443928159_17B31A_BN1_17_1026_10853_75_37_filtered.wav,21,8.533333333333333,8.626213151927438,0
Forpus_passerinus,1788443928159_17B31A_BN1_17_1026_10853_75_37_filtered.wav,22,8.864217687074829,8.968707482993198,0
Forpus_passerinus,1788443928159_17B31A_BN1_17_1026_10853_75_37_filtered.wav,23,9.1718820861678,9.247346938775513,0
Forpus_passerinus,1788443928159_17B31A_BN1_17_1026_10853_75_37_filtered.wav,24,9.520181405895691,9.58984126984127,0
Forpus_passerinus,1788443928159_17B31A_BN1_17_1026_10853_75_37_filtered.wav,25,9.78140589569161,9.827845804988662,0
Forpus_passerinus,1788443928159_17B31A_BN1_17_1026_10853_75_37_filtered.wav,26,9.89750566893424,9.93233560090703,1
Forpus_passerinus,1788443928159_17B31A_BN1_17_1026_10853_75_37_filtered.wav,27,10.106485260770976,10.176145124716554,1
Forpus_passerinus,1788443928159_17B31A_BN1_17_1026_10853_75_37_filtered.wav,28,10.210975056689342,10.298049886621316,0
Forpus_passerinus,1788443928159_17B31A_BN1_17_1026_10853_75_37_filtered.wav,29,10.652154195011338,10.681179138321996,1
Forpus_passerinus,1788443928159_17B31A_BN1_17_1026_10853_75_37_filtered.wav,30,11.377777777777778,11.418412698412698,1
Forpus_passerinus,1788443928159_17B31A_BN1_17_1026_10853_75_37_filtered.wav,31,11.61578231292517,11.668027210884354,0
Forpus_passerinus,1788443928159_17B31A_BN1_17_1026_10853_75_37_filtered.wav,32,12.016326530612243,12.039546485260772,1
Forpus_passerinus,1788443928159_17B31A_BN1_17_1026_10853_75_37_filtered.wav,33,12.637460317460317,12.666485260770974,0
Forpus_passerinus,1788443928159_17B31A_BN1_17_1026_10853_75_37_filtered.wav,34,12.91609977324263,13.008979591836734,0
Forpus_passerinus,1788443928159_17B31A_BN1_17_1026_10853_75_37_filtered.wav,35,13.49079365079365,13.589478458049886,1
Forpus_passerinus,1788443928159_17B31A_BN1_17_1026_10853_75_37_filtered.wav,36,13.844897959183674,13.90875283446712,0
Forpus_passerinus,1788443928159_17B31A_BN1_17_1026_10853_75_37_filtered.wav,37,14.106122448979592,14.199002267573697,1
Forpus_passerinus,1788443928159_17B31A_BN1_17_1026_10853_75_37_filtered.wav,38,14.437006802721088,14.52408163265306,1
Forpus_passerinus,1788443928159_17B31A_BN1_17_1026_10853_75_37_filtered.wav,39,14.651791383219956,14.727256235827664,0
Forpus_passerinus,1788443928159_17B31A_BN1_17_1026_10853_75_37_filtered.wav,40,15.046530612244895,15.081360544217688,0
Forpus_passerinus,1788443928159_17B31A_BN1_17_1026_10853_75_37_filtered.wav,41,15.42965986394558,15.59219954648526,0
Forpus_passerinus,1788443928159_17B31A_BN1_17_1026_10853_75_37_filtered.wav,42,15.806984126984126,15.836009070294784,1
Forpus_passerinus,1788443928159_17B31A_BN1_17_1026_10853_75_37_filtered.wav,43,16.190113378684806,16.24235827664399,0
Forpus_passerinus,1788443928159_17B31A_BN1_17_1026_10853_75_37_filtered.wav,44,16.42231292517007,16.480362811791384,0
Forpus_passerinus,1788443928159_17B31A_BN1_17_1026_10853_75_37_filtered.wav,45,16.764807256235827,16.80544217687075,1
Forpus_passerinus,1788443928159_17B31A_BN1_17_1026_10853_75_37_filtered.wav,46,17.014421768707482,17.03764172335601,0
Forpus_passerinus,1788443928159_17B31A_BN1_17_1026_10853_75_37_filtered.wav,47,17.28145124716553,17.339501133786847,1
Forpus_passerinus,1788443928159_17B31A_BN1_17_1026_10853_75_37_filtered.wav,48,17.443990929705215,17.525260770975056,0
Forpus_passerinus,1788443928159_17B31A_BN1_17_1026_10853_75_37_filtered.wav,49,17.902585034013605,17.96063492063492,1
Forpus_passerinus,1788443928159_17B31A_BN1_17_1026_10853_75_37_filtered.wav,50,18.08253968253968,18.18702947845805,1
Forpus_passerinus,1788443928159_17B31A_BN1_17_1026_10853_75_37_filtered.wav,51,18.22766439909297,18.27990929705216,1
Forpus_passerinus,1788443928159_17B31A_BN1_17_1026_10853_75_37_filtered.wav,52,19.156462585034014,19.17968253968254,1
Forpus_passerinus,1788443928159_17B31A_BN1_17_1026_10853_75_37_filtered.wav,53,19.586031746031747,19.6324716553288,0
Forpus_passerinus,1788443928159_17B31A_BN1_17_1026_10853_75_37_filtered.wav,54,20.13750566893424,20.17233560090703,1
Forpus_passerinus,1788443928159_17B31A_BN1_17_1026_10853_75_37_filtered.wav,55,20.572879818594103,20.601904761904763,1
Forpus_passerinus,1788443928159_17B31A_BN1_17_1026_10853_75_37_filtered.wav,56,20.735419501133787,20.78185941043084,1
Forpus_passerinus,1788443928159_17B31A_BN1_17_1026_10853_75_37_filtered.wav,57,21.10113378684808,21.21142857142857,1
Forpus_passerinus,1788443928159_17B31A_BN1_17_1026_10853_75_37_filtered.wav,58,21.29269841269841,21.379773242630385,0
Forpus_passerinus,1788443928159_17B31A_BN1_17_1026_10853_75_37_filtered.wav,59,21.59455782312925,21.68743764172336,1
Forpus_passerinus,1788443928159_17B31A_BN1_17_1026_10853_75_37_filtered.wav,60,21.73387755102041,21.83836734693877,1
Forpus_passerinus,1788443928159_17B31A_BN1_17_1026_10853_75_37_filtered.wav,61,22.16925170068028,22.23310657596372,0
Forpus_passerinus,1788443928159_17B31A_BN1_17_1026_10853_75_37_filtered.wav,62,22.430476190476192,22.45369614512472,0
Forpus_passerinus,1788443928159_17B31A_BN1_17_1026_10853_75_37_filtered.wav,63,22.55238095238096,22.60462585034013,1
Forpus_passerinus,1788443928159_17B31A_BN1_17_1026_10853_75_37_filtered.wav,64,23.73659863945578,23.817868480725625,0
Forpus_passerinus,1788443928159_17B31A_BN1_17_1026_10853_75_37_filtered.wav,65,23.94557823129252,23.97460317460317,0
Forpus_passerinus,1788443928159_17B31A_BN1_17_1026_10853_75_37_filtered.wav,66,24.14294784580499,24.19519274376417,0
Forpus_passerinus,1788443928159_17B31A_BN1_17_1026_10853_75_37_filtered.wav,67,24.241632653061224,24.293877551020408,0
Forpus_passerinus,1788443928159_17B31A_BN1_17_1026_10853_75_37_filtered.wav,68,24.40997732426304,24.618956916099773,0
Forpus_passerinus,1788443928159_17B31A_BN1_17_1026_10853_75_37_filtered.wav,69,24.96145124716553,25.007891156462584,0
Forpus_passerinus,1788443928159_17B31A_BN1_17_1026_10853_75_37_filtered.wav,70,25.570975056689345,25.629024943310657,1
Forpus_passerinus,1788443928159_17B31A_BN1_17_1026_10853_75_37_filtered.wav,71,26.01795918367347,26.06439909297052,1
Forpus_passerinus,1788443928159_17B31A_BN1_17_1026_10853_75_37_filtered.wav,72,26.20952380952381,26.267573696145124,0
Forpus_passerinus,1788443928159_17B31A_BN1_17_1026_10853_75_37_filtered.wav,73,26.41269841269841,26.459138321995464,0
Forpus_passerinus,1788443928159_17B31A_BN1_17_1026_10853_75_37_filtered.wav,74,26.60426303854875,26.673922902494333,0
Forpus_passerinus,1788443928159_17B31A_BN1_17_1026_10853_75_37_filtered.wav,75,26.801632653061223,26.882902494331063,1
Forpus_passerinus,1788443928159_17B31A_BN1_17_1026_10853_75_37_filtered.wav,76,26.99319727891157,27.05124716553288,0
Forpus_passerinus,1788443928159_17B31A_BN1_17_1026_10853_75_37_filtered.wav,77,27.138321995464853,27.237006802721087,0
Forpus_passerinus,1788443928159_17B31A_BN1_17_1026_10853_75_37_filtered.wav,78,27.35891156462585,27.422766439909296,0
Forpus_passerinus,1788443928159_17B31A_BN1_17_1026_10853_75_37_filtered.wav,79,27.50403628117914,27.59111111111111,1
Forpus_passerinus,1788443928159_17B31A_BN1_17_1026_10853_75_37_filtered.wav,80,27.71301587301588,27.77106575963719,0
Forpus_passerinus,1788443928159_17B31A_BN1_17_1026_10853_75_37_filtered.wav,81,27.840725623582767,27.94521541950113,1
Forpus_passerinus,1788443928159_17B31A_BN1_17_1026_10853_75_37_filtered.wav,82,28.07292517006803,28.107755102040816,0
Forpus_passerinus,1788443928159_17B31A_BN1_17_1026_10853_75_37_filtered.wav,83,28.24126984126984,28.287709750566894,0
Forpus_passerinus,1788443928159_17B31A_BN1_17_1026_10853_75_37_filtered.wav,84,28.42122448979592,28.46766439909297,0
Forpus_passerinus,1788443928159_17B31A_BN1_17_1026_10853_75_37_filtered.wav,85,28.595374149659865,28.65342403628118,0
Forpus_passerinus,1788443928159_17B31A_BN1_17_1026_10853_75_37_filtered.wav,86,28.775328798185942,28.833378684807258,0
Forpus_passerinus,1788443928159_17B31A_BN1_17_1026_10853_75_37_filtered.wav,87,28.96108843537415,28.99591836734694,0
Forpus_passerinus,1788443928159_17B31A_BN1_17_1026_10853_75_37_filtered.wav,88,29.06557823129252,29.175873015873016,0
Forpus_passerinus,1788443928159_17B31A_BN1_17_1026_10853_75_37_filtered.wav,89,29.23392290249433,29.355827664399094,0
Forpus_passerinus,1788443928159_17B31A_BN1_17_1026_10853_75_37_filtered.wav,90,29.48934240362812,29.52997732426304,0
Forpus_passerinus,1788443928159_17B31A_BN1_17_1026_10853_75_37_filtered.wav,91,29.61124716553288,29.704126984126983,0
Forpus_passerinus,1788443928159_17B31A_BN1_17_1026_10853_75_37_filtered.wav,92,29.826031746031745,29.8724716553288,0
Forpus_passerinus,1788443928159_17B31A_BN1_17_1026_10853_75_37_filtered.wav,93,30.00018140589569,30.046621315192745,1
Forpus_passerinus,1788443928159_17B31A_BN1_17_1026_10853_75_37_filtered.wav,94,30.17433106575964,30.26140589569161,0
Forpus_passerinus,1788443928159_17B31A_BN1_17_1026_10853_75_37_filtered.wav,95,30.325260770975056,30.423945578231294,0
Forpus_passerinus,1788443928159_17B31A_BN1_17_1026_10853_75_37_filtered.wav,96,30.54004535147392,30.74902494331066,1
Forpus_passerinus,1788443928159_17B31A_BN1_17_1026_10853_75_37_filtered.wav,97,30.88834467120181,30.923174603174605,0
Forpus_passerinus,1788443928159_17B31A_BN1_17_1026_10853_75_37_filtered.wav,98,31.06249433106576,31.097324263038548,0
Forpus_passerinus,1788443928159_17B31A_BN1_17_1026_10853_75_37_filtered.wav,99,31.23083900226757,31.30049886621315,1
Forpus_passerinus,1788443928159_17B31A_BN1_17_1026_10853_75_37_filtered.wav,100,31.40498866213152,31.50367346938776,1
Forpus_passerinus,1788443928159_17B31A_BN1_17_1026_10853_75_37_filtered.wav,101,31.590748299319728,31.63718820861678,0
Forpus_passerinus,1788443928159_17B31A_BN1_17_1026_10853_75_37_filtered.wav,102,31.770702947845805,31.81714285714286,0
Forpus_passerinus,1788443928159_17B31A_BN1_17_1026_10853_75_37_filtered.wav,103,31.950657596371883,32.07256235827664,1
Forpus_passerinus,1788443928159_17B31A_BN1_17_1026_10853_75_37_filtered.wav,104,32.13061224489796,32.36281179138322,1
Forpus_passerinus,1788443928159_17B31A_BN1_17_1026_10853_75_37_filtered.wav,105,32.49052154195012,32.5427664399093,0
Forpus_passerinus,1788443928159_17B31A_BN1_17_1026_10853_75_37_filtered.wav,106,32.67628117913832,32.70530612244898,0
Forpus_passerinus,1788443928159_17B31A_BN1_17_1026_10853_75_37_filtered.wav,107,32.862040816326534,32.93750566893424,0
Forpus_passerinus,1788443928159_17B31A_BN1_17_1026_10853_75_37_filtered.wav,108,33.024580498866214,33.082630385487526,0
Forpus_passerinus,1788443928159_17B31A_BN1_17_1026_10853_75_37_filtered.wav,109,33.19292517006803,33.28580498866213,0
Forpus_passerinus,1788443928159_17B31A_BN1_17_1026_10853_75_37_filtered.wav,110,33.407709750566895,33.54122448979592,0
Forpus_passerinus,1788443928159_17B31A_BN1_17_1026_10853_75_37_filtered.wav,111,33.5934693877551,33.63990929705216,0
Forpus_passerinus,1788443928159_17B31A_BN1_17_1026_10853_75_37_filtered.wav,112,33.75600907029479,33.837278911564624,0
Forpus_passerinus,1788443928159_17B31A_BN1_17_1026_10853_75_37_filtered.wav,113,33.97079365079365,34.011428571428574,0
Forpus_passerinus,1788443928159_17B31A_BN1_17_1026_10853_75_37_filtered.wav,114,34.04625850340136,34.202993197278914,0
Forpus_passerinus,1788443928159_17B31A_BN1_17_1026_10853_75_37_filtered.wav,115,34.32489795918367,34.40616780045352,0
Forpus_passerinus,1788443928159_17B31A_BN1_17_1026_10853_75_37_filtered.wav,116,34.44680272108844,34.52226757369615,0
Forpus_passerinus,1788443928159_17B31A_BN1_17_1026_10853_75_37_filtered.wav,117,34.61514739229025,34.673197278911566,0
Forpus_passerinus,1788443928159_17B31A_BN1_17_1026_10853_75_37_filtered.wav,118,34.824126984126984,34.95183673469388,0
Forpus_passerinus,1788443928159_17B31A_BN1_17_1026_10853_75_37_filtered.wav,119,35.17242630385488,35.253696145124714,0
Forpus_passerinus,1788443928159_17B31A_BN1_17_1026_10853_75_37_filtered.wav,120,35.45687074829932,35.53814058956916,0
Forpus_passerinus,1788443928159_17B31A_BN1_17_1026_10853_75_37_filtered.wav,121,35.7471201814059,35.81678004535147,0
Forpus_passerinus,1788443928159_17B31A_BN1_17_1026_10853_75_37_filtered.wav,122,35.99673469387755,36.08380952380952,0
Forpus_passerinus,1788443928159_17B31A_BN1_17_1026_10853_75_37_filtered.wav,123,36.28698412698413,36.35083900226758,0
Forpus_passerinus,1788443928159_17B31A_BN1_17_1026_10853_75_37_filtered.wav,124,36.403083900226754,36.426303854875286,0
Forpus_passerinus,1788443928159_17B31A_BN1_17_1026_10853_75_37_filtered.wav,125,36.548208616780045,36.60045351473923,0
Forpus_passerinus,1788443928159_17B31A_BN1_17_1026_10853_75_37_filtered.wav,126,36.78621315192744,36.83845804988662,1
Forpus_passerinus,1788443928159_17B31A_BN1_17_1026_10853_75_37_filtered.wav,127,36.87909297052154,37.15773242630385,1
Forpus_passerinus,1788443928159_17B31A_BN1_17_1026_10853_75_37_filtered.wav,128,39.38684807256236,39.43909297052154,1
Forpus_passerinus,1788443928159_17B31A_BN1_17_1026_10853_75_37_filtered.wav,129,39.880272108843535,39.91510204081633,1
Forpus_passerinus,1788443928159_17B31A_BN1_17_1026_10853_75_37_filtered.wav,130,40.04861678004535,40.07764172335601,1
Forpus_passerinus,1788443928159_17B31A_BN1_17_1026_10853_75_37_filtered.wav,131,40.379501133786846,40.42013605442177,0
Forpus_passerinus,1788443928159_17B31A_BN1_17_1026_10853_75_37_filtered.wav,132,40.72780045351474,40.820680272108845,0
Forpus_passerinus,1788443928159_17B31A_BN1_17_1026_10853_75_37_filtered.wav,133,41.116734693877554,41.145759637188206,0
Forpus_passerinus,1788443928159_17B31A_BN1_17_1026_10853_75_37_filtered.wav,134,41.21541950113379,41.37795918367347,0
Forpus_passerinus,1788443928159_17B31A_BN1_17_1026_10853_75_37_filtered.wav,135,41.83074829931973,41.970068027210885,0
Forpus_passerinus,1788443928159_17B31A_BN1_17_1026_10853_75_37_filtered.wav,136,42.14421768707483,42.237097505668935,0
Forpus_passerinus,1788443928159_17B31A_BN1_17_1026_10853_75_37_filtered.wav,137,42.30675736961451,42.53895691609977,0
Forpus_passerinus,1788443928159_17B31A_BN1_17_1026_10853_75_37_filtered.wav,138,42.83501133786848,42.91628117913832,0
Forpus_passerinus,1788443928159_17B31A_BN1_17_1026_10853_75_37_filtered.wav,139,43.24716553287982,43.299410430839,0
Forpus_passerinus,1788443928159_17B31A_BN1_17_1026_10853_75_37_filtered.wav,140,43.40390022675737,43.45034013605442,0
Forpus_passerinus,1788443928159_17B31A_BN1_17_1026_10853_75_37_filtered.wav,141,43.71156462585034,43.77541950113379,1
Forpus_passerinus,1788443928159_17B31A_BN1_17_1026_10853_75_37_filtered.wav,142,43.92634920634921,43.97859410430839,1
Forpus_passerinus,1788443928159_17B31A_BN1_17_1026_10853_75_37_filtered.wav,143,44.14113378684807,44.199183673469385,1
Forpus_passerinus,1788443928159_17B31A_BN1_17_1026_10853_75_37_filtered.wav,144,44.43138321995465,44.45460317460317,0
Forpus_passerinus,1788443928159_17B31A_BN1_17_1026_10853_75_37_filtered.wav,145,44.54748299319728,44.57650793650794,1
Forpus_passerinus,1788443928159_17B31A_BN1_17_1026_10853_75_37_filtered.wav,146,45.023492063492064,45.06993197278912,0
Forpus_passerinus,1788443928159_17B31A_BN1_17_1026_10853_75_37_filtered.wav,147,45.11056689342404,45.2150566893424,0
Forpus_passerinus,1788443928159_17B31A_BN1_17_1026_10853_75_37_filtered.wav,148,45.94068027210884,45.98131519274376,0
Forpus_passerinus,1788443928159_17B31A_BN1_17_1026_10853_75_37_filtered.wav,149,46.24834467120181,46.2831746031746,1
Forpus_passerinus,1788443928159_17B31A_BN1_17_1026_10853_75_37_filtered.wav,150,47.16553287981859,47.23519274376417,0
Forpus_passerinus,1788443928159_17B31A_BN1_17_1026_10853_75_37_filtered.wav,151,47.42095238095238,47.51963718820862,1
Forpus_passerinus,1788443928159_17B31A_BN1_17_1026_10853_75_37_filtered.wav,152,47.67056689342404,47.75764172335601,0
Forpus_passerinus,1788443928159_17B31A_BN1_17_1026_10853_75_37_filtered.wav,153,47.85052154195012,47.87954648526077,0
Forpus_passerinus,1788443928159_17B31A_BN1_17_1026_10853_75_37_filtered.wav,154,48.04789115646258,48.07691609977324,1
Forpus_passerinus,1788443928159_17B31A_BN1_17_1026_10853_75_37_filtered.wav,155,48.355555555555554,48.43102040816326,0
Forpus_passerinus,1788443928159_17B31A_BN1_17_1026_10853_75_37_filtered.wav,156,48.55292517006803,48.60517006802721,1
Forpus_passerinus,1788443928159_17B31A_BN1_17_1026_10853_75_37_filtered.wav,157,48.72707482993197,48.96507936507936,0
Forpus_passerinus,1788443928159_17B31A_BN1_17_1026_10853_75_37_filtered.wav,158,49.04054421768708,49.12761904761905,0
Forpus_passerinus,1788443928159_17B31A_BN1_17_1026_10853_75_37_filtered.wav,159,49.31918367346939,49.412063492063496,1
Forpus_passerinus,1788443928159_17B31A_BN1_17_1026_10853_75_37_filtered.wav,160,49.78938775510204,49.85324263038549,0
Forpus_passerinus,1788443928159_17B31A_BN1_17_1026_10853_75_37_filtered.wav,161,50.329251700680274,50.358276643990926,0
Forpus_passerinus,1788443928159_17B31A_BN1_17_1026_10853_75_37_filtered.wav,162,50.7762358276644,50.81687074829932,1
Forpus_passerinus,1788443928159_17B31A_BN1_17_1026_10853_75_37_filtered.wav,163,51.68181405895692,51.78049886621315,0
Forpus_passerinus,1788443928159_17B31A_BN1_17_1026_10853_75_37_filtered.wav,164,51.82113378684807,51.88498866213152,0
Forpus_passerinus,1788443928159_17B31A_BN1_17_1026_10853_75_37_filtered.wav,165,52.0649433106576,52.12299319727891,1
Forpus_passerinus,1788443928159_17B31A_BN1_17_1026_10853_75_37_filtered.wav,166,52.56417233560091,52.61641723356009,1
Forpus_passerinus,1788443928159_17B31A_BN1_17_1026_10853_75_37_filtered.wav,167,52.79056689342404,52.88925170068027,1
Forpus_passerinus,1788443928159_17B31A_BN1_17_1026_10853_75_37_filtered.wav,168,53.10984126984127,53.17369614512472,1
Forpus_passerinus,1788443928159_17B31A_BN1_17_1026_10853_75_37_filtered.wav,169,53.249160997732425,53.39428571428572,1
Forpus_passerinus,1788443928159_17B31A_BN1_17_1026_10853_75_37_filtered.wav,170,53.82965986394558,53.85868480725624,1
Forpus_passerinus,1788443928159_17B31A_BN1_17_1026_10853_75_37_filtered.wav,171,54.236009070294784,54.25922902494331,1
Forpus_passerinus,1788443928159_17B31A_BN1_17_1026_10853_75_37_filtered.wav,172,54.34630385487528,54.39854875283447,0
Forpus_passerinus,1788443928159_17B31A_BN1_17_1026_10853_75_37_filtered.wav,173,54.56108843537415,54.6075283446712,1
Forpus_passerinus,1788443928159_17B31A_BN1_17_1026_10853_75_37_filtered.wav,174,54.76426303854876,54.79328798185941,0
Forpus_passerinus,1788443928159_17B31A_BN1_17_1026_10853_75_37_filtered.wav,175,55.03709750566893,55.13578231292517,0
Forpus_passerinus,1788443928159_17B31A_BN1_17_1026_10853_75_37_filtered.wav,176,55.20544217687075,55.32734693877551,0
Forpus_passerinus,1788443928159_17B31A_BN1_17_1026_10853_75_37_filtered.wav,177,55.80916099773243,55.86721088435374,0
Forpus_passerinus,1788443928159_17B31A_BN1_17_1026_10853_75_37_filtered.wav,178,56.13424036281179,56.221315192743766,0
Forpus_passerinus,1788443928159_17B31A_BN1_17_1026_10853_75_37_filtered.wav,179,56.36063492063492,56.59863945578231,0
Forpus_passerinus,1788443928159_17B31A_BN1_17_1026_10853_75_37_filtered.wav,180,56.639274376417234,56.66829931972789,0
Forpus_passerinus,1788443928159_17B31A_BN1_17_1026_10853_75_37_filtered.wav,181,56.79600907029479,56.91210884353742,1
Forpus_passerinus,1788443928159_17B31A_BN1_17_1026_10853_75_37_filtered.wav,182,56.95854875283447,57.24299319727891,0
Forpus_passerinus,1788443928159_17B31A_BN1_17_1026_10853_75_37_filtered.wav,183,57.30104308390023,57.34748299319728,0
Forpus_passerinus,1788443928159_17B31A_BN1_17_1026_10853_75_37_filtered.wav,184,57.46938775510204,57.51582766439909,0
Forpus_passerinus,1788443928159_17B31A_BN1_17_1026_10853_75_37_filtered.wav,185,57.55646258503401,57.75383219954649,1
Forpus_passerinus,1788443928159_17B31A_BN1_17_1026_10853_75_37_filtered.wav,186,57.82349206349206,57.858321995464856,1
Forpus_passerinus,1788443928159_17B31A_BN1_17_1026_10853_75_37_filtered.wav,187,57.99183673469388,58.09052154195011,0
Forpus_passerinus,1788443928159_17B31A_BN1_17_1026_10853_75_37_filtered.wav,188,58.33433106575964,58.48526077097506,1
Forpus_passerinus,1788443928159_17B31A_BN1_17_1026_10853_75_37_filtered.wav,189,58.79873015873016,58.88,1
Forpus_passerinus,1788443928159_17B31A_BN1_17_1026_10853_75_37_filtered.wav,190,59.11800453514739,59.1934693877551,1
Forpus_passerinus,1788443928159_17B31A_BN1_17_1026_10853_75_37_filtered.wav,191,59.5243537414966,59.56498866213152,1
Forpus_passerinus,1788443928159_17B31A_BN1_17_1026_10853_75_37_filtered.wav,192,59.8378231292517,59.91328798185941,1
Forpus_passerinus,1788443928159_17B31A_BN1_17_1026_10853_75_37_filtered.wav,193,60.19773242630386,60.27319727891157,1
Forpus_passerinus,1788443928159_17B31A_BN1_17_1026_10853_75_37_filtered.wav,194,60.3718820861678,60.424126984126985,1
Forpus_passerinus,1788443928159_17B31A_BN1_17_1026_10853_75_37_filtered.wav,195,63.16988662131519,63.20471655328798,0
Forpus_passerinus,1788443928159_17B31A_BN1_17_1026_10853_75_37_filtered.wav,196,63.30340136054422,63.36725623582767,0
Forpus_passerinus,1788443928159_17B31A_BN1_17_1026_10853_75_37_filtered.wav,197,63.48335600907029,63.54721088435374,1
Forpus_passerinus,1788443928159_17B31A_BN1_17_1026_10853_75_37_filtered.wav,198,63.70975056689343,63.75619047619048,1
Forpus_passerinus,1788443928159_17B31A_BN1_17_1026_10853_75_37_filtered.wav,199,64.15092970521542,64.17414965986394,0
Forpus_passerinus,1788443928159_17B31A_BN1_17_1026_10853_75_37_filtered.wav,200,64.6269387755102,64.71981859410431,0
Forpus_passerinus,1788443928159_17B31A_BN1_17_1026_10853_75_37_filtered.wav,201,64.78947845804989,65.02167800453515,0
Forpus_passerinus,1788443928159_17B31A_BN1_17_1026_10853_75_37_filtered.wav,202,65.32934240362812,65.3815873015873,1
Forpus_passerinus,1788443928159_17B31A_BN1_17_1026_10853_75_37_filtered.wav,203,65.49768707482993,65.55573696145125,1
Forpus_passerinus,1788443928159_17B31A_BN1_17_1026_10853_75_37_filtered.wav,204,65.74730158730159,65.77632653061225,0
Forpus_passerinus,1788443928159_17B31A_BN1_17_1026_10853_75_37_filtered.wav,205,65.9156462585034,66.03174603174604,1
Forpus_passerinus,1788443928159_17B31A_BN1_17_1026_10853_75_37_filtered.wav,206,66.3219954648526,66.3568253968254,1
Forpus_passerinus,1788443928159_17B31A_BN1_17_1026_10853_75_37_filtered.wav,207,67.07664399092971,67.12308390022676,0
Forpus_passerinus,1788443928159_17B31A_BN1_17_1026_10853_75_37_filtered.wav,208,67.43074829931973,67.49460317460317,0
Forpus_passerinus,1788443928159_17B31A_BN1_17_1026_10853_75_37_filtered.wav,209,67.5932879818594,67.68616780045352,0
Forpus_passerinus,1788443928159_17B31A_BN1_17_1026_10853_75_37_filtered.wav,210,67.84290249433107,67.90095238095238,0
Forpus_passerinus,1788443928159_17B31A_BN1_17_1026_10853_75_37_filtered.wav,211,68.08671201814059,68.17378684807257,1
Forpus_passerinus,1788443928159_17B31A_BN1_17_1026_10853_75_37_filtered.wav,212,68.3653514739229,68.46403628117913,1
Forpus_passerinus,1788443928159_17B31A_BN1_17_1026_10853_75_37_filtered.wav,213,68.50467120181406,68.59174603174603,1
Forpus_passerinus,1788443928159_17B31A_BN1_17_1026_10853_75_37_filtered.wav,214,68.81814058956915,68.88780045351474,0
Forpus_passerinus,1788443928159_17B31A_BN1_17_1026_10853_75_37_filtered.wav,215,69.57278911564626,69.59600907029478,1
Forpus_passerinus,1788443928159_17B31A_BN1_17_1026_10853_75_37_filtered.wav,216,69.75854875283447,69.80498866213152,1
Forpus_passerinus,1788443928159_17B31A_BN1_17_1026_10853_75_37_filtered.wav,217,69.92689342403628,69.96752834467121,0
Forpus_passerinus,1788443928159_17B31A_BN1_17_1026_10853_75_37_filtered.wav,218,70.36807256235828,70.41451247165533,0
Forpus_passerinus,1788443928159_17B31A_BN1_17_1026_10853_75_37_filtered.wav,219,70.55963718820861,70.66993197278912,1
Forpus_passerinus,1788443928159_17B31A_BN1_17_1026_10853_75_37_filtered.wav,220,71.02403628117914,71.19818594104308,1
Forpus_passerinus,1788443928159_17B31A_BN1_17_1026_10853_75_37_filtered.wav,221,72.12698412698413,72.22566893424036,1
Forpus_passerinus,1788443928159_17B31A_BN1_17_1026_10853_75_37_filtered.wav,222,72.46367346938776,72.5101133786848,1
Forpus_passerinus,1788443928159_17B31A_BN1_17_1026_10853_75_37_filtered.wav,223,72.75392290249434,72.81777777777778,0
Forpus_passerinus,1788443928159_17B31A_BN1_17_1026_10853_75_37_filtered.wav,224,72.98612244897959,73.07319727891156,0
Forpus_passerinus,1788443928159_17B31A_BN1_17_1026_10853_75_37_filtered.wav,225,73.19510204081632,73.29378684807256,1
Forpus_passerinus,1788443928159_17B31A_BN1_17_1026_10853_75_37_filtered.wav,226,73.33442176870749,75.37777777777778,1
Forpus_passerinus,1788443928159_17B32A_BN5_6_080517_14901_133_73_filtered.wav,0,0.0,133.7295238095238,2
Forpus_passerinus,1788443928159_17B32A_BN5_6_080517_14901_133_73_filtered.wav,1,0.3076643990929705,0.3599092970521542,1
Forpus_passerinus,1788443928159_17B32A_BN5_6_080517_14901_133_73_filtered.wav,2,0.5050340136054422,0.5340589569160997,1
Forpus_passerinus,1788443928159_17B32A_BN5_6_080517_14901_133_73_filtered.wav,3,0.6965986394557823,0.7604535147392291,0
Forpus_passerinus,1788443928159_17B32A_BN5_6_080517_14901_133_73_filtered.wav,4,0.9694331065759636,0.9984580498866212,1
Forpus_passerinus,1788443928159_17B32A_BN5_6_080517_14901_133_73_filtered.wav,5,1.1261678004535147,1.1668027210884353,1
Forpus_passerinus,1788443928159_17B32A_BN5_6_080517_14901_133_73_filtered.wav,6,2.972154195011338,3.001179138321996,1
Forpus_passerinus,1788443928159_17B32A_BN5_6_080517_14901_133_73_filtered.wav,7,3.570068027210884,3.622312925170068,0
Forpus_passerinus,1788443928159_17B32A_BN5_6_080517_14901_133_73_filtered.wav,8,4.812335600907029,4.911020408163266,0
Forpus_passerinus,1788443928159_17B32A_BN5_6_080517_14901_133_73_filtered.wav,9,5.572789115646258,5.6540589569161,0
Forpus_passerinus,1788443928159_17B32A_BN5_6_080517_14901_133_73_filtered.wav,10,6.617687074829932,6.640907029478458,1
Forpus_passerinus,1788443928159_17B32A_BN5_6_080517_14901_133_73_filtered.wav,11,6.809251700680272,6.873106575963718,1
Forpus_passerinus,1788443928159_17B32A_BN5_6_080517_14901_133_73_filtered.wav,12,7.465215419501134,7.558095238095238,1
Forpus_passerinus,1788443928159_17B32A_BN5_6_080517_14901_133_73_filtered.wav,13,7.732244897959184,7.83092970521542,1
Forpus_passerinus,1788443928159_17B32A_BN5_6_080517_14901_133_73_filtered.wav,14,7.918004535147392,7.9412244897959186,1
Forpus_passerinus,1788443928159_17B32A_BN5_6_080517_14901_133_73_filtered.wav,15,7.981859410430839,8.045714285714286,1
Forpus_passerinus,1788443928159_17B32A_BN5_6_080517_14901_133_73_filtered.wav,16,8.382403628117913,8.510113378684807,1
Forpus_passerinus,1788443928159_17B32A_BN5_6_080517_14901_133_73_filtered.wav,17,8.817777777777778,8.875827664399093,0
Forpus_passerinus,1788443928159_17B32A_BN5_6_080517_14901_133_73_filtered.wav,18,9.003537414965987,9.09061224489796,0
Forpus_passerinus,1788443928159_17B32A_BN5_6_080517_14901_133_73_filtered.wav,19,9.467936507936509,9.572426303854876,0
Forpus_passerinus,1788443928159_17B32A_BN5_6_080517_14901_133_73_filtered.wav,20,10.495419501133789,10.570884353741496,1
Forpus_passerinus,1788443928159_17B32A_BN5_6_080517_14901_133_73_filtered.wav,21,10.640544217687076,10.692789115646258,1
Forpus_passerinus,1788443928159_17B32A_BN5_6_080517_14901_133_73_filtered.wav,22,11.702857142857145,11.778321995464852,1
Forpus_passerinus,1788443928159_17B32A_BN5_6_080517_14901_133_73_filtered.wav,23,12.3762358276644,12.399455782312923,1
Forpus_passerinus,1788443928159_17B32A_BN5_6_080517_14901_133_73_filtered.wav,24,12.602630385487528,12.64907029478458,0
Forpus_passerinus,1788443928159_17B32A_BN5_6_080517_14901_133_73_filtered.wav,25,13.386303854875283,13.432743764172336,1
Forpus_passerinus,1788443928159_17B32A_BN5_6_080517_14901_133_73_filtered.wav,26,13.734603174603174,13.810068027210884,1
Forpus_passerinus,1788443928159_17B32A_BN5_6_080517_14901_133_73_filtered.wav,27,13.862312925170068,13.94938775510204,0
Forpus_passerinus,1788443928159_17B32A_BN5_6_080517_14901_133_73_filtered.wav,28,14.152562358276644,14.187392290249432,1
Forpus_passerinus,1788443928159_17B32A_BN5_6_080517_14901_133_73_filtered.wav,29,14.808526077097506,14.89560090702948,1
Forpus_passerinus,1788443928159_17B32A_BN5_6_080517_14901_133_73_filtered.wav,30,15.418049886621317,15.51092970521542,1
Forpus_passerinus,1788443928159_17B32A_BN5_6_080517_14901_133_73_filtered.wav,31,15.638639455782313,15.725714285714286,0
Forpus_passerinus,1788443928159_17B32A_BN5_6_080517_14901_133_73_filtered.wav,32,15.85342403628118,15.928888888888888,1
Forpus_passerinus,1788443928159_17B32A_BN5_6_080517_14901_133_73_filtered.wav,33,16.288798185941044,16.34684807256236,1
Forpus_passerinus,1788443928159_17B32A_BN5_6_080517_14901_133_73_filtered.wav,34,16.445532879818593,16.51519274376417,1
Forpus_passerinus,1788443928159_17B32A_BN5_6_080517_14901_133_73_filtered.wav,35,16.69514739229025,16.73578231292517,0
Forpus_passerinus,1788443928159_17B32A_BN5_6_080517_14901_133_73_filtered.wav,36,17.124716553287982,17.182766439909297,0
Forpus_passerinus,1788443928159_17B32A_BN5_6_080517_14901_133_73_filtered.wav,37,17.972244897959182,18.01868480725624,1
Forpus_passerinus,1788443928159_17B32A_BN5_6_080517_14901_133_73_filtered.wav,38,18.18702947845805,18.250884353741498,1
Forpus_passerinus,1788443928159_17B32A_BN5_6_080517_14901_133_73_filtered.wav,39,18.668843537414965,18.75591836734694,1
Forpus_passerinus,1788443928159_17B32A_BN5_6_080517_14901_133_73_filtered.wav,40,19.15065759637188,19.2087074829932,1
Forpus_passerinus,1788443928159_17B32A_BN5_6_080517_14901_133_73_filtered.wav,41,19.55120181405896,19.626666666666665,1
Forpus_passerinus,1788443928159_17B32A_BN5_6_080517_14901_133_73_filtered.wav,42,19.77179138321996,19.82403628117914,0
Forpus_passerinus,1788443928159_17B32A_BN5_6_080517_14901_133_73_filtered.wav,43,20.050430839002267,20.108480725623583,1
Forpus_passerinus,1788443928159_17B32A_BN5_6_080517_14901_133_73_filtered.wav,44,20.15492063492064,20.329070294784582,1
Forpus_passerinus,1788443928159_17B32A_BN5_6_080517_14901_133_73_filtered.wav,45,20.45097505668934,20.47419501133787,1
Forpus_passerinus,1788443928159_17B32A_BN5_6_080517_14901_133_73_filtered.wav,46,21.037278911564627,21.10113378684808,1
Forpus_passerinus,1788443928159_17B32A_BN5_6_080517_14901_133_73_filtered.wav,47,21.722267573696143,21.762902494331065,0
Forpus_passerinus,1788443928159_17B32A_BN5_6_080517_14901_133_73_filtered.wav,48,24.630566893424035,24.65959183673469,0
Forpus_passerinus,1788443928159_17B32A_BN5_6_080517_14901_133_73_filtered.wav,49,24.746666666666663,24.80471655328798,0
Forpus_passerinus,1788443928159_17B32A_BN5_6_080517_14901_133_73_filtered.wav,50,25.14140589569161,25.21687074829932,0
Forpus_passerinus,1788443928159_17B32A_BN5_6_080517_14901_133_73_filtered.wav,51,25.6,25.65804988662132,1
Forpus_passerinus,1788443928159_17B32A_BN5_6_080517_14901_133_73_filtered.wav,52,25.855419501133788,25.884444444444444,0
Forpus_passerinus,1788443928159_17B32A_BN5_6_080517_14901_133_73_filtered.wav,53,26.6681179138322,26.691337868480726,1
Forpus_passerinus,1788443928159_17B32A_BN5_6_080517_14901_133_73_filtered.wav,54,26.87709750566893,26.95836734693877,0
Forpus_passerinus,1788443928159_17B32A_BN5_6_080517_14901_133_73_filtered.wav,55,27.50984126984127,27.59691609977324,0
Forpus_passerinus,1788443928159_17B32A_BN5_6_080517_14901_133_73_filtered.wav,56,27.89297052154195,27.985850340136054,1
Forpus_passerinus,1788443928159_17B32A_BN5_6_080517_14901_133_73_filtered.wav,57,28.189024943310656,28.23546485260771,1
Forpus_passerinus,1788443928159_17B32A_BN5_6_080517_14901_133_73_filtered.wav,58,28.33995464852608,28.415419501133787,0
Forpus_passerinus,1788443928159_17B32A_BN5_6_080517_14901_133_73_filtered.wav,59,28.75210884353741,28.792743764172336,1
Forpus_passerinus,1788443928159_17B32A_BN5_6_080517_14901_133_73_filtered.wav,60,28.949478458049885,29.01333333333333,1
Forpus_passerinus,1788443928159_17B32A_BN5_6_080517_14901_133_73_filtered.wav,61,29.170068027210885,29.2455328798186,1
Forpus_passerinus,1788443928159_17B32A_BN5_6_080517_14901_133_73_filtered.wav,62,29.53578231292517,29.640272108843536,1
Forpus_passerinus,1788443928159_17B32A_BN5_6_080517_14901_133_73_filtered.wav,63,29.68090702947846,29.733151927437643,1
Forpus_passerinus,1788443928159_17B32A_BN5_6_080517_14901_133_73_filtered.wav,64,30.441360544217687,30.49360544217687,0
Forpus_passerinus,1788443928159_17B32A_BN5_6_080517_14901_133_73_filtered.wav,65,30.627120181405896,30.65034013605442,1
Forpus_passerinus,1788443928159_17B32A_BN5_6_080517_14901_133_73_filtered.wav,66,31.43401360544218,31.51528344671202,0
Forpus_passerinus,1788443928159_17B32A_BN5_6_080517_14901_133_73_filtered.wav,67,31.8984126984127,31.944852607709752,0
Forpus_passerinus,1788443928159_17B32A_BN5_6_080517_14901_133_73_filtered.wav,68,32.20607709750567,32.23510204081633,0
Forpus_passerinus,1788443928159_17B32A_BN5_6_080517_14901_133_73_filtered.wav,69,32.4324716553288,32.507936507936506,0
Forpus_passerinus,1788443928159_17B32A_BN5_6_080517_14901_133_73_filtered.wav,70,32.60081632653061,32.687891156462584,0
Forpus_passerinus,1788443928159_17B32A_BN5_6_080517_14901_133_73_filtered.wav,71,33.19873015873016,33.28,0
Forpus_passerinus,1788443928159_17B32A_BN5_6_080517_14901_133_73_filtered.wav,72,33.72698412698413,33.7966439909297,1
Forpus_passerinus,1788443928159_17B32A_BN5_6_080517_14901_133_73_filtered.wav,73,33.866303854875284,33.93015873015873,1
Forpus_passerinus,1788443928159_17B32A_BN5_6_080517_14901_133_73_filtered.wav,74,34.66739229024943,34.78349206349206,1
Forpus_passerinus,1788443928159_17B32A_BN5_6_080517_14901_133_73_filtered.wav,75,35.5091156462585,35.706485260770975,1
Forpus_passerinus,1788443928159_17B32A_BN5_6_080517_14901_133_73_filtered.wav,76,35.88643990929705,35.9677097505669,0
Forpus_passerinus,1788443928159_17B32A_BN5_6_080517_14901_133_73_filtered.wav,77,36.1708843537415,36.19410430839002,1
Forpus_passerinus,1788443928159_17B32A_BN5_6_080517_14901_133_73_filtered.wav,78,36.46113378684807,36.50757369614512,0
Forpus_passerinus,1788443928159_17B32A_BN5_6_080517_14901_133_73_filtered.wav,79,36.59464852607709,36.68172335600907,0
Forpus_passerinus,1788443928159_17B32A_BN5_6_080517_14901_133_73_filtered.wav,80,36.93714285714286,37.093877551020405,1
Forpus_passerinus,1788443928159_17B32A_BN5_6_080517_14901_133_73_filtered.wav,81,37.477006802721085,37.55827664399093,1
Forpus_passerinus,1788443928159_17B32A_BN5_6_080517_14901_133_73_filtered.wav,82,37.6453514739229,37.66857142857143,0
Forpus_passerinus,1788443928159_17B32A_BN5_6_080517_14901_133_73_filtered.wav,83,37.91238095238095,37.98784580498866,1
Forpus_passerinus,1788443928159_17B32A_BN5_6_080517_14901_133_73_filtered.wav,84,38.0865306122449,38.185215419501134,1
Forpus_passerinus,1788443928159_17B32A_BN5_6_080517_14901_133_73_filtered.wav,85,38.30712018140589,38.41160997732426,0
Forpus_passerinus,1788443928159_17B32A_BN5_6_080517_14901_133_73_filtered.wav,86,38.73668934240363,38.8237641723356,0
Forpus_passerinus,1788443928159_17B32A_BN5_6_080517_14901_133_73_filtered.wav,87,38.945668934240366,39.00952380952381,1
Forpus_passerinus,1788443928159_17B32A_BN5_6_080517_14901_133_73_filtered.wav,88,39.33460317460317,39.41587301587302,1
Forpus_passerinus,1788443928159_17B32A_BN5_6_080517_14901_133_73_filtered.wav,89,39.47392290249433,39.53777777777778,1
Forpus_passerinus,1788443928159_17B32A_BN5_6_080517_14901_133_73_filtered.wav,90,39.671292517006805,39.758367346938776,1
Forpus_passerinus,1788443928159_17B32A_BN5_6_080517_14901_133_73_filtered.wav,91,39.83963718820862,39.92671201814059,1
Forpus_passerinus,1788443928159_17B32A_BN5_6_080517_14901_133_73_filtered.wav,92,40.04281179138322,40.1298866213152,1
Forpus_passerinus,1788443928159_17B32A_BN5_6_080517_14901_133_73_filtered.wav,93,40.38530612244898,40.50140589569161,1
Forpus_passerinus,1788443928159_17B32A_BN5_6_080517_14901_133_73_filtered.wav,94,40.59428571428571,40.68136054421769,0
Forpus_passerinus,1788443928159_17B32A_BN5_6_080517_14901_133_73_filtered.wav,95,40.76843537414966,40.79746031746032,0
Forpus_passerinus,1788443928159_17B32A_BN5_6_080517_14901_133_73_filtered.wav,96,41.05287981859411,41.13995464852608,1
Forpus_passerinus,1788443928159_17B32A_BN5_6_080517_14901_133_73_filtered.wav,97,41.23863945578231,41.30249433106576,1
Forpus_passerinus,1788443928159_17B32A_BN5_6_080517_14901_133_73_filtered.wav,98,41.61596371882087,41.67401360544218,1
Forpus_passerinus,1788443928159_17B32A_BN5_6_080517_14901_133_73_filtered.wav,99,41.76689342403628,41.84816326530612,0
Forpus_passerinus,1788443928159_17B32A_BN5_6_080517_14901_133_73_filtered.wav,100,41.98748299319728,42.0281179138322,0
Forpus_passerinus,1788443928159_17B32A_BN5_6_080517_14901_133_73_filtered.wav,101,42.25451247165533,42.324172335600906,0
Forpus_passerinus,1788443928159_17B32A_BN5_6_080517_14901_133_73_filtered.wav,102,42.4692970521542,42.52154195011338,0
Forpus_passerinus,1788443928159_17B32A_BN5_6_080517_14901_133_73_filtered.wav,103,42.82920634920635,42.8756462585034,0
Forpus_passerinus,1788443928159_17B32A_BN5_6_080517_14901_133_73_filtered.wav,104,43.02077097505669,43.090430839002266,0
Forpus_passerinus,1788443928159_17B32A_BN5_6_080517_14901_133_73_filtered.wav,105,43.60126984126984,43.68834467120181,0
Forpus_passerinus,1788443928159_17B32A_BN5_6_080517_14901_133_73_filtered.wav,106,43.82766439909297,43.93795918367347,1
Forpus_passerinus,1788443928159_17B32A_BN5_6_080517_14901_133_73_filtered.wav,107,44.0540589569161,44.14693877551021,1
Forpus_passerinus,1788443928159_17B32A_BN5_6_080517_14901_133_73_filtered.wav,108,44.30947845804989,44.390748299319725,0
Forpus_passerinus,1788443928159_17B32A_BN5_6_080517_14901_133_73_filtered.wav,109,44.57650793650794,44.63455782312925,0
Forpus_passerinus,1788443928159_17B32A_BN5_6_080517_14901_133_73_filtered.wav,110,44.76226757369614,44.82031746031746,0
Forpus_passerinus,1788443928159_17B32A_BN5_6_080517_14901_133_73_filtered.wav,111,44.9015873015873,44.97124716553288,0
Forpus_passerinus,1788443928159_17B32A_BN5_6_080517_14901_133_73_filtered.wav,112,45.11637188208617,45.31954648526077,1
Forpus_passerinus,1788443928159_17B32A_BN5_6_080517_14901_133_73_filtered.wav,113,45.43564625850341,45.63301587301587,1
Forpus_passerinus,1788443928159_17B32A_BN5_6_080517_14901_133_73_filtered.wav,114,45.760725623582765,45.86521541950113,0
Forpus_passerinus,1788443928159_17B32A_BN5_6_080517_14901_133_73_filtered.wav,115,45.9697052154195,45.99873015873016,1
Forpus_passerinus,1788443928159_17B32A_BN5_6_080517_14901_133_73_filtered.wav,116,46.04517006802721,46.09160997732426,0
Forpus_passerinus,1788443928159_17B32A_BN5_6_080517_14901_133_73_filtered.wav,117,46.23673469387755,46.32961451247166,0
Forpus_passerinus,1788443928159_17B32A_BN5_6_080517_14901_133_73_filtered.wav,118,46.44571428571429,46.49795918367347,0
Forpus_passerinus,1788443928159_17B32A_BN5_6_080517_14901_133_73_filtered.wav,119,46.63727891156463,46.66049886621315,0
Forpus_passerinus,1788443928159_17B32A_BN5_6_080517_14901_133_73_filtered.wav,120,46.985578231292514,47.0378231292517,0
Forpus_passerinus,1788443928159_17B32A_BN5_6_080517_14901_133_73_filtered.wav,121,47.40353741496599,47.4790022675737,0
Forpus_passerinus,1788443928159_17B32A_BN5_6_080517_14901_133_73_filtered.wav,122,47.53705215419501,47.60671201814059,0
Forpus_passerinus,1788443928159_17B32A_BN5_6_080517_14901_133_73_filtered.wav,123,47.78086167800453,47.83310657596372,1
Forpus_passerinus,1788443928159_17B32A_BN5_6_080517_14901_133_73_filtered.wav,124,48.18721088435374,48.22784580498866,0
Forpus_passerinus,1788443928159_17B32A_BN5_6_080517_14901_133_73_filtered.wav,125,48.69224489795919,48.75609977324263,0
Forpus_passerinus,1788443928159_17B32A_BN5_6_080517_14901_133_73_filtered.wav,126,48.883809523809525,48.94185941043084,0
Forpus_passerinus,1788443928159_17B32A_BN5_6_080517_14901_133_73_filtered.wav,127,49.046349206349205,49.092789115646255,0
Forpus_passerinus,1788443928159_17B32A_BN5_6_080517_14901_133_73_filtered.wav,128,49.191473922902496,49.27854875283447,0
Forpus_passerinus,1788443928159_17B32A_BN5_6_080517_14901_133_73_filtered.wav,129,49.34240362811792,49.44108843537415,0
Forpus_passerinus,1788443928159_17B32A_BN5_6_080517_14901_133_73_filtered.wav,130,49.68489795918367,49.75455782312925,0
Forpus_passerinus,1788443928159_17B32A_BN5_6_080517_14901_133_73_filtered.wav,131,49.92290249433107,49.96934240362812,0
Forpus_passerinus,1788443928159_17B32A_BN5_6_080517_14901_133_73_filtered.wav,132,50.09705215419501,50.16090702947846,0
Forpus_passerinus,1788443928159_17B32A_BN5_6_080517_14901_133_73_filtered.wav,133,50.329251700680274,50.38730158730159,0
Forpus_passerinus,1788443928159_17B32A_BN5_6_080517_14901_133_73_filtered.wav,134,50.88072562358277,50.944580498866216,0
Forpus_passerinus,1788443928159_17B32A_BN5_6_080517_14901_133_73_filtered.wav,135,51.05487528344671,51.11873015873016,0
Forpus_passerinus,1788443928159_17B32A_BN5_6_080517_14901_133_73_filtered.wav,136,51.20580498866213,51.28707482993197,0
Forpus_passerinus,1788443928159_17B32A_BN5_6_080517_14901_133_73_filtered.wav,137,51.374149659863946,51.45541950113379,0
Forpus_passerinus,1788443928159_17B32A_BN5_6_080517_14901_133_73_filtered.wav,138,51.5134693877551,51.70503401360544,0
Forpus_passerinus,1788443928159_17B32A_BN5_6_080517_14901_133_73_filtered.wav,139,51.91401360544218,52.09396825396826,1
Forpus_passerinus,1788443928159_17B32A_BN5_6_080517_14901_133_73_filtered.wav,140,52.29133786848072,52.34938775510204,0
Forpus_passerinus,1788443928159_17B32A_BN5_6_080517_14901_133_73_filtered.wav,141,52.453877551020405,52.53514739229025,0
Forpus_passerinus,1788443928159_17B32A_BN5_6_080517_14901_133_73_filtered.wav,142,52.59319727891157,52.68027210884354,0
Forpus_passerinus,1788443928159_17B32A_BN5_6_080517_14901_133_73_filtered.wav,143,52.78476190476191,52.906666666666666,0
Forpus_passerinus,1788443928159_17B32A_BN5_6_080517_14901_133_73_filtered.wav,144,53.25496598639456,53.318820861678006,0
Forpus_passerinus,1788443928159_17B32A_BN5_6_080517_14901_133_73_filtered.wav,145,53.52199546485261,53.59746031746032,0
Forpus_passerinus,1788443928159_17B32A_BN5_6_080517_14901_133_73_filtered.wav,146,53.88190476190477,53.9631746031746,0
Forpus_passerinus,1788443928159_17B32A_BN5_6_080517_14901_133_73_filtered.wav,147,54.02122448979592,54.114104308390026,0
Forpus_passerinus,1788443928159_17B32A_BN5_6_080517_14901_133_73_filtered.wav,148,54.24181405895692,54.45079365079365,0
Forpus_passerinus,1788443928159_17B32A_BN5_6_080517_14901_133_73_filtered.wav,149,54.79909297052154,54.86294784580499,0
Forpus_passerinus,1788443928159_17B32A_BN5_6_080517_14901_133_73_filtered.wav,150,54.96743764172336,55.0487074829932,0
Forpus_passerinus,1788443928159_17B32A_BN5_6_080517_14901_133_73_filtered.wav,151,55.20544217687075,55.27510204081633,0
Forpus_passerinus,1788443928159_17B32A_BN5_6_080517_14901_133_73_filtered.wav,152,55.47827664399093,55.53632653061224,0
Forpus_passerinus,1788443928159_17B32A_BN5_6_080517_14901_133_73_filtered.wav,153,55.79755102040816,55.838185941043086,0
Forpus_passerinus,1788443928159_17B32A_BN5_6_080517_14901_133_73_filtered.wav,154,56.35482993197279,56.41868480725624,0
Forpus_passerinus,1788443928159_17B32A_BN5_6_080517_14901_133_73_filtered.wav,155,56.70312925170068,56.726349206349205,0
Forpus_passerinus,1788443928159_17B32A_BN5_6_080517_14901_133_73_filtered.wav,156,56.82503401360544,56.88308390022676,1
Forpus_passerinus,1788443928159_17B32A_BN5_6_080517_14901_133_73_filtered.wav,157,56.9643537414966,57.0572335600907,1
Forpus_passerinus,1788443928159_17B32A_BN5_6_080517_14901_133_73_filtered.wav,158,57.17913832199547,57.2604081632653,0
Forpus_passerinus,1788443928159_17B32A_BN5_6_080517_14901_133_73_filtered.wav,159,57.42875283446712,57.51582766439909,1
Forpus_passerinus,1788443928159_17B32A_BN5_6_080517_14901_133_73_filtered.wav,160,57.56226757369615,57.66095238095238,1
Forpus_passerinus,1788443928159_17B32A_BN5_6_080517_14901_133_73_filtered.wav,161,57.90476190476191,57.99183673469388,1
Forpus_passerinus,1788443928159_17B32A_BN5_6_080517_14901_133_73_filtered.wav,162,58.21242630385488,58.29950113378685,1
Forpus_passerinus,1788443928159_17B32A_BN5_6_080517_14901_133_73_filtered.wav,163,58.49106575963719,58.57814058956916,1
Forpus_passerinus,1788443928159_17B32A_BN5_6_080517_14901_133_73_filtered.wav,164,58.63619047619048,58.71746031746032,1
Forpus_passerinus,1788443928159_17B32A_BN5_6_080517_14901_133_73_filtered.wav,165,58.92643990929705,58.9902947845805,1
Forpus_passerinus,1788443928159_17B32A_BN5_6_080517_14901_133_73_filtered.wav,166,59.216689342403626,59.292154195011335,0
Forpus_passerinus,1788443928159_17B32A_BN5_6_080517_14901_133_73_filtered.wav,167,59.3966439909297,59.47791383219955,0
Forpus_passerinus,1788443928159_17B32A_BN5_6_080517_14901_133_73_filtered.wav,168,59.7449433106576,59.80299319727891,0
Forpus_passerinus,1788443928159_17B32A_BN5_6_080517_14901_133_73_filtered.wav,169,59.953922902494334,60.011972789115646,0
Forpus_passerinus,1788443928159_17B32A_BN5_6_080517_14901_133_73_filtered.wav,170,60.13968253968254,60.22095238095238,0
Forpus_passerinus,1788443928159_17B32A_BN5_6_080517_14901_133_73_filtered.wav,171,60.31963718820862,60.3892970521542,0
Forpus_passerinus,1788443928159_17B32A_BN5_6_080517_14901_133_73_filtered.wav,172,60.49378684807256,60.55183673469388,0
Forpus_passerinus,1788443928159_17B32A_BN5_6_080517_14901_133_73_filtered.wav,173,60.7027664399093,60.76081632653061,0
Forpus_passerinus,1788443928159_17B32A_BN5_6_080517_14901_133_73_filtered.wav,174,61.49804988662132,61.5502947845805,1
Forpus_passerinus,1788443928159_17B32A_BN5_6_080517_14901_133_73_filtered.wav,175,61.59673469387755,61.648979591836735,0
Forpus_passerinus,1788443928159_17B32A_BN5_6_080517_14901_133_73_filtered.wav,176,61.78249433106576,61.84634920634921,0
Forpus_passerinus,1788443928159_17B32A_BN5_6_080517_14901_133_73_filtered.wav,177,61.910204081632656,61.97986394557823,0
Forpus_passerinus,1788443928159_17B32A_BN5_6_080517_14901_133_73_filtered.wav,178,62.21786848072562,62.27591836734694,0
Forpus_passerinus,1788443928159_17B32A_BN5_6_080517_14901_133_73_filtered.wav,179,62.33396825396825,62.44426303854876,0
Forpus_passerinus,1788443928159_17B32A_BN5_6_080517_14901_133_73_filtered.wav,180,62.70548752834467,62.76934240362812,0
Forpus_passerinus,1788443928159_17B32A_BN5_6_080517_14901_133_73_filtered.wav,181,62.97251700680272,63.05378684807256,0
Forpus_passerinus,1788443928159_17B32A_BN5_6_080517_14901_133_73_filtered.wav,182,63.10603174603175,63.19891156462585,0
Forpus_passerinus,1788443928159_17B32A_BN5_6_080517_14901_133_73_filtered.wav,183,63.26857142857143,63.344036281179136,0
Forpus_passerinus,1788443928159_17B32A_BN5_6_080517_14901_133_73_filtered.wav,184,63.43691609977324,63.47755102040816,1
Forpus_passerinus,1788443928159_17B32A_BN5_6_080517_14901_133_73_filtered.wav,185,63.6691156462585,63.76199546485261,0
Forpus_passerinus,1788443928159_17B32A_BN5_6_080517_14901_133_73_filtered.wav,186,63.84326530612245,63.87809523809524,1
Forpus_passerinus,1788443928159_17B32A_BN5_6_080517_14901_133_73_filtered.wav,187,64.58630385487528,64.66757369614513,0
Forpus_passerinus,1788443928159_17B32A_BN5_6_080517_14901_133_73_filtered.wav,188,64.76625850340136,64.83011337868481,0
Forpus_passerinus,1788443928159_17B32A_BN5_6_080517_14901_133_73_filtered.wav,189,64.96362811791383,65.04489795918367,0
Forpus_passerinus,1788443928159_17B32A_BN5_6_080517_14901_133_73_filtered.wav,190,65.09714285714286,65.12036281179138,0
Forpus_passerinus,1788443928159_17B32A_BN5_6_080517_14901_133_73_filtered.wav,191,65.15519274376418,65.1784126984127,0
Forpus_passerinus,1788443928159_17B32A_BN5_6_080517_14901_133_73_filtered.wav,192,65.2712925170068,65.42222222222222,1
Forpus_passerinus,1788443928159_17B32A_BN5_6_080517_14901_133_73_filtered.wav,193,65.46866213151928,65.70086167800453,1
Forpus_passerinus,1788443928159_17B32A_BN5_6_080517_14901_133_73_filtered.wav,194,66.05496598639456,66.09560090702948,0
Forpus_passerinus,1788443928159_17B32A_BN5_6_080517_14901_133_73_filtered.wav,195,66.31038548752835,66.38004535147392,1
Forpus_passerinus,1788443928159_17B32A_BN5_6_080517_14901_133_73_filtered.wav,196,66.50195011337868,66.55419501133787,1
Forpus_passerinus,1788443928159_17B32A_BN5_6_080517_14901_133_73_filtered.wav,197,66.83863945578231,66.89668934240363,0
Forpus_passerinus,1788443928159_17B32A_BN5_6_080517_14901_133_73_filtered.wav,198,67.1288888888889,67.2043537414966,0
Forpus_passerinus,1788443928159_17B32A_BN5_6_080517_14901_133_73_filtered.wav,199,67.32045351473923,67.40172335600907,0
Forpus_passerinus,1788443928159_17B32A_BN5_6_080517_14901_133_73_filtered.wav,200,67.55265306122449,67.65133786848072,0
Forpus_passerinus,1788443928159_17B32A_BN5_6_080517_14901_133_73_filtered.wav,201,67.82548752834467,67.98222222222222,0
Forpus_passerinus,1788443928159_17B32A_BN5_6_080517_14901_133_73_filtered.wav,202,68.3653514739229,68.42340136054422,1
Forpus_passerinus,1788443928159_17B32A_BN5_6_080517_14901_133_73_filtered.wav,203,68.46403628117913,68.53369614512472,0
Forpus_passerinus,1788443928159_17B32A_BN5_6_080517_14901_133_73_filtered.wav,204,68.62077097505669,68.6962358276644,1
Forpus_passerinus,1788443928159_17B32A_BN5_6_080517_14901_133_73_filtered.wav,205,68.76009070294785,68.83555555555556,1
Forpus_passerinus,1788443928159_17B32A_BN5_6_080517_14901_133_73_filtered.wav,206,68.94585034013605,68.98648526077098,1
Forpus_passerinus,1788443928159_17B32A_BN5_6_080517_14901_133_73_filtered.wav,207,69.48571428571428,69.5437641723356,0
Forpus_passerinus,1788443928159_17B32A_BN5_6_080517_14901_133_73_filtered.wav,208,69.6540589569161,69.72371882086168,0
Forpus_passerinus,1788443928159_17B32A_BN5_6_080517_14901_133_73_filtered.wav,209,71.18657596371882,71.26204081632653,1
Forpus_passerinus,1788443928159_17B32A_BN5_6_080517_14901_133_73_filtered.wav,210,71.3317006802721,71.40716553287982,1
Forpus_passerinus,1788443928159_17B32A_BN5_6_080517_14901_133_73_filtered.wav,211,71.51746031746032,71.60453514739228,0
Forpus_passerinus,1788443928159_17B32A_BN5_6_080517_14901_133_73_filtered.wav,212,71.65097505668935,71.79609977324263,1
Forpus_passerinus,1788443928159_17B32A_BN5_6_080517_14901_133_73_filtered.wav,213,71.91800453514739,71.99927437641723,1
Forpus_passerinus,1788443928159_17B32A_BN5_6_080517_14901_133_73_filtered.wav,214,72.12117913832199,72.17922902494331,1
Forpus_passerinus,1788443928159_17B32A_BN5_6_080517_14901_133_73_filtered.wav,215,72.2314739229025,72.35918367346939,0
Forpus_passerinus,1788443928159_17B32A_BN5_6_080517_14901_133_73_filtered.wav,216,72.41142857142857,72.49269841269842,0
Forpus_passerinus,1788443928159_17B32A_BN5_6_080517_14901_133_73_filtered.wav,217,72.88743764172335,72.96290249433106,0
Forpus_passerinus,1788443928159_17B32A_BN5_6_080517_14901_133_73_filtered.wav,218,73.03836734693877,73.12544217687075,0
Forpus_passerinus,1788443928159_17B32A_BN5_6_080517_14901_133_73_filtered.wav,219,73.27056689342403,73.35764172335601,0
Forpus_passerinus,1788443928159_17B32A_BN5_6_080517_14901_133_73_filtered.wav,220,73.67691609977324,73.75238095238095,0
Forpus_passerinus,1788443928159_17B32A_BN5_6_080517_14901_133_73_filtered.wav,221,73.87428571428572,73.93814058956916,0
Forpus_passerinus,1788443928159_17B32A_BN5_6_080517_14901_133_73_filtered.wav,222,74.1122902494331,74.18775510204081,1
Forpus_passerinus,1788443928159_17B32A_BN5_6_080517_14901_133_73_filtered.wav,223,74.30385487528345,74.37931972789116,0
Forpus_passerinus,1788443928159_17B32A_BN5_6_080517_14901_133_73_filtered.wav,224,74.43736961451248,74.50122448979592,0
Forpus_passerinus,1788443928159_17B32A_BN5_6_080517_14901_133_73_filtered.wav,225,75.22684807256236,75.25006802721089,1
Forpus_passerinus,1788443928159_17B32A_BN5_6_080517_14901_133_73_filtered.wav,226,75.64480725623582,75.85378684807256,0
Forpus_passerinus,1788443928159_17B32A_BN5_6_080517_14901_133_73_filtered.wav,227,75.98149659863945,76.07437641723357,0
Forpus_passerinus,1788443928159_17B32A_BN5_6_080517_14901_133_73_filtered.wav,228,76.11501133786848,76.19047619047619,0
Forpus_passerinus,1788443928159_17B32A_BN5_6_080517_14901_133_73_filtered.wav,229,76.2659410430839,76.36462585034013,0
Forpus_passerinus,1788443928159_17B32A_BN5_6_080517_14901_133_73_filtered.wav,230,77.50820861678004,77.57206349206349,0
Forpus_passerinus,1788443928159_17B32A_BN5_6_080517_14901_133_73_filtered.wav,231,77.68816326530612,77.71138321995466,0
Forpus_passerinus,1788443928159_17B32A_BN5_6_080517_14901_133_73_filtered.wav,232,77.87972789115646,77.90875283446712,0
Forpus_passerinus,1788443928159_17B32A_BN5_6_080517_14901_133_73_filtered.wav,233,78.56471655328798,78.68662131519274,0
Forpus_passerinus,1788443928159_17B32A_BN5_6_080517_14901_133_73_filtered.wav,234,78.76789115646258,78.79691609977324,0
Forpus_passerinus,1788443928159_17B32A_BN5_6_080517_14901_133_73_filtered.wav,235,78.85496598639456,78.90721088435374,0
Forpus_passerinus,1788443928159_17B32A_BN5_6_080517_14901_133_73_filtered.wav,236,79.03492063492064,79.1219954648526,0
Forpus_passerinus,1788443928159_17B32A_BN5_6_080517_14901_133_73_filtered.wav,237,79.27292517006802,79.34258503401361,0
Forpus_passerinus,1788443928159_17B32A_BN5_6_080517_14901_133_73_filtered.wav,238,79.49931972789116,79.53414965986394,1
Forpus_passerinus,1788443928159_17B32A_BN5_6_080517_14901_133_73_filtered.wav,239,80.77061224489796,80.8518820861678,0
Forpus_passerinus,1788443928159_17B32A_BN5_6_080517_14901_133_73_filtered.wav,240,80.92154195011338,81.0724716553288,0
Forpus_passerinus,1788443928159_17B32A_BN5_6_080517_14901_133_73_filtered.wav,241,81.25242630385488,81.32208616780045,1
Forpus_passerinus,1788443928159_17B32A_BN5_6_080517_14901_133_73_filtered.wav,242,81.40916099773243,81.478820861678,0
Forpus_passerinus,1788443928159_17B32A_BN5_6_080517_14901_133_73_filtered.wav,243,81.58331065759637,81.64716553287982,0
Forpus_passerinus,1788443928159_17B32A_BN5_6_080517_14901_133_73_filtered.wav,244,81.78068027210884,81.85034013605443,0
Forpus_passerinus,1788443928159_17B32A_BN5_6_080517_14901_133_73_filtered.wav,245,82.00126984126985,82.07092970521542,1
Forpus_passerinus,1788443928159_17B32A_BN5_6_080517_14901_133_73_filtered.wav,246,84.6077097505669,84.67736961451247,1
Forpus_passerinus,1788443928159_17B32A_BN5_6_080517_14901_133_73_filtered.wav,247,84.83410430839002,84.86893424036282,1
Forpus_passerinus,1788443928159_17B32A_BN5_6_080517_14901_133_73_filtered.wav,248,85.08371882086168,85.15918367346939,1
Forpus_passerinus,1788443928159_17B32A_BN5_6_080517_14901_133_73_filtered.wav,249,85.35655328798185,85.39138321995465,1
Forpus_passerinus,1788443928159_17B32A_BN5_6_080517_14901_133_73_filtered.wav,250,85.51909297052154,85.56553287981859,1
Forpus_passerinus,1788443928159_17B32A_BN5_6_080517_14901_133_73_filtered.wav,251,85.8615873015873,85.94285714285714,1
Forpus_passerinus,1788443928159_17B32A_BN5_6_080517_14901_133_73_filtered.wav,252,86.01832199546486,86.09378684807257,1
Forpus_passerinus,1788443928159_17B32A_BN5_6_080517_14901_133_73_filtered.wav,253,86.1924716553288,86.27374149659865,1
Forpus_passerinus,1788443928159_17B32A_BN5_6_080517_14901_133_73_filtered.wav,254,86.38403628117914,86.47691609977325,1
Forpus_passerinus,1788443928159_17B32A_BN5_6_080517_14901_133_73_filtered.wav,255,86.51755102040816,86.77877551020408,0
Forpus_passerinus,1788443928159_17B32A_BN5_6_080517_14901_133_73_filtered.wav,256,86.89487528344671,86.95873015873016,0
Forpus_passerinus,1788443928159_17B32A_BN5_6_080517_14901_133_73_filtered.wav,257,88.25324263038549,88.3287074829932,1
Forpus_passerinus,1788443928159_17B32A_BN5_6_080517_14901_133_73_filtered.wav,258,88.67120181405896,88.69442176870749,0
Forpus_passerinus,1788443928159_17B32A_BN5_6_080517_14901_133_73_filtered.wav,259,88.97886621315193,89.02530612244898,0
Forpus_passerinus,1788443928159_17B32A_BN5_6_080517_14901_133_73_filtered.wav,260,89.13560090702948,89.19945578231292,0
Forpus_passerinus,1788443928159_17B32A_BN5_6_080517_14901_133_73_filtered.wav,261,89.33877551020409,89.52453514739229,0
Forpus_passerinus,1788443928159_17B32A_BN5_6_080517_14901_133_73_filtered.wav,262,89.97732426303855,90.03537414965986,0
Forpus_passerinus,1788443928159_17B32A_BN5_6_080517_14901_133_73_filtered.wav,263,90.8887074829932,90.95836734693876,1
Forpus_passerinus,1788443928159_17B32A_BN5_6_080517_14901_133_73_filtered.wav,264,91.49242630385488,91.5504761904762,1
Forpus_passerinus,1788443928159_17B32A_BN5_6_080517_14901_133_73_filtered.wav,265,91.76526077097506,91.83492063492064,0
Forpus_passerinus,1788443928159_17B32A_BN5_6_080517_14901_133_73_filtered.wav,266,92.02068027210883,92.07292517006805,0
Forpus_passerinus,1788443928159_17B32A_BN5_6_080517_14901_133_73_filtered.wav,267,92.6766439909297,92.75791383219956,1
Forpus_passerinus,1788443928159_17B32A_BN5_6_080517_14901_133_73_filtered.wav,268,92.81015873015872,92.86820861678004,1
Forpus_passerinus,1788443928159_17B32A_BN5_6_080517_14901_133_73_filtered.wav,269,93.36743764172336,93.48353741496598,0
Forpus_passerinus,1788443928159_17B32A_BN5_6_080517_14901_133_73_filtered.wav,270,93.66349206349206,93.73895691609977,1
Forpus_passerinus,1788443928159_17B32A_BN5_6_080517_14901_133_73_filtered.wav,271,93.89569160997732,93.93052154195011,1
Forpus_passerinus,1788443928159_17B32A_BN5_6_080517_14901_133_73_filtered.wav,272,93.98857142857145,94.0930612244898,0
Forpus_passerinus,1788443928159_17B32A_BN5_6_080517_14901_133_73_filtered.wav,273,94.23818594104308,94.2614058956916,1
Forpus_passerinus,1788443928159_17B32A_BN5_6_080517_14901_133_73_filtered.wav,274,94.39492063492064,94.4645804988662,0
Forpus_passerinus,1788443928159_17B32A_BN5_6_080517_14901_133_73_filtered.wav,275,95.45142857142856,95.51528344671202,1
Forpus_passerinus,1788443928159_17B32A_BN5_6_080517_14901_133_73_filtered.wav,276,97.36126984126984,97.40190476190476,1
Forpus_passerinus,1788443928159_17B32A_BN5_6_080517_14901_133_73_filtered.wav,277,97.4831746031746,97.5354195011338,1
Forpus_passerinus,1788443928159_17B32A_BN5_6_080517_14901_133_73_filtered.wav,278,97.73278911564626,97.81986394557823,1
Forpus_passerinus,1788443928159_17B32A_BN5_6_080517_14901_133_73_filtered.wav,279,97.86049886621316,97.93015873015872,1
Forpus_passerinus,1788443928159_17B32A_BN5_6_080517_14901_133_73_filtered.wav,280,98.02884353741496,98.09850340136056,1
Forpus_passerinus,1788443928159_17B32A_BN5_6_080517_14901_133_73_filtered.wav,281,98.1449433106576,98.2204081632653,1
Forpus_passerinus,1788443928159_17B32A_BN5_6_080517_14901_133_73_filtered.wav,282,98.27845804988662,98.35392290249432,1
Forpus_passerinus,1788443928159_17B32A_BN5_6_080517_14901_133_73_filtered.wav,283,98.42938775510204,98.54548752834468,0
Forpus_passerinus,1788443928159_17B32A_BN5_6_080517_14901_133_73_filtered.wav,284,98.78349206349206,98.8647619047619,0
Forpus_passerinus,1788443928159_17B32A_BN5_6_080517_14901_133_73_filtered.wav,285,99.14920634920637,99.20725623582769,0
Forpus_passerinus,1788443928159_17B32A_BN5_6_080517_14901_133_73_filtered.wav,286,99.31755102040816,99.4510657596372,0
Forpus_passerinus,1788443928159_17B32A_BN5_6_080517_14901_133_73_filtered.wav,287,99.67746031746032,99.75292517006802,1
Forpus_passerinus,1788443928159_17B32A_BN5_6_080517_14901_133_73_filtered.wav,288,99.84,99.9328798185941,0
Forpus_passerinus,1788443928159_17B32A_BN5_6_080517_14901_133_73_filtered.wav,289,100.03156462585034,100.0780045351474,1
Forpus_passerinus,1788443928159_17B32A_BN5_6_080517_14901_133_73_filtered.wav,290,100.16507936507936,100.23473922902494,1
Forpus_passerinus,1788443928159_17B32A_BN5_6_080517_14901_133_73_filtered.wav,291,100.49596371882086,100.58303854875284,1
Forpus_passerinus,1788443928159_17B32A_BN5_6_080517_14901_133_73_filtered.wav,292,100.84426303854876,100.93133786848072,0
Forpus_passerinus,1788443928159_17B32A_BN5_6_080517_14901_133_73_filtered.wav,293,101.0009977324263,101.07065759637187,0
Forpus_passerinus,1788443928159_17B32A_BN5_6_080517_14901_133_73_filtered.wav,294,101.13451247165531,101.2215873015873,0
Forpus_passerinus,1788443928159_17B32A_BN5_6_080517_14901_133_73_filtered.wav,295,101.43056689342404,101.51183673469389,0
Forpus_passerinus,1788443928159_17B32A_BN5_6_080517_14901_133_73_filtered.wav,296,101.67437641723356,101.738231292517,0
Forpus_passerinus,1788443928159_17B32A_BN5_6_080517_14901_133_73_filtered.wav,297,101.7730612244898,101.8485260770975,0
Forpus_passerinus,1788443928159_17B32A_BN5_6_080517_14901_133_73_filtered.wav,298,101.92979591836736,102.13877551020408,1
Forpus_passerinus,1788443928159_17B32A_BN5_6_080517_14901_133_73_filtered.wav,299,102.31292517006804,102.39419501133789,0
Forpus_passerinus,1788443928159_17B32A_BN5_6_080517_14901_133_73_filtered.wav,300,102.44643990929706,102.5277097505669,0
Forpus_passerinus,1788443928159_17B32A_BN5_6_080517_14901_133_73_filtered.wav,301,102.620589569161,102.68444444444444,0
Forpus_passerinus,1788443928159_17B32A_BN5_6_080517_14901_133_73_filtered.wav,302,102.85278911564626,103.061768707483,0
Forpus_passerinus,1788443928159_17B32A_BN5_6_080517_14901_133_73_filtered.wav,303,103.47392290249434,103.56680272108844,0
Forpus_passerinus,1788443928159_17B32A_BN5_6_080517_14901_133_73_filtered.wav,304,103.99056689342405,104.02539682539684,1
Forpus_passerinus,1788443928159_17B32A_BN5_6_080517_14901_133_73_filtered.wav,305,104.1298866213152,104.27501133786848,1
Forpus_passerinus,1788443928159_17B32A_BN5_6_080517_14901_133_73_filtered.wav,306,104.73360544217688,104.78585034013604,1
Forpus_passerinus,1788443928159_17B32A_BN5_6_080517_14901_133_73_filtered.wav,307,105.13995464852609,105.1980045351474,0
Forpus_passerinus,1788443928159_17B32A_BN5_6_080517_14901_133_73_filtered.wav,308,105.56952380952382,105.66820861678003,1
Forpus_passerinus,1788443928159_17B32A_BN5_6_080517_14901_133_73_filtered.wav,309,106.26031746031748,106.31836734693876,0
Forpus_passerinus,1788443928159_17B32A_BN5_6_080517_14901_133_73_filtered.wav,310,106.52154195011336,106.57959183673468,0
Forpus_passerinus,1788443928159_17B32A_BN5_6_080517_14901_133_73_filtered.wav,311,107.02077097505668,107.078820861678,0
Forpus_passerinus,1788443928159_17B32A_BN5_6_080517_14901_133_73_filtered.wav,312,107.30521541950114,107.42131519274376,1
Forpus_passerinus,1788443928159_17B32A_BN5_6_080517_14901_133_73_filtered.wav,313,107.53160997732428,107.6651247165533,1
Forpus_passerinus,1788443928159_17B32A_BN5_6_080517_14901_133_73_filtered.wav,314,107.80444444444444,107.96698412698412,1
Forpus_passerinus,1788443928159_17B32A_BN5_6_080517_14901_133_73_filtered.wav,315,108.14113378684809,108.181768707483,1
Forpus_passerinus,1788443928159_17B32A_BN5_6_080517_14901_133_73_filtered.wav,316,108.23401360544216,108.40816326530611,1
Forpus_passerinus,1788443928159_17B32A_BN5_6_080517_14901_133_73_filtered.wav,317,108.53006802721087,108.5707029478458,1
Forpus_passerinus,1788443928159_17B32A_BN5_6_080517_14901_133_73_filtered.wav,318,108.6055328798186,108.84934240362811,1
Forpus_passerinus,1788443928159_17B32A_BN5_6_080517_14901_133_73_filtered.wav,319,108.94222222222224,109.06993197278912,1
Forpus_passerinus,1788443928159_17B32A_BN5_6_080517_14901_133_73_filtered.wav,320,109.1047619047619,109.19183673469388,1
Forpus_passerinus,1788443928159_17B32A_BN5_6_080517_14901_133_73_filtered.wav,321,109.3079365079365,109.33115646258504,1
Forpus_passerinus,1788443928159_17B32A_BN5_6_080517_14901_133_73_filtered.wav,322,109.37179138321996,109.4530612244898,1
Forpus_passerinus,1788443928159_17B32A_BN5_6_080517_14901_133_73_filtered.wav,323,109.55755102040816,109.96390022675736,0
Forpus_passerinus,1788443928159_17B32A_BN5_6_080517_14901_133_73_filtered.wav,324,110.08,110.10321995464852,1
Forpus_passerinus,1788443928159_17B32A_BN5_6_080517_14901_133_73_filtered.wav,325,110.39927437641724,110.60244897959184,1
Forpus_passerinus,1788443928159_17B32A_BN5_6_080517_14901_133_73_filtered.wav,326,110.66049886621316,110.7243537414966,1
Forpus_passerinus,1788443928159_17B32A_BN5_6_080517_14901_133_73_filtered.wav,327,110.77659863945578,110.9797732426304,1
Forpus_passerinus,1788443928159_17B32A_BN5_6_080517_14901_133_73_filtered.wav,328,111.182947845805,112.30331065759636,0
Forpus_passerinus,1788443928159_17B32A_BN5_6_080517_14901_133_73_filtered.wav,329,113.3365986394558,113.37142857142857,0
Forpus_passerinus,1788443928159_17B32A_BN5_6_080517_14901_133_73_filtered.wav,330,113.82421768707484,113.89968253968254,1
Forpus_passerinus,1788443928159_17B32A_BN5_6_080517_14901_133_73_filtered.wav,331,114.0215873015873,114.10285714285716,1
Forpus_passerinus,1788443928159_17B32A_BN5_6_080517_14901_133_73_filtered.wav,332,114.15510204081632,114.23637188208616,1
Forpus_passerinus,1788443928159_17B32A_BN5_6_080517_14901_133_73_filtered.wav,333,114.32344671201814,114.5208163265306,1
Forpus_passerinus,1788443928159_17B32A_BN5_6_080517_14901_133_73_filtered.wav,334,114.6833560090703,114.758820861678,1
Forpus_passerinus,1788443928159_17B32A_BN5_6_080517_14901_133_73_filtered.wav,335,114.93877551020408,115.00263038548754,0
Forpus_passerinus,1788443928159_17B32A_BN5_6_080517_14901_133_73_filtered.wav,336,115.61795918367346,115.67600907029478,0
Forpus_passerinus,1788443928159_17B32A_BN5_6_080517_14901_133_73_filtered.wav,337,116.12299319727892,116.1752380952381,1
Forpus_passerinus,1788443928159_17B32A_BN5_6_080517_14901_133_73_filtered.wav,338,116.60480725623584,116.7092970521542,1
Forpus_passerinus,1788443928159_17B32A_BN5_6_080517_14901_133_73_filtered.wav,339,116.94149659863946,117.01115646258503,1
Forpus_passerinus,1788443928159_17B32A_BN5_6_080517_14901_133_73_filtered.wav,340,117.43492063492064,117.46394557823128,1
Forpus_passerinus,1788443928159_17B32A_BN5_6_080517_14901_133_73_filtered.wav,341,117.70195011337869,117.7425850340136,1
Forpus_passerinus,1788443928159_17B32A_BN5_6_080517_14901_133_73_filtered.wav,342,118.10829931972788,118.13732426303856,1
Forpus_passerinus,1788443928159_17B32A_BN5_6_080517_14901_133_73_filtered.wav,343,118.4043537414966,118.46820861678005,1
Forpus_passerinus,1788443928159_17B32A_BN5_6_080517_14901_133_73_filtered.wav,344,118.57850340136056,118.60172335600907,0
Forpus_passerinus,1788443928159_17B32A_BN5_6_080517_14901_133_73_filtered.wav,345,118.97324263038549,119.07192743764172,0
Forpus_passerinus,1788443928159_17B32A_BN5_6_080517_14901_133_73_filtered.wav,346,119.24607709750566,119.29251700680273,0
Forpus_passerinus,1788443928159_17B32A_BN5_6_080517_14901_133_73_filtered.wav,347,119.49569160997731,119.59437641723356,0
Forpus_passerinus,1788443928159_17B32A_BN5_6_080517_14901_133_73_filtered.wav,348,119.66403628117914,119.75691609977324,0
Forpus_passerinus,1788443928159_17B32A_BN5_6_080517_14901_133_73_filtered.wav,349,119.8614058956916,120.14004535147392,0
Forpus_passerinus,1788443928159_17B32A_BN5_6_080517_14901_133_73_filtered.wav,350,120.41868480725624,120.47092970521544,1
Forpus_passerinus,1788443928159_17B32A_BN5_6_080517_14901_133_73_filtered.wav,351,120.80761904761904,120.92371882086168,1
Forpus_passerinus,1788443928159_17B32A_BN5_6_080517_14901_133_73_filtered.wav,352,121.06884353741496,121.13850340136054,1
Forpus_passerinus,1788443928159_17B32A_BN5_6_080517_14901_133_73_filtered.wav,353,121.20816326530613,121.24879818594104,1
Forpus_passerinus,1788443928159_17B32A_BN5_6_080517_14901_133_73_filtered.wav,354,121.75383219954648,121.8467120181406,1
Forpus_passerinus,1788443928159_17B32A_BN5_6_080517_14901_133_73_filtered.wav,355,122.0498866213152,122.10793650793651,1
Forpus_passerinus,1788443928159_17B32A_BN5_6_080517_14901_133_73_filtered.wav,356,122.41560090702949,122.46784580498866,0
Forpus_passerinus,1788443928159_17B32A_BN5_6_080517_14901_133_73_filtered.wav,357,122.6942403628118,122.73487528344673,0
Forpus_passerinus,1788443928159_17B32A_BN5_6_080517_14901_133_73_filtered.wav,358,122.92063492063492,123.00770975056687,0
Forpus_passerinus,1788443928159_17B32A_BN5_6_080517_14901_133_73_filtered.wav,359,123.1528344671202,123.24571428571429,0
Forpus_passerinus,1788443928159_17B32A_BN5_6_080517_14901_133_73_filtered.wav,360,124.42993197278912,124.4995918367347,0
Forpus_passerinus,1788443928159_17B32A_BN5_6_080517_14901_133_73_filtered.wav,361,124.65632653061223,124.69696145124716,0
Forpus_passerinus,1788443928159_17B32A_BN5_6_080517_14901_133_73_filtered.wav,362,124.92916099773242,124.97560090702947,0
Forpus_passerinus,1788443928159_17B32A_BN5_6_080517_14901_133_73_filtered.wav,363,125.68961451247164,125.7708843537415,0
Forpus_passerinus,1788443928159_17B32A_BN5_6_080517_14901_133_73_filtered.wav,364,125.85795918367349,126.06113378684807,0
Forpus_passerinus,1788443928159_17B32A_BN5_6_080517_14901_133_73_filtered.wav,365,126.14240362811792,126.22367346938776,0
Forpus_passerinus,1788443928159_17B32A_BN5_6_080517_14901_133_73_filtered.wav,366,126.322358276644,126.40362811791384,0
Forpus_passerinus,1788443928159_17B32A_BN5_6_080517_14901_133_73_filtered.wav,367,126.66485260770976,126.7461224489796,0
Forpus_passerinus,1788443928159_17B32A_BN5_6_080517_14901_133_73_filtered.wav,368,126.80997732426304,126.897052154195,0
Forpus_passerinus,1788443928159_17B32A_BN5_6_080517_14901_133_73_filtered.wav,369,127.00734693877553,127.21052154195011,0
Forpus_passerinus,1788443928159_17B32A_BN5_6_080517_14901_133_73_filtered.wav,370,127.41369614512472,127.48335600907028,1
Forpus_passerinus,1788443928159_17B32A_BN5_6_080517_14901_133_73_filtered.wav,371,127.56462585034014,127.64589569160998,1
Forpus_passerinus,1788443928159_17B32A_BN5_6_080517_14901_133_73_filtered.wav,372,127.75038548752836,127.8142403628118,1
Forpus_passerinus,1788443928159_17B32A_BN5_6_080517_14901_133_73_filtered.wav,373,127.8897052154195,127.94775510204082,1
Forpus_passerinus,1788443928159_17B32A_BN5_6_080517_14901_133_73_filtered.wav,374,128.0174149659864,128.2728344671202,0
Forpus_passerinus,1788443928159_17B32A_BN5_6_080517_14901_133_73_filtered.wav,375,128.48761904761903,128.795283446712,1
Forpus_passerinus,1788443928159_17B32A_BN5_6_080517_14901_133_73_filtered.wav,376,129.43963718820862,129.67183673469387,0
Forpus_passerinus,1788443928159_17B32A_BN5_6_080517_14901_133_73_filtered.wav,377,130.2233106575964,130.2465306122449,0
Forpus_passerinus,1788443928159_17B32A_BN5_6_080517_14901_133_73_filtered.wav,378,130.7457596371882,130.78639455782312,0
Forpus_passerinus,1788443928159_17B32A_BN5_6_080517_14901_133_73_filtered.wav,379,131.09986394557822,133.73532879818595,0
Hylobates_agilis,20170902-060001_01_ch.wav,0,14.608,15.456,0
Hylobates_agilis,20170902-060001_01_ch.wav,1,16.944,17.664,0
Hylobates_agilis,20170902-060001_01_ch.wav,2,17.936,18.176,0
Hylobates_agilis,20170902-060001_01_ch.wav,3,18.384,18.64,0
Hylobates_agilis,20170902-060001_01_ch.wav,4,18.912,19.28,0
Hylobates_agilis,20170902-060001_01_ch.wav,5,19.712,19.92,0
Hylobates_agilis,20170902-060001_01_ch.wav,6,20.288,20.848,0
Hylobates_agilis,20170902-060001_01_ch.wav,7,28.32,28.864,0
Hylobates_agilis,20170902-060001_01_ch.wav,8,95.632,97.616,2
Hylobates_agilis,20170902-060001_01_ch.wav,9,98.224,102.768,2
Hylobates_agilis,20170902-060001_01_ch.wav,10,103.536,109.952,2
Hylobates_agilis,20170902-060001_01_ch.wav,11,110.528,112.928,2
Hylobates_agilis,20170902-060001_01_ch.wav,12,114.048,115.872,0
Hylobates_agilis,20170902-060001_01_ch.wav,13,116.656,118.096,0
Hylobates_agilis,20170902-060001_01_ch.wav,14,120.88,122.256,0
Hylobates_agilis,20170902-060001_01_ch.wav,15,126.528,129.184,2
Hylobates_agilis,20170902-060001_01_ch.wav,16,144.512,144.96,0
Hylobates_agilis,20170902-060001_01_ch.wav,17,145.168,145.28,0
Hylobates_agilis,20170902-060001_01_ch.wav,18,147.296,148.32,2
Hylobates_agilis,20170902-060001_01_ch.wav,19,457.04,459.872,2
Hylobates_agilis,20170902-060001_01_ch.wav,20,618.528,618.864,0
Hylobates_agilis,20170902-060001_01_ch.wav,21,619.184,619.952,0
Hylobates_agilis,20170902-060001_01_ch.wav,22,736.976,739.6,2
Hylobates_agilis,20170902-060001_01_ch.wav,23,831.872,835.76,2
Hylobates_agilis,20170902-060001_01_ch.wav,24,993.616,996.832,2
Hylobates_agilis,20170902-060001_01_ch.wav,25,1018.496,1018.848,1
Hylobates_agilis,20170902-060001_01_ch.wav,26,1019.984,1020.528,1
Hylobates_agilis,20170902-060001_01_ch.wav,27,1023.472,1024.016,2
Hylobates_agilis,20170902-060001_01_ch.wav,28,1024.896,1025.328,1
Hylobates_agilis,20170902-060001_01_ch.wav,29,1026.864,1027.456,0
Hylobates_agilis,20170902-060001_01_ch.wav,30,1045.008,1045.328,0
Hylobates_agilis,20170902-060001_01_ch.wav,31,1045.536,1045.68,0
Hylobates_agilis,20170902-060001_01_ch.wav,32,1045.952,1046.128,0
Hylobates_agilis,20170902-060001_01_ch.wav,33,1046.768,1047.088,0
Hylobates_agilis,20170902-060001_01_ch.wav,34,1047.312,1047.52,0
Hylobates_agilis,20170902-060001_01_ch.wav,35,1048.256,1048.848,0
Hylobates_agilis,20170902-060001_01_ch.wav,36,1052.736,1053.568,2
Hylobates_agilis,20170902-060001_01_ch.wav,37,1059.952,1060.16,1
Hylobates_agilis,20170902-060001_01_ch.wav,38,1064.624,1065.52,2
Hylobates_agilis,20170902-060001_01_ch.wav,39,1066.448,1067.04,1
Hylobates_agilis,20170902-060001_01_ch.wav,40,1131.312,1131.52,0
Hylobates_agilis,20170902-060001_01_ch.wav,41,1217.696,1220.352,2
Hylobates_agilis,20170902-060001_01_ch.wav,42,1220.656,1221.152,0
Hylobates_agilis,20170902-060001_01_ch.wav,43,1286.064,1286.416,1
Hylobates_agilis,20170902-060001_01_ch.wav,44,1370.88,1373.04,2
Hylobates_agilis,20170902-060001_01_ch.wav,45,1474.656,1476.848,2
Hylobates_agilis,20170902-060001_01_ch.wav,46,1516.64,1517.072,0
Hylobates_agilis,20170902-060001_01_ch.wav,47,1518.208,1518.64,0
Hylobates_agilis,20170902-060001_01_ch.wav,48,1518.864,1519.28,0
Hylobates_agilis,20170902-060001_01_ch.wav,49,1519.76,1520.464,0
Hylobates_agilis,20170902-060001_01_ch.wav,50,1521.648,1524.176,2
Hylobates_agilis,20170902-060001_01_ch.wav,51,1524.416,1524.928,0
Hylobates_agilis,20170902-060001_01_ch.wav,52,1525.168,1525.872,0
Hylobates_agilis,20170902-060001_01_ch.wav,53,1526.336,1526.848,0
Hylobates_agilis,20170902-060001_01_ch.wav,54,1527.328,1529.76,2
Hylobates_agilis,20170902-060001_01_ch.wav,55,1530.56,1530.896,0
Hylobates_agilis,20170902-060001_01_ch.wav,56,1531.152,1531.872,0
Hylobates_agilis,20170902-060001_01_ch.wav,57,1532.448,1532.784,0
Hylobates_agilis,20170902-060001_01_ch.wav,58,1533.504,1533.952,0
Hylobates_agilis,20170902-060001_01_ch.wav,59,1534.592,1534.976,0
Hylobates_agilis,20170902-060001_01_ch.wav,60,1535.216,1536.112,0
Hylobates_agilis,20170902-060001_01_ch.wav,61,1536.352,1536.496,0
Hylobates_agilis,20170902-060001_01_ch.wav,62,1536.816,1537.04,0
Hylobates_agilis,20170902-060001_01_ch.wav,63,1537.488,1540.016,2
Hylobates_agilis,20170902-060001_01_ch.wav,64,1585.792,1588.08,2
Hylobates_agilis,20170902-060001_01_ch.wav,65,1588.672,1588.848,1
Hylobates_agilis,20170902-060001_01_ch.wav,66,1590.816,1591.296,0
Hylobates_agilis,20170902-060001_01_ch.wav,67,1593.056,1593.408,0
Hylobates_agilis,20170902-060001_01_ch.wav,68,1598.272,1598.8,0
Hylobates_agilis,20170902-060001_01_ch.wav,69,1601.872,1602.256,0
Hylobates_agilis,20170902-060001_01_ch.wav,70,1614.72,1617.648,2
Hylobates_agilis,20170902-060001_01_ch.wav,71,1657.68,1658.0,1
Hylobates_agilis,20170902-060001_01_ch.wav,72,1663.696,1663.872,1
Hylobates_agilis,20170902-060001_01_ch.wav,73,1664.624,1665.2,0
Hylobates_agilis,20170902-060001_01_ch.wav,74,1677.312,1677.616,1
Hylobates_agilis,20170902-060001_01_ch.wav,75,1678.096,1678.352,0
Hylobates_agilis,20170902-060001_01_ch.wav,76,1678.816,1681.056,0
Hylobates_agilis,20170902-060001_01_ch.wav,77,1681.84,1685.872,2
Hylobates_agilis,20170902-060001_01_ch.wav,78,1686.208,1686.32,0
Hylobates_agilis,20170902-060001_01_ch.wav,79,1695.776,1695.92,1
Hylobates_agilis,20170902-060001_01_ch.wav,80,1741.904,1742.608,0
Hylobates_agilis,20170902-060001_01_ch.wav,81,1760.096,1760.544,0
Hylobates_agilis,20170902-060001_01_ch.wav,82,1791.2,1791.504,0
Hylobates_agilis,20170902-070001_01_ch.wav,0,13.68,13.968,2
Hylobates_agilis,20170902-070001_01_ch.wav,1,14.864,18.304,0
Hylobates_agilis,20170902-070001_01_ch.wav,2,48.592,52.08,0
Hylobates_agilis,20170902-070001_01_ch.wav,3,54.208,54.688,2
Hylobates_agilis,20170902-070001_01_ch.wav,4,62.96,66.416,0
Hylobates_agilis,20170902-070001_01_ch.wav,5,81.392,84.704,0
Hylobates_agilis,20170902-070001_01_ch.wav,6,96.032,96.272,2
Hylobates_agilis,20170902-070001_01_ch.wav,7,96.832,99.904,0
Hylobates_agilis,20170902-070001_01_ch.wav,8,117.568,121.152,0
Hylobates_agilis,20170902-070001_01_ch.wav,9,161.392,161.856,2
Hylobates_agilis,20170902-070001_01_ch.wav,10,163.6,163.728,2
Hylobates_agilis,20170902-070001_01_ch.wav,11,165.792,166.224,2
Hylobates_agilis,20170902-070001_01_ch.wav,12,167.136,168.864,1
Hylobates_agilis,20170902-070001_01_ch.wav,13,171.6,172.112,1
Hylobates_agilis,20170902-070001_01_ch.wav,14,177.456,177.712,2
Hylobates_agilis,20170902-070001_01_ch.wav,15,192.288,192.704,1
Hylobates_agilis,20170902-070001_01_ch.wav,16,194.96,197.152,0
Hylobates_agilis,20170902-070001_01_ch.wav,17,197.568,197.84,2
Hylobates_agilis,20170902-070001_01_ch.wav,18,198.976,199.152,1
Hylobates_agilis,20170902-070001_01_ch.wav,19,205.728,205.84,1
Hylobates_agilis,20170902-070001_01_ch.wav,20,221.968,223.024,2
Hylobates_agilis,20170902-070001_01_ch.wav,21,249.68,249.856,2
Hylobates_agilis,20170902-070001_01_ch.wav,22,264.624,265.264,1
Hylobates_agilis,20170902-070001_01_ch.wav,23,266.0,266.336,2
Hylobates_agilis,20170902-070001_01_ch.wav,24,267.504,268.208,2
Hylobates_agilis,20170902-070001_01_ch.wav,25,268.432,268.544,2
Hylobates_agilis,20170902-070001_01_ch.wav,26,277.552,277.824,2
Hylobates_agilis,20170902-070001_01_ch.wav,27,287.408,287.904,1
Hylobates_agilis,20170902-070001_01_ch.wav,28,288.592,288.848,1
Hylobates_agilis,20170902-070001_01_ch.wav,29,289.84,289.952,1
Hylobates_agilis,20170902-070001_01_ch.wav,30,291.344,292.048,2
Hylobates_agilis,20170902-070001_01_ch.wav,31,348.768,349.968,1
Hylobates_agilis,20170902-070001_01_ch.wav,32,351.168,351.68,1
Hylobates_agilis,20170902-070001_01_ch.wav,33,355.04,355.552,2
Hylobates_agilis,20170902-070001_01_ch.wav,34,356.24,356.384,2
Hylobates_agilis,20170902-070001_01_ch.wav,35,356.608,357.648,2
Hylobates_agilis,20170902-070001_01_ch.wav,36,357.984,359.408,2
Hylobates_agilis,20170902-070001_01_ch.wav,37,365.36,365.744,2
Hylobates_agilis,20170902-070001_01_ch.wav,38,367.04,369.056,2
Hylobates_agilis,20170902-070001_01_ch.wav,39,398.56,399.136,1
Hylobates_agilis,20170902-070001_01_ch.wav,40,441.696,442.528,2
Hylobates_agilis,20170902-070001_01_ch.wav,41,443.168,445.632,0
Hylobates_agilis,20170902-070001_01_ch.wav,42,457.456,457.632,1
Hylobates_agilis,20170902-070001_01_ch.wav,43,462.4,465.04,0
Hylobates_agilis,20170902-070001_01_ch.wav,44,470.672,470.848,1
Hylobates_agilis,20170902-070001_01_ch.wav,45,471.728,473.44,2
Hylobates_agilis,20170902-070001_01_ch.wav,46,474.272,475.088,1
Hylobates_agilis,20170902-070001_01_ch.wav,47,475.296,476.24,1
Hylobates_agilis,20170902-070001_01_ch.wav,48,477.36,478.256,2
Hylobates_agilis,20170902-070001_01_ch.wav,49,617.68,618.048,1
Hylobates_agilis,20170902-070001_01_ch.wav,50,618.352,619.392,1
Hylobates_agilis,20170902-070001_01_ch.wav,51,619.984,620.56,1
Hylobates_agilis,20170902-070001_01_ch.wav,52,621.152,621.584,1
Hylobates_agilis,20170902-070001_01_ch.wav,53,622.096,622.336,1
Hylobates_agilis,20170902-070001_01_ch.wav,54,623.632,623.744,2
Hylobates_agilis,20170902-070001_01_ch.wav,55,625.136,625.472,1
Hylobates_agilis,20170902-070001_01_ch.wav,56,627.472,627.888,2
Hylobates_agilis,20170902-070001_01_ch.wav,57,630.448,630.816,2
Hylobates_agilis,20170902-070001_01_ch.wav,58,631.456,631.84,2
Hylobates_agilis,20170902-070001_01_ch.wav,59,635.504,635.888,1
Hylobates_agilis,20170902-070001_01_ch.wav,60,637.584,639.824,0
Hylobates_agilis,20170902-070001_01_ch.wav,61,643.376,644.608,2
Hylobates_agilis,20170902-070001_01_ch.wav,62,650.256,651.008,2
Hylobates_agilis,20170902-070001_01_ch.wav,63,656.48,656.672,1
Hylobates_agilis,20170902-070001_01_ch.wav,64,660.784,661.168,2
Hylobates_agilis,20170902-070001_01_ch.wav,65,662.432,662.8,2
Hylobates_agilis,20170902-070001_01_ch.wav,66,664.96,665.264,2
Hylobates_agilis,20170902-070001_01_ch.wav,67,675.824,676.144,1
Hylobates_agilis,20170902-070001_01_ch.wav,68,677.504,678.464,1
Hylobates_agilis,20170902-070001_01_ch.wav,69,690.464,690.688,1
Hylobates_agilis,20170902-070001_01_ch.wav,70,691.568,692.32,1
Hylobates_agilis,20170902-070001_01_ch.wav,71,697.936,700.592,0
Hylobates_agilis,20170902-070001_01_ch.wav,72,700.848,701.888,1
Hylobates_agilis,20170902-070001_01_ch.wav,73,703.712,704.368,2
Hylobates_agilis,20170902-070001_01_ch.wav,74,708.752,709.328,2
Hylobates_agilis,20170902-070001_01_ch.wav,75,719.12,719.392,2
Hylobates_agilis,20170902-070001_01_ch.wav,76,721.2,721.424,2
Hylobates_agilis,20170902-070001_01_ch.wav,77,724.736,724.976,2
Hylobates_agilis,20170902-070001_01_ch.wav,78,725.392,725.92,2
Hylobates_agilis,20170902-070001_01_ch.wav,79,728.336,731.424,0
Hylobates_agilis,20170902-070001_01_ch.wav,80,732.816,733.568,2
Hylobates_agilis,20170902-070001_01_ch.wav,81,734.432,734.864,1
Hylobates_agilis,20170902-070001_01_ch.wav,82,736.816,737.152,2
Hylobates_agilis,20170902-070001_01_ch.wav,83,741.872,742.24,1
Hylobates_agilis,20170902-070001_01_ch.wav,84,748.736,749.088,2
Hylobates_agilis,20170902-070001_01_ch.wav,85,749.76,751.2,2
Hylobates_agilis,20170902-070001_01_ch.wav,86,752.352,752.768,2
Hylobates_agilis,20170902-070001_01_ch.wav,87,752.976,756.432,0
Hylobates_agilis,20170902-070001_01_ch.wav,88,757.312,759.04,2
Hylobates_agilis,20170902-070001_01_ch.wav,89,760.128,760.336,2
Hylobates_agilis,20170902-070001_01_ch.wav,90,786.672,788.464,2
Hylobates_agilis,20170902-070001_01_ch.wav,91,789.6,791.232,2
Hylobates_agilis,20170902-070001_01_ch.wav,92,793.728,796.464,0
Hylobates_agilis,20170902-070001_01_ch.wav,93,797.728,798.688,2
Hylobates_agilis,20170902-070001_01_ch.wav,94,799.216,799.84,2
Hylobates_agilis,20170902-070001_01_ch.wav,95,803.328,804.624,2
Hylobates_agilis,20170902-070001_01_ch.wav,96,824.576,826.032,2
Hylobates_agilis,20170902-070001_01_ch.wav,97,826.512,826.736,2
Hylobates_agilis,20170902-070001_01_ch.wav,98,835.072,835.888,1
Hylobates_agilis,20170902-070001_01_ch.wav,99,840.416,840.56,1
Hylobates_agilis,20170902-070001_01_ch.wav,100,844.064,844.832,1
Hylobates_agilis,20170902-070001_01_ch.wav,101,846.144,847.232,1
Hylobates_agilis,20170902-070001_01_ch.wav,102,847.888,848.544,1
Hylobates_agilis,20170902-070001_01_ch.wav,103,850.096,850.432,1
Hylobates_agilis,20170902-070001_01_ch.wav,104,852.08,852.368,2
Hylobates_agilis,20170902-070001_01_ch.wav,105,864.64,865.056,1
Hylobates_agilis,20170902-070001_01_ch.wav,106,892.768,893.216,2
Hylobates_agilis,20170902-070001_01_ch.wav,107,899.424,899.6,2
Hylobates_agilis,20170902-070001_01_ch.wav,108,899.872,900.224,1
Hylobates_agilis,20170902-070001_01_ch.wav,109,902.912,903.536,2
Hylobates_agilis,20170902-070001_01_ch.wav,110,904.176,904.432,1
Hylobates_agilis,20170902-070001_01_ch.wav,111,905.232,905.856,2
Hylobates_agilis,20170902-070001_01_ch.wav,112,906.336,906.448,1
Hylobates_agilis,20170902-070001_01_ch.wav,113,912.352,912.784,2
Hylobates_agilis,20170902-070001_01_ch.wav,114,918.768,919.232,2
Hylobates_agilis,20170902-070001_01_ch.wav,115,924.064,924.544,2
Hylobates_agilis,20170902-070001_01_ch.wav,116,924.768,925.216,2
Hylobates_agilis,20170902-070001_01_ch.wav,117,959.872,961.456,2
Hylobates_agilis,20170902-070001_01_ch.wav,118,961.664,962.512,2
Hylobates_agilis,20170902-070001_01_ch.wav,119,963.072,963.904,2
Hylobates_agilis,20170902-070001_01_ch.wav,120,965.616,966.736,2
Hylobates_agilis,20170902-070001_01_ch.wav,121,967.936,968.688,2
Hylobates_agilis,20170902-070001_01_ch.wav,122,973.632,974.56,2
Hylobates_agilis,20170902-070001_01_ch.wav,123,975.296,975.552,2
Hylobates_agilis,20170902-070001_01_ch.wav,124,977.408,977.808,1
Hylobates_agilis,20170902-070001_01_ch.wav,125,979.008,979.856,2
Hylobates_agilis,20170902-070001_01_ch.wav,126,1011.456,1013.36,2
Hylobates_agilis,20170902-070001_01_ch.wav,127,1014.64,1015.024,1
Hylobates_agilis,20170902-070001_01_ch.wav,128,1016.064,1016.8,1
Hylobates_agilis,20170902-070001_01_ch.wav,129,1032.992,1033.552,1
Hylobates_agilis,20170902-070001_01_ch.wav,130,1093.92,1096.336,0
Hylobates_agilis,20170902-070001_01_ch.wav,131,1097.472,1097.936,2
Hylobates_agilis,20170902-070001_01_ch.wav,132,1101.008,1104.112,0
Hylobates_agilis,20170902-070001_01_ch.wav,133,1109.664,1110.432,2
Hylobates_agilis,20170902-070001_01_ch.wav,134,1119.136,1120.144,2
Hylobates_agilis,20170902-070001_01_ch.wav,135,1134.8,1134.912,2
Hylobates_agilis,20170902-070001_01_ch.wav,136,1190.336,1190.88,2
Hylobates_agilis,20170902-070001_01_ch.wav,137,1191.088,1191.712,2
Hylobates_agilis,20170902-070001_01_ch.wav,138,1192.288,1194.16,2
Hylobates_agilis,20170902-070001_01_ch.wav,139,1208.56,1209.696,2
Hylobates_agilis,20170902-070001_01_ch.wav,140,1213.52,1215.264,2
Hylobates_agilis,20170902-070001_01_ch.wav,141,1218.176,1218.896,2
Hylobates_agilis,20170902-070001_01_ch.wav,142,1229.248,1231.008,2
Hylobates_agilis,20170902-070001_01_ch.wav,143,1234.016,1235.136,2
Hylobates_agilis,20170902-070001_01_ch.wav,144,1235.904,1236.016,2
Hylobates_agilis,20170902-070001_01_ch.wav,145,1236.8,1237.536,2
Hylobates_agilis,20170902-070001_01_ch.wav,146,1243.52,1245.744,0
Hylobates_agilis,20170902-070001_01_ch.wav,147,1257.088,1257.664,2
Hylobates_agilis,20170902-070001_01_ch.wav,148,1285.568,1285.872,2
Hylobates_agilis,20170902-070001_01_ch.wav,149,1286.448,1287.952,2
Hylobates_agilis,20170902-070001_01_ch.wav,150,1292.08,1292.56,2
Hylobates_agilis,20170902-070001_01_ch.wav,151,1295.088,1295.872,2
Hylobates_agilis,20170902-070001_01_ch.wav,152,1319.424,1319.856,1
Hylobates_agilis,20170902-070001_01_ch.wav,153,1335.264,1338.704,0
Hylobates_agilis,20170902-070001_01_ch.wav,154,1339.312,1342.096,0
Hylobates_agilis,20170902-070001_01_ch.wav,155,1342.784,1343.92,2
Hylobates_agilis,20170902-070001_01_ch.wav,156,1345.616,1347.776,0
Hylobates_agilis,20170902-070001_01_ch.wav,157,1352.032,1353.488,2
Hylobates_agilis,20170902-070001_01_ch.wav,158,1369.152,1369.424,2
Hylobates_agilis,20170902-070001_01_ch.wav,159,1373.696,1375.536,2
Hylobates_agilis,20170902-070001_01_ch.wav,160,1377.008,1378.24,2
Hylobates_agilis,20170902-070001_01_ch.wav,161,1401.184,1401.68,2
Hylobates_agilis,20170902-070001_01_ch.wav,162,1402.4,1402.944,2
Hylobates_agilis,20170902-070001_01_ch.wav,163,1403.44,1404.752,2
Hylobates_agilis,20170902-070001_01_ch.wav,164,1471.968,1472.288,2
Hylobates_agilis,20170902-070001_01_ch.wav,165,1478.8,1479.152,2
Hylobates_agilis,20170902-070001_01_ch.wav,166,1480.24,1480.576,2
Hylobates_agilis,20170902-070001_01_ch.wav,167,1481.824,1488.176,0
Hylobates_agilis,20170902-070001_01_ch.wav,168,1490.928,1491.28,2
Hylobates_agilis,20170902-070001_01_ch.wav,169,1494.752,1494.992,2
Hylobates_agilis,20170902-070001_01_ch.wav,170,1512.928,1513.168,1
Hylobates_agilis,20170902-070001_01_ch.wav,171,1517.664,1517.792,1
Hylobates_agilis,20170902-070001_01_ch.wav,172,1519.776,1520.224,2
Hylobates_agilis,20170902-070001_01_ch.wav,173,1520.992,1521.936,2
Hylobates_agilis,20170902-070001_01_ch.wav,174,1522.752,1523.168,1
Hylobates_agilis,20170902-070001_01_ch.wav,175,1526.256,1526.448,1
Hylobates_agilis,20170902-070001_01_ch.wav,176,1532.912,1533.248,2
Hylobates_agilis,20170902-070001_01_ch.wav,177,1589.6,1590.256,2
Hylobates_agilis,20170902-070001_01_ch.wav,178,1590.752,1591.152,1
Hylobates_agilis,20170902-070001_01_ch.wav,179,1591.408,1592.144,2
Hylobates_agilis,20170902-070001_01_ch.wav,180,1592.624,1593.008,2
Hylobates_agilis,20170902-070001_01_ch.wav,181,1594.224,1595.12,2
Hylobates_agilis,20170902-070001_01_ch.wav,182,1596.288,1596.784,2
Hylobates_agilis,20170902-070001_01_ch.wav,183,1597.04,1597.232,2
Hylobates_agilis,20170902-070001_01_ch.wav,184,1597.44,1597.552,2
Hylobates_agilis,20170902-070001_01_ch.wav,185,1602.304,1603.792,2
Hylobates_agilis,20170902-070001_01_ch.wav,186,1604.016,1604.928,2
Hylobates_agilis,20170902-070001_01_ch.wav,187,1605.68,1605.968,2
Hylobates_agilis,20170902-070001_01_ch.wav,188,1608.544,1608.768,2
Hylobates_agilis,20170902-070001_01_ch.wav,189,1616.608,1616.736,2
Hylobates_agilis,20170902-070001_01_ch.wav,190,1619.12,1621.904,0
Hylobates_agilis,20170902-070001_01_ch.wav,191,1623.184,1625.296,0
Hylobates_agilis,20170902-070001_01_ch.wav,192,1625.504,1625.92,2
Hylobates_agilis,20170902-070001_01_ch.wav,193,1627.552,1627.728,2
Hylobates_agilis,20170902-070001_01_ch.wav,194,1745.008,1745.28,2
Hylobates_agilis,20170902-070001_01_ch.wav,195,1747.328,1747.648,2
Hylobates_agilis,20170902-070001_01_ch.wav,196,1755.6,1755.888,2
Hylobates_agilis,20170902-070001_01_ch.wav,197,1759.984,1760.88,2
Hylobates_agilis,20170902-070001_01_ch.wav,198,1765.264,1765.568,1
Hylobates_agilis,20170902-070001_01_ch.wav,199,1767.392,1767.712,2
Hylobates_agilis,20170902-070001_01_ch.wav,200,1767.952,1768.368,1
Hylobates_agilis,20170902-070001_01_ch.wav,201,1771.072,1772.32,2
Hylobates_agilis,20170902-070001_01_ch.wav,202,1773.088,1773.488,1
Hylobates_agilis,20170902-070001_01_ch.wav,203,1778.976,1780.512,2
Hylobates_agilis,20170902-070001_01_ch.wav,204,1780.816,1781.328,2
Hylobates_agilis,20170902-070001_01_ch.wav,205,1781.68,1782.128,2
Hylobates_agilis,20170902-070001_01_ch.wav,206,1789.776,1790.432,1
Hylobates_agilis,20170902-070001_01_ch.wav,207,1790.64,1791.312,2
Hylobates_agilis,20170902-070001_01_ch.wav,208,1791.52,1792.0,2
Hylobates_agilis,20170902-070001_01_ch.wav,209,1792.528,1792.912,1
Hylobates_agilis,20170902-070001_01_ch.wav,210,1793.52,1793.936,1
Hylobates_agilis,20170902-070001_01_ch.wav,211,1794.16,1794.336,1
Hylobates_agilis,20170902-070001_01_ch.wav,212,1794.992,1795.536,1
Hylobates_agilis,20170902-070001_01_ch.wav,213,1796.48,1796.88,1
Hylobates_agilis,20170902-070001_01_ch.wav,214,1798.064,1798.416,1
Lonchura_striata,XC714346_-_White-rumped_Munia_-_Lonchura_striata_swinhoei.wav,0,0.9229931972789116,1.4628571428571429,0
Lonchura_striata,XC714346_-_White-rumped_Munia_-_Lonchura_striata_swinhoei.wav,1,1.677641723356009,1.938866213151928,0
Lonchura_striata,XC714346_-_White-rumped_Munia_-_Lonchura_striata_swinhoei.wav,2,3.407528344671202,3.488798185941043,2
Lonchura_striata,XC714346_-_White-rumped_Munia_-_Lonchura_striata_swinhoei.wav,3,3.570068027210884,3.657142857142857,2
Lonchura_striata,XC714346_-_White-rumped_Munia_-_Lonchura_striata_swinhoei.wav,4,3.773242630385488,4.27827664399093,0
Lonchura_striata,XC714346_-_White-rumped_Munia_-_Lonchura_striata_swinhoei.wav,5,4.464036281179139,4.609160997732427,2
Lonchura_striata,XC714346_-_White-rumped_Munia_-_Lonchura_striata_swinhoei.wav,6,4.806530612244898,5.358004535147392,1
Lonchura_striata,XC714346_-_White-rumped_Munia_-_Lonchura_striata_swinhoei.wav,7,6.321632653061225,6.548027210884354,0
Lonchura_striata,XC714346_-_White-rumped_Munia_-_Lonchura_striata_swinhoei.wav,8,6.791836734693877,7.157551020408163,0
Lonchura_striata,XC714346_-_White-rumped_Munia_-_Lonchura_striata_swinhoei.wav,9,7.772879818594104,8.016689342403629,2
Lonchura_striata,XC714346_-_White-rumped_Munia_-_Lonchura_striata_swinhoei.wav,10,9.903310657596371,10.141315192743765,1
Lonchura_striata,XC714346_-_White-rumped_Munia_-_Lonchura_striata_swinhoei.wav,11,10.263219954648529,10.50702947845805,2
Lonchura_striata,XC714346_-_White-rumped_Munia_-_Lonchura_striata_swinhoei.wav,12,10.58249433106576,10.750839002267574,2
Lonchura_striata,XC714346_-_White-rumped_Munia_-_Lonchura_striata_swinhoei.wav,13,10.866938775510205,11.186213151927438,2
Lonchura_striata,XC714346_-_White-rumped_Munia_-_Lonchura_striata_swinhoei.wav,14,11.99310657596372,12.18467120181406,0
Lonchura_striata,XC714346_-_White-rumped_Munia_-_Lonchura_striata_swinhoei.wav,15,12.277551020408165,12.411065759637188,2
Lonchura_striata,XC714346_-_White-rumped_Munia_-_Lonchura_striata_swinhoei.wav,16,12.474920634920634,12.6897052154195,0
Lonchura_striata,XC714346_-_White-rumped_Munia_-_Lonchura_striata_swinhoei.wav,17,12.846439909297052,13.136689342403628,0
Lonchura_striata,XC714346_-_White-rumped_Munia_-_Lonchura_striata_swinhoei.wav,18,13.63591836734694,14.03065759637188,0
Lonchura_striata,XC714346_-_White-rumped_Munia_-_Lonchura_striata_swinhoei.wav,19,14.088707482993197,14.123537414965986,2
Lonchura_striata,XC714346_-_White-rumped_Munia_-_Lonchura_striata_swinhoei.wav,20,14.1815873015873,14.686621315192744,0
Lonchura_striata,XC714346_-_White-rumped_Munia_-_Lonchura_striata_swinhoei.wav,21,14.90721088435374,15.481904761904762,1
Lonchura_striata,XC714346_-_White-rumped_Munia_-_Lonchura_striata_swinhoei.wav,22,15.737324263038548,16.027573696145126,0
Lonchura_striata,XC714346_-_White-rumped_Munia_-_Lonchura_striata_swinhoei.wav,23,16.39328798185941,16.46875283446712,0
Lonchura_striata,XC870961_-_White-rumped_Munia_-_Lonchura_striata_subsquamicollis.wav,0,0.313469387755102,0.5108390022675737,1
Lonchura_striata,XC870961_-_White-rumped_Munia_-_Lonchura_striata_subsquamicollis.wav,1,0.6733786848072563,0.9287981859410432,1
Lonchura_striata,XC870961_-_White-rumped_Munia_-_Lonchura_striata_subsquamicollis.wav,2,1.0274829931972789,1.683446712018141,1
Lonchura_striata,XC870961_-_White-rumped_Munia_-_Lonchura_striata_subsquamicollis.wav,3,1.8517913832199544,2.1420408163265305,0
Lonchura_striata,XC870961_-_White-rumped_Munia_-_Lonchura_striata_subsquamicollis.wav,4,2.3626303854875284,2.426485260770975,2
Lonchura_striata,XC870961_-_White-rumped_Munia_-_Lonchura_striata_subsquamicollis.wav,5,2.594829931972789,2.7980045351473923,1
Lonchura_striata,XC870961_-_White-rumped_Munia_-_Lonchura_striata_subsquamicollis.wav,6,3.030204081632653,3.332063492063492,1
Lonchura_striata,XC870961_-_White-rumped_Munia_-_Lonchura_striata_subsquamicollis.wav,7,3.384308390022676,3.4191383219954647,2
Lonchura_striata,XC870961_-_White-rumped_Munia_-_Lonchura_striata_subsquamicollis.wav,8,3.825487528344671,4.028662131519274,2
Lonchura_striata,XC870961_-_White-rumped_Munia_-_Lonchura_striata_subsquamicollis.wav,9,4.220226757369614,4.458231292517007,2
Lonchura_striata,XC870961_-_White-rumped_Munia_-_Lonchura_striata_subsquamicollis.wav,10,4.754285714285714,4.963265306122449,0
Lonchura_striata,XC870961_-_White-rumped_Munia_-_Lonchura_striata_subsquamicollis.wav,11,5.288344671201814,5.584399092970521,2
Lonchura_striata,XC870961_-_White-rumped_Munia_-_Lonchura_striata_subsquamicollis.wav,12,5.7759637188208615,6.031383219954648,2
Lonchura_striata,XC870961_-_White-rumped_Munia_-_Lonchura_striata_subsquamicollis.wav,13,6.257777777777778,6.519002267573696,0
Lonchura_striata,XC870961_-_White-rumped_Munia_-_Lonchura_striata_subsquamicollis.wav,14,6.606077097505669,6.722176870748299,0
Lonchura_striata,XC870961_-_White-rumped_Munia_-_Lonchura_striata_subsquamicollis.wav,15,7.1401360544217685,7.186575963718821,2
Lonchura_striata,XC870961_-_White-rumped_Munia_-_Lonchura_striata_subsquamicollis.wav,16,7.482630385487528,7.685804988662132,2
Lonchura_striata,XC870961_-_White-rumped_Munia_-_Lonchura_striata_subsquamicollis.wav,17,7.894784580498866,8.156009070294784,0
Lonchura_striata,XC870961_-_White-rumped_Munia_-_Lonchura_striata_subsquamicollis.wav,18,8.295328798185942,8.661043083900227,1
Lonchura_striata,XC870961_-_White-rumped_Munia_-_Lonchura_striata_subsquamicollis.wav,19,8.881632653061224,9.09061224489796,0
Lonchura_striata,XC870961_-_White-rumped_Munia_-_Lonchura_striata_subsquamicollis.wav,20,9.253151927437642,9.508571428571427,0
Lonchura_striata,XC870961_-_White-rumped_Munia_-_Lonchura_striata_subsquamicollis.wav,21,9.584036281179138,9.671111111111111,2
Lonchura_striata,XC870961_-_White-rumped_Munia_-_Lonchura_striata_subsquamicollis.wav,22,9.943945578231292,10.100680272108844,0
Lonchura_striata,XC870961_-_White-rumped_Munia_-_Lonchura_striata_subsquamicollis.wav,23,10.414149659863943,10.599909297052154,2
Lonchura_striata,XC870961_-_White-rumped_Munia_-_Lonchura_striata_subsquamicollis.wav,24,11.012063492063492,11.209433106575965,0
Lonchura_striata,XC870961_-_White-rumped_Munia_-_Lonchura_striata_subsquamicollis.wav,25,11.656417233560092,11.906031746031744,0
Lonchura_striata,XC870961_-_White-rumped_Munia_-_Lonchura_striata_subsquamicollis.wav,26,12.242721088435374,12.45170068027211,0
Lonchura_striata,XC870961_-_White-rumped_Munia_-_Lonchura_striata_subsquamicollis.wav,27,12.974149659863944,13.21215419501134,2
Lonchura_striata,XC870961_-_White-rumped_Munia_-_Lonchura_striata_subsquamicollis.wav,28,13.41532879818594,13.612698412698412,2
Lonchura_striata,XC870961_-_White-rumped_Munia_-_Lonchura_striata_subsquamicollis.wav,29,13.769433106575963,13.966802721088436,2
Lonchura_striata,XC870961_-_White-rumped_Munia_-_Lonchura_striata_subsquamicollis.wav,30,14.257052154195012,14.40798185941043,2
Lonchura_striata,XC870961_-_White-rumped_Munia_-_Lonchura_striata_subsquamicollis.wav,31,14.918820861678004,15.110385487528344,2
Lonchura_striata,XC870961_-_White-rumped_Munia_-_Lonchura_striata_subsquamicollis.wav,32,15.580589569160995,15.7837641723356,2
Lonchura_striata,XC870961_-_White-rumped_Munia_-_Lonchura_striata_subsquamicollis.wav,33,16.12045351473923,16.31201814058957,2
Lonchura_striata,XC870961_-_White-rumped_Munia_-_Lonchura_striata_subsquamicollis.wav,34,16.5384126984127,16.590657596371884,2
Lonchura_striata,XC870961_-_White-rumped_Munia_-_Lonchura_striata_subsquamicollis.wav,35,17.020226757369613,17.182766439909297,2
Lonchura_striata,XC870961_-_White-rumped_Munia_-_Lonchura_striata_subsquamicollis.wav,36,17.525260770975056,17.728435374149658,2
Lonchura_striata,XC870961_-_White-rumped_Munia_-_Lonchura_striata_subsquamicollis.wav,37,18.105759637188207,18.308934240362813,2
Lonchura_striata,XC870961_-_White-rumped_Munia_-_Lonchura_striata_subsquamicollis.wav,38,18.622403628117915,18.81396825396825,2
Lonchura_striata,XC870961_-_White-rumped_Munia_-_Lonchura_striata_subsquamicollis.wav,39,19.243537414965985,19.435102040816325,0
Lonchura_striata,XC870961_-_White-rumped_Munia_-_Lonchura_striata_subsquamicollis.wav,40,19.78340136054421,20.01560090702948,2
Lonchura_striata,XC870961_-_White-rumped_Munia_-_Lonchura_striata_subsquamicollis.wav,41,20.39873015873016,20.601904761904763,2
Lonchura_striata,XC870961_-_White-rumped_Munia_-_Lonchura_striata_subsquamicollis.wav,42,20.985034013605443,21.188208616780045,2
Lonchura_striata,XC870961_-_White-rumped_Munia_-_Lonchura_striata_subsquamicollis.wav,43,21.62358276643991,21.826757369614512,2
Lonchura_striata,XC870961_-_White-rumped_Munia_-_Lonchura_striata_subsquamicollis.wav,44,22.30857142857143,22.511746031746032,2
Lonchura_striata,XC870961_-_White-rumped_Munia_-_Lonchura_striata_subsquamicollis.wav,45,22.900680272108843,23.10385487528345,2
Lonchura_striata,XC870961_-_White-rumped_Munia_-_Lonchura_striata_subsquamicollis.wav,46,23.75401360544217,23.95138321995465,0
Lonchura_striata,XC870961_-_White-rumped_Munia_-_Lonchura_striata_subsquamicollis.wav,47,24.29968253968254,24.502857142857145,2
Lonchura_striata,XC870961_-_White-rumped_Munia_-_Lonchura_striata_subsquamicollis.wav,48,24.827936507936503,25.031111111111112,2
Lonchura_striata,XC870961_-_White-rumped_Munia_-_Lonchura_striata_subsquamicollis.wav,49,25.315555555555555,25.55936507936508,2
Lonchura_striata,XC870961_-_White-rumped_Munia_-_Lonchura_striata_subsquamicollis.wav,50,25.84380952380952,26.04698412698413,1
Lonchura_striata,XC870961_-_White-rumped_Munia_-_Lonchura_striata_subsquamicollis.wav,51,26.470748299319727,26.6681179138322,2
Lonchura_striata_domestica,1788610832775_020.wav,0,0.7836734693877551,0.8417233560090703,2
Lonchura_striata_domestica,1788610832775_020.wav,1,0.9287981859410432,0.9926530612244898,2
Lonchura_striata_domestica,1788610832775_020.wav,2,1.073922902494331,1.1551927437641722,2
Lonchura_striata_domestica,1788610832775_020.wav,3,1.2190476190476192,1.3003174603174603,2
Lonchura_striata_domestica,1788610832775_020.wav,4,1.364172335600907,1.4454421768707484,2
Lonchura_striata_domestica,1788610832775_020.wav,5,1.509297052154195,1.596371882086168,2
Lonchura_striata_domestica,1788610832775_020.wav,6,1.6602267573696146,1.7414965986394555,2
Lonchura_striata_domestica,1788610832775_020.wav,7,1.8575963718820865,1.915646258503401,2
Lonchura_striata_domestica,1788610832775_020.wav,8,1.9736961451247168,2.0549659863945577,2
Lonchura_striata_domestica,1788610832775_020.wav,9,2.1884807256235828,2.2639455782312927,2
Lonchura_striata_domestica,1788610832775_020.wav,10,2.316190476190476,2.403265306122449,1
Lonchura_striata_domestica,1788610832775_020.wav,11,2.4961451247165534,2.571609977324263,2
Lonchura_striata_domestica,1788610832775_020.wav,12,2.6064399092970523,2.6993197278911563,1
Lonchura_striata_domestica,1788610832775_020.wav,13,2.7341496598639456,2.809614512471655,1
Lonchura_striata_domestica,1788610832775_020.wav,14,2.8560544217687074,3.0650340136054424,1
Lonchura_striata_domestica,1788610832775_020.wav,15,3.1172789115646258,3.314648526077097,1
Lonchura_striata_domestica,1788610832775_020.wav,16,3.3494784580498864,3.4133333333333336,2
Lonchura_striata_domestica,1788610832775_020.wav,17,3.453968253968254,3.657142857142857,1
Lonchura_striata_domestica,1788610832775_020.wav,18,3.715192743764173,3.860317460317461,1
Lonchura_striata_domestica,1788610832775_020.wav,19,3.889342403628118,4.08671201814059,1
Lonchura_striata_domestica,1788610832775_020.wav,20,4.121541950113379,4.35374149659864,0
Lonchura_striata_domestica,1788610832775_020.wav,21,4.429206349206349,4.673015873015873,0
Lonchura_striata_domestica,1788610832775_020.wav,22,4.696235827664399,4.77750566893424,1
Lonchura_striata_domestica,1788610832775_020.wav,23,4.85297052154195,4.92843537414966,2
Lonchura_striata_domestica,1788610832775_020.wav,24,4.992290249433107,5.079365079365079,2
Lonchura_striata_domestica,1788610832775_020.wav,25,5.125804988662131,5.2128798185941045,1
Lonchura_striata_domestica,1788610832775_020.wav,26,5.253514739229025,5.328979591836735,1
Lonchura_striata_domestica,1788610832775_020.wav,27,5.375419501133787,5.584399092970521,1
Lonchura_striata_domestica,1788610832775_020.wav,28,5.636643990929705,5.834013605442177,1
Lonchura_striata_domestica,1788610832775_020.wav,29,5.863038548752835,6.101043083900227,0
Lonchura_striata_domestica,1788610832775_020.wav,30,6.15328798185941,6.397097505668934,0
Lonchura_striata_domestica,1788610832775_020.wav,31,6.42031746031746,6.501587301587302,1
Lonchura_striata_domestica,1788610832775_020.wav,32,6.565442176870748,6.646712018140589,2
Lonchura_striata_domestica,1788610832775_020.wav,33,6.710566893424036,6.797641723356009,2
Lonchura_striata_domestica,1788610832775_020.wav,34,6.849886621315193,6.936961451247165,1
Lonchura_striata_domestica,1788610832775_020.wav,35,6.977596371882086,7.058866213151927,1
Lonchura_striata_domestica,1788610832775_020.wav,36,7.099501133786848,7.308480725623583,1
Lonchura_striata_domestica,1788610832775_020.wav,37,7.349115646258503,7.552290249433106,1
Lonchura_striata_domestica,1788610832775_020.wav,38,7.581315192743764,7.656780045351474,2
Lonchura_striata_domestica,1788610832775_020.wav,39,7.685804988662132,7.772879818594104,1
Lonchura_striata_domestica,1788610832775_020.wav,40,7.796099773242631,7.894784580498866,1
Lonchura_striata_domestica,1788610832775_020.wav,41,7.9412244897959186,8.086349206349206,1
Lonchura_striata_domestica,1788610832775_020.wav,42,8.109569160997733,8.306938775510204,1
Lonchura_striata_domestica,1788610832775_020.wav,43,8.341768707482993,8.573968253968253,0
Lonchura_striata_domestica,1788610832775_020.wav,44,8.643628117913833,8.881632653061224,0
Lonchura_striata_domestica,1788610832775_020.wav,45,8.904852607709751,8.986122448979591,1
Lonchura_striata_domestica,1788610832775_020.wav,46,9.049977324263038,9.13124716553288,2
Lonchura_striata_domestica,1788610832775_020.wav,47,9.183492063492064,9.270566893424036,2
Lonchura_striata_domestica,1788610832775_020.wav,48,9.311201814058958,9.404081632653062,1
Lonchura_striata_domestica,1788610832775_020.wav,49,9.438911564625853,9.520181405895691,1
Lonchura_striata_domestica,1788610832775_020.wav,50,9.560816326530611,9.769795918367349,1
Lonchura_striata_domestica,1788610832775_020.wav,51,9.822040816326531,10.019410430839002,1
Lonchura_striata_domestica,1788610832775_020.wav,52,10.04843537414966,10.135510204081632,1
Lonchura_striata_domestica,1788610832775_020.wav,53,10.158730158730158,10.361904761904762,1
Lonchura_striata_domestica,1788610832775_020.wav,54,10.408344671201814,10.553469387755102,1
Lonchura_striata_domestica,1788610832775_020.wav,55,10.576689342403627,10.779863945578231,1
Lonchura_striata_domestica,1788610832775_020.wav,56,10.81469387755102,11.04689342403628,0
Lonchura_striata_domestica,1788610832775_020.wav,57,11.128163265306124,11.354557823129252,0
Lonchura_striata_domestica,1788610832775_020.wav,58,11.377777777777778,11.464852607709751,1
Lonchura_striata_domestica,1788610832775_020.wav,59,11.528707482993198,11.61578231292517,2
Lonchura_striata_domestica,1788610832775_020.wav,60,11.708662131519274,11.789931972789116,2
Lonchura_striata_domestica,1788610832775_020.wav,61,11.824761904761903,11.929251700680272,1
Lonchura_striata_domestica,1788610832775_020.wav,62,11.952471655328798,12.03374149659864,1
Lonchura_striata_domestica,1788610832775_020.wav,63,12.07437641723356,12.283356009070294,1
Lonchura_striata_domestica,1788610832775_020.wav,64,12.323990929705216,12.52716553287982,1
Lonchura_striata_domestica,1788610832775_020.wav,65,12.550385487528343,12.625850340136054,1
Lonchura_striata_domestica,1788610832775_020.wav,66,12.660680272108843,12.86965986394558,1
Lonchura_striata_domestica,1788610832775_020.wav,67,12.91609977324263,13.06122448979592,1
Lonchura_striata_domestica,1788610832775_020.wav,68,13.090249433106576,13.287619047619048,1
Lonchura_striata_domestica,1788610832775_020.wav,69,13.322448979591837,13.56625850340136,0
Lonchura_striata_domestica,1788610832775_020.wav,70,13.653333333333334,13.902947845804988,0
Lonchura_striata_domestica,1788610832775_020.wav,71,13.926167800453516,14.007437641723357,1
Lonchura_striata_domestica,1788610832775_020.wav,72,14.10031746031746,14.187392290249432,2
Lonchura_striata_domestica,1788610832775_020.wav,73,14.245442176870748,14.338321995464852,2
Lonchura_striata_domestica,1788610832775_020.wav,74,14.378956916099773,14.471836734693875,1
Lonchura_striata_domestica,1788610832775_020.wav,75,14.500861678004537,14.587936507936508,1
Lonchura_striata_domestica,1788610832775_020.wav,76,14.628571428571428,14.837551020408164,1
Lonchura_striata_domestica,1788610832775_020.wav,77,14.883990929705217,15.081360544217688,1
Lonchura_striata_domestica,1788610832775_020.wav,78,15.116190476190477,15.197460317460315,1
Lonchura_striata_domestica,1788610832775_020.wav,79,15.226485260770977,15.43546485260771,1
Lonchura_striata_domestica,1788610832775_020.wav,80,15.487709750566893,15.62702947845805,1
Lonchura_striata_domestica,1788610832775_020.wav,81,15.66185941043084,15.85922902494331,1
Lonchura_striata_domestica,1788610832775_020.wav,82,15.8940589569161,16.137868480725622,0
Lonchura_striata_domestica,1788610832775_020.wav,83,16.80544217687075,16.857687074829933,2
Lonchura_striata_domestica,1788610832775_020.wav,84,16.92734693877551,17.020226757369613,2
Lonchura_striata_domestica,1788610832775_020.wav,85,17.072471655328798,17.165351473922904,2
Lonchura_striata_domestica,1788610832775_020.wav,86,17.211791383219953,17.30467120181406,1
Lonchura_striata_domestica,1788610832775_020.wav,87,17.333696145124716,17.42077097505669,2
Lonchura_striata_domestica,1788610832775_020.wav,88,17.455600907029478,17.670385487528346,1
Lonchura_striata_domestica,1788610832775_020.wav,89,17.711020408163265,17.914195011337867,1
Lonchura_striata_domestica,1788610832775_020.wav,90,17.943219954648526,18.01868480725624,1
Lonchura_striata_domestica,1788610832775_020.wav,91,18.04770975056689,18.25668934240363,1
Lonchura_striata_domestica,1788610832775_020.wav,92,18.30312925170068,18.44825396825397,1
Lonchura_striata_domestica,1788610832775_020.wav,93,18.477278911564625,18.68045351473923,1
Lonchura_striata_domestica,1788610832775_020.wav,94,18.71528344671201,18.95328798185941,0
Lonchura_striata_domestica,1788610832775_020.wav,95,19.44671201814059,19.51056689342404,2
Lonchura_striata_domestica,1788610832775_020.wav,96,19.580226757369616,19.67310657596372,2
Lonchura_striata_domestica,1788610832775_020.wav,97,19.725351473922903,19.818231292517005,1
Lonchura_striata_domestica,1788610832775_020.wav,98,19.8530612244898,19.940136054421767,2
Lonchura_striata_domestica,1788610832775_020.wav,99,19.97496598639456,20.189750566893423,1
Lonchura_striata_domestica,1788610832775_020.wav,100,20.23619047619048,20.433560090702947,0
Lonchura_striata_domestica,1788610832775_020.wav,101,20.46839002267573,20.54965986394558,1
Lonchura_striata_domestica,1788610832775_020.wav,102,20.572879818594103,20.78185941043084,1
Lonchura_striata_domestica,1788610832775_020.wav,103,20.83410430839002,20.97922902494331,1
Lonchura_striata_domestica,1788610832775_020.wav,104,21.00244897959184,21.20562358276644,0
Lonchura_striata_domestica,1788610832775_020.wav,105,21.24045351473923,21.478458049886623,0
Lonchura_striata_domestica,1788610832776_006.wav,0,0.5282539682539683,0.5979138321995465,0
Lonchura_striata_domestica,1788610832776_006.wav,1,0.6733786848072563,0.7430385487528345,1
Lonchura_striata_domestica,1788610832776_006.wav,2,0.8185034013605442,0.8881632653061224,1
Lonchura_striata_domestica,1788610832776_006.wav,3,0.9636281179138322,1.0332879818594105,1
Lonchura_striata_domestica,1788610832776_006.wav,4,1.1029478458049886,1.18421768707483,1
Lonchura_striata_domestica,1788610832776_006.wav,5,1.248072562358277,1.3235374149659864,1
Lonchura_striata_domestica,1788610832776_006.wav,6,1.3815873015873017,1.4628571428571429,1
Lonchura_striata_domestica,1788610832776_006.wav,7,1.520907029478458,1.6021768707482993,1
Lonchura_striata_domestica,1788610832776_006.wav,8,1.683446712018141,1.7414965986394555,1
Lonchura_striata_domestica,1788610832776_006.wav,9,1.787936507936508,1.869206349206349,0
Lonchura_striata_domestica,1788610832776_006.wav,10,1.98530612244898,2.043356009070295,1
Lonchura_striata_domestica,1788610832776_006.wav,11,2.0839909297052155,2.1710657596371883,0
Lonchura_striata_domestica,1788610832776_006.wav,12,2.281360544217687,2.351020408163265,1
Lonchura_striata_domestica,1788610832776_006.wav,13,2.391655328798186,2.48453514739229,0
Lonchura_striata_domestica,1788610832776_006.wav,14,2.536780045351474,2.6064399092970523,0
Lonchura_striata_domestica,1788610832776_006.wav,15,2.664489795918368,2.8676643990929707,0
Lonchura_striata_domestica,1788610832776_006.wav,16,2.919909297052154,3.1172789115646258,0
Lonchura_striata_domestica,1788610832776_006.wav,17,3.152108843537415,3.395918367346938,2
Lonchura_striata_domestica,1788610832776_006.wav,18,3.4597732426303853,3.6919727891156464,2
Lonchura_striata_domestica,1788610832776_006.wav,19,3.720997732426304,3.7964625850340137,0
Lonchura_striata_domestica,1788610832776_006.wav,20,3.877732426303855,3.947392290249433,1
Lonchura_striata_domestica,1788610832776_006.wav,21,4.01124716553288,4.08671201814059,0
Lonchura_striata_domestica,1788610832776_006.wav,22,4.12734693877551,4.20281179138322,0
Lonchura_striata_domestica,1788610832776_006.wav,23,4.249251700680272,4.452426303854876,0
Lonchura_striata_domestica,1788610832776_006.wav,24,4.504671201814059,4.696235827664399,0
Lonchura_striata_domestica,1788610832776_006.wav,25,4.73687074829932,4.800725623582767,1
Lonchura_striata_domestica,1788610832776_006.wav,26,4.841360544217687,4.934240362811791,0
Lonchura_striata_domestica,1788610832776_006.wav,27,4.957460317460318,5.050340136054421,0
Lonchura_striata_domestica,1788610832776_006.wav,28,5.108390022675737,5.2477097505668935,0
Lonchura_striata_domestica,1788610832776_006.wav,29,5.288344671201814,5.485714285714286,2
Lonchura_striata_domestica,1788610832776_006.wav,30,5.520544217687075,5.758548752834467,2
Lonchura_striata_domestica,1788610832776_006.wav,31,5.839818594104308,6.0778231292517,2
Lonchura_striata_domestica,1788610832776_006.wav,32,6.106848072562358,6.188117913832199,0
Lonchura_striata_domestica,1788610832776_006.wav,33,6.257777777777778,6.333242630385487,1
Lonchura_striata_domestica,1788610832776_006.wav,34,6.379682539682539,6.466757369614513,0
Lonchura_striata_domestica,1788610832776_006.wav,35,6.513197278911565,6.588662131519274,0
Lonchura_striata_domestica,1788610832776_006.wav,36,6.629297052154195,6.8382766439909295,0
Lonchura_striata_domestica,1788610832776_006.wav,37,6.884716553287982,7.082086167800454,0
Lonchura_striata_domestica,1788610832776_006.wav,38,7.122721088435374,7.360725623582766,2
Lonchura_striata_domestica,1788610832776_006.wav,39,7.436190476190476,7.697414965986394,2
Lonchura_striata_domestica,1788610832776_006.wav,40,7.726439909297052,7.801904761904762,0
Lonchura_striata_domestica,1788610832776_006.wav,41,7.865759637188209,7.9412244897959186,1
Lonchura_striata_domestica,1788610832776_006.wav,42,7.993469387755102,8.080544217687075,1
Lonchura_striata_domestica,1788610832776_006.wav,43,8.121179138321995,8.2140589569161,0
Lonchura_striata_domestica,1788610832776_006.wav,44,8.248888888888889,8.33015873015873,0
Lonchura_striata_domestica,1788610832776_006.wav,45,8.36498866213152,8.457868480725624,0
Lonchura_striata_domestica,1788610832776_006.wav,46,8.481088435374149,8.579773242630386,0
Lonchura_striata_domestica,1788610832776_006.wav,47,8.632018140589569,8.82938775510204,0
Lonchura_striata_domestica,1788610832776_006.wav,48,8.864217687074829,8.93968253968254,0
Lonchura_striata_domestica,1788610832776_006.wav,49,8.968707482993198,9.177687074829931,0
Lonchura_striata_domestica,1788610832776_006.wav,50,9.229931972789116,9.369251700680271,0
Lonchura_striata_domestica,1788610832776_006.wav,51,9.398276643990927,9.47374149659864,1
Lonchura_striata_domestica,1788610832776_006.wav,52,9.502766439909298,9.7059410430839,2
Lonchura_striata_domestica,1788610832776_006.wav,53,9.740770975056687,9.885895691609978,0
Lonchura_striata_domestica,1788610832776_006.wav,54,9.914920634920636,10.112290249433109,0
Lonchura_striata_domestica,1788610832776_006.wav,55,10.147120181405896,10.385124716553287,2
Lonchura_striata_domestica,1788610832776_006.wav,56,10.460589569160998,10.716009070294785,2
Lonchura_striata_domestica,1788610832776_006.wav,57,10.739229024943311,10.820498866213152,0
Lonchura_striata_domestica,1788610832776_006.wav,58,10.884353741496598,10.96562358276644,1
Lonchura_striata_domestica,1788610832776_006.wav,59,11.012063492063492,11.104943310657596,0
Lonchura_striata_domestica,1788610832776_006.wav,60,11.139773242630383,11.221043083900229,0
Lonchura_striata_domestica,1788610832776_006.wav,61,11.255873015873016,11.470657596371884,0
Lonchura_striata_domestica,1788610832776_006.wav,62,11.517097505668934,11.99310657596372,2
Lonchura_striata_domestica,1788610832776_006.wav,63,12.062766439909296,12.294965986394558,2
Lonchura_striata_domestica,1788610832776_006.wav,64,12.318185941043083,12.399455782312923,0
Lonchura_striata_domestica,1788610832776_006.wav,65,12.474920634920634,12.556190476190476,1
Lonchura_striata_domestica,1788610832776_006.wav,66,12.596825396825396,12.6897052154195,0
Lonchura_striata_domestica,1788610832776_006.wav,67,12.72453514739229,12.805804988662132,0
Lonchura_striata_domestica,1788610832776_006.wav,68,12.84063492063492,13.055419501133787,0
Lonchura_striata_domestica,1788610832776_006.wav,69,13.1134693877551,13.322448979591837,0
Lonchura_striata_domestica,1788610832776_006.wav,70,13.351473922902494,13.426938775510203,0
Lonchura_striata_domestica,1788610832776_006.wav,71,13.45596371882086,13.664943310657597,0
Lonchura_striata_domestica,1788610832776_006.wav,72,13.711383219954648,13.856507936507937,0
Lonchura_striata_domestica,1788610832776_006.wav,73,13.891337868480726,14.088707482993197,0
Lonchura_striata_domestica,1788610832776_006.wav,74,14.12934240362812,14.378956916099773,2
Lonchura_striata_domestica,1788610832776_006.wav,75,14.460226757369616,14.692426303854877,2
Lonchura_striata_domestica,1788610832776_006.wav,76,14.721451247165533,14.796916099773243,0
Lonchura_striata_domestica,1788610832776_006.wav,77,14.872380952380952,14.947845804988662,1
Lonchura_striata_domestica,1788610832776_006.wav,78,15.01750566893424,15.09877551020408,1
Lonchura_striata_domestica,1788610832776_006.wav,79,15.139410430839002,15.232290249433106,0
Lonchura_striata_domestica,1788610832776_006.wav,80,15.267120181405897,15.348390022675735,0
Lonchura_striata_domestica,1788610832776_006.wav,81,15.389024943310655,15.598004535147393,0
Lonchura_striata_domestica,1788610832776_006.wav,82,15.650249433106575,15.85342403628118,0
Lonchura_striata_domestica,1788610832776_006.wav,83,15.888253968253968,16.13206349206349,2
Lonchura_striata_domestica,1788610832776_006.wav,84,16.300408163265306,16.364263038548753,1
Lonchura_striata_domestica,1788610832776_006.wav,85,16.410702947845806,16.50358276643991,1
Lonchura_striata_domestica,1788610832776_006.wav,86,16.55002267573696,16.637097505668933,0
Lonchura_striata_domestica,1788610832776_006.wav,87,16.677732426303855,16.759002267573695,0
Lonchura_striata_domestica,1788610832776_006.wav,88,16.80544217687075,17.020226757369613,0
Lonchura_striata_domestica,1788610832776_006.wav,89,17.08408163265306,17.159546485260773,0
Papio_papio,1788450639417__y-hermine-14-gecks-screams-moans-5.wav,0,0.7024036281179138,0.9287981859410432,2
Papio_papio,1788450639417__y-hermine-14-gecks-screams-moans-5.wav,1,2.17687074829932,2.2407256235827666,1
Papio_papio,1788450639417__y-hermine-14-gecks-screams-moans-5.wav,2,2.380045351473923,2.861859410430839,0
Papio_papio,1788450639417__y-hermine-14-gecks-screams-moans-5.wav,3,3.517823129251701,3.633922902494331,0
Papio_papio,1788450639417__y-hermine-14-gecks-screams-moans-5.wav,4,3.9706122448979593,4.20281179138322,0
Papio_papio,1788450639417__y-hermine-14-gecks-screams-moans-5.wav,5,4.3363265306122445,4.435011337868481,0
Papio_papio,1788450639417__y-hermine-14-gecks-screams-moans-5.wav,6,4.66140589569161,4.911020408163266,0
Papio_papio,1788450639417__y-hermine-14-gecks-screams-moans-5.wav,7,5.410249433106576,5.462494331065759,1
Papio_papio,1788450639417__y-hermine-14-gecks-screams-moans-5.wav,8,6.251972789115646,6.315827664399093,1
Papio_papio,1788450639417__y-hermine-14-gecks-screams-moans-5.wav,9,6.832471655328798,7.064671201814059,0
Papio_papio,1788450639417__y-hermine-14-gecks-screams-moans-5.wav,10,7.349115646258503,7.883174603174603,0
Papio_papio,1788450639417__y-hermine-14-gecks-screams-moans-5.wav,11,8.13859410430839,8.388208616780044,0
Papio_papio,1788450639417__y-hermine-14-gecks-screams-moans-5.wav,12,8.643628117913833,8.730702947845804,0
Papio_papio,1788450639417__y-hermine-14-gecks-screams-moans-5.wav,13,8.928072562358278,9.183492063492064,0
Papio_papio,1788450639417__y-hermine-14-gecks-screams-moans-5.wav,14,9.32281179138322,9.810430839002269,2
Papio_papio,1788450639417__y-hermine-14-gecks-screams-moans-5.wav,15,10.054240362811791,10.106485260770976,1
Papio_papio,1788450639417__y-hermine-14-gecks-screams-moans-5.wav,16,10.309659863945578,10.385124716553287,1
Papio_papio,1788450639417__y-hermine-14-gecks-screams-moans-5.wav,17,10.61732426303855,10.669569160997732,1
Papio_papio,1788450639417__y-hermine-14-gecks-screams-moans-5.wav,18,10.861133786848072,10.930793650793651,1
Papio_papio,1788450639417__y-hermine-14-gecks-screams-moans-5.wav,19,11.174603174603174,11.226848072562358,1
Papio_papio,1788450639417__y-hermine-14-gecks-screams-moans-5.wav,20,11.987301587301587,12.056961451247163,1
Papio_papio,1788450639417__y-hermine-14-gecks-screams-moans-5.wav,21,12.26013605442177,12.312380952380952,1
Papio_papio,1788450639417__y-hermine-14-gecks-screams-moans-5.wav,22,12.515555555555556,12.56780045351474,1
Papio_papio,1788450639417__y-hermine-14-gecks-screams-moans-5.wav,23,12.765170068027212,12.817414965986394,1
Papio_papio,1788450639417__y-hermine-14-gecks-screams-moans-5.wav,24,13.26439909297052,13.345668934240363,1
Papio_papio,1788450639417__y-hermine-14-gecks-screams-moans-5.wav,25,13.52562358276644,13.59528344671202,1
Papio_papio,1788450639417__y-hermine-14-gecks-screams-moans-5.wav,26,13.804263038548752,13.8681179138322,1
Papio_papio,1788450639417__y-hermine-14-gecks-screams-moans-5.wav,27,14.036462585034014,14.738866213151928,0
Papio_papio,1788450639417__y-hermine-14-gecks-screams-moans-5.wav,28,15.116190476190477,15.330975056689342,0
Papio_papio,1788450639417__y-hermine-14-gecks-screams-moans-5.wav,29,15.452879818594104,15.66766439909297,0
Papio_papio,1788450639417__y-hermine-14-gecks-screams-moans-5.wav,30,15.8940589569161,15.986938775510204,1
Papio_papio,1788450639417__y-hermine-14-gecks-screams-moans-5.wav,31,16.143673469387757,16.42231292517007,0
Papio_papio,1788450639417__y-hermine-14-gecks-screams-moans-5.wav,32,16.526802721088437,16.89832199546485,0
Papio_papio,1788450639417__y-hermine-14-gecks-screams-moans-5.wav,33,17.07827664399093,17.205986394557822,1
Papio_papio,1788450639417__y-hermine-14-gecks-screams-moans-5.wav,34,17.438185941043084,17.513650793650793,1
Papio_papio,1788450639417__y-hermine-14-gecks-screams-moans-5.wav,35,17.722630385487527,17.79809523809524,1
Papio_papio,1788450639417__y-hermine-14-gecks-screams-moans-5.wav,36,17.98965986394558,18.05931972789116,1
Papio_papio,1788450639417__y-hermine-14-gecks-screams-moans-5.wav,37,18.27990929705216,18.3437641723356,1
Papio_papio,1788450639417__y-hermine-14-gecks-screams-moans-5.wav,38,18.60498866213152,18.674648526077096,1
Papio_papio,1788450639417__y-hermine-14-gecks-screams-moans-5.wav,39,18.87201814058957,18.935873015873018,1
Papio_papio,1788450639417__y-hermine-14-gecks-screams-moans-5.wav,40,19.17968253968254,19.25514739229025,1
Papio_papio,1788450639417__y-hermine-14-gecks-screams-moans-5.wav,41,19.48734693877551,19.545396825396825,1
Papio_papio,1788450639417__y-hermine-14-gecks-screams-moans-5.wav,42,19.78920634920635,19.847256235827665,1
Papio_papio,1788450639417__y-hermine-14-gecks-screams-moans-5.wav,43,20.886349206349205,21.658412698412697,2
Papio_papio,1788450639417__y-hermine-14-gecks-screams-moans-5.wav,44,22.09959183673469,22.98775510204081,2
Papio_papio,1788450639417__y-hermine-14-gecks-screams-moans-5.wav,45,23.80625850340136,24.595736961451248,2
Papio_papio,1788450639417__y-hermine-14-gecks-screams-moans-5.wav,46,25.501315192743764,26.354648526077096,2
Papio_papio,1788450639417__y-hermine-14-gecks-screams-moans-5.wav,47,26.720362811791382,28.009070294784586,2
Papio_papio,1788450639417__y-hermine-14-gecks-screams-moans-5.wav,48,31.06829931972789,31.2540589569161,1
Papio_papio,1788450639417__y-hermine-14-gecks-screams-moans-5.wav,49,34.586122448979594,35.48009070294785,0
Papio_papio,1788450639417__y-hermine-14-gecks-screams-moans-5.wav,50,35.631020408163266,35.87482993197279,0
Papio_papio,1788450639417__y-hermine-14-gecks-screams-moans-5.wav,51,38.14458049886621,38.713469387755104,2
Papio_papio,1788450639417__y-hermine-14-gecks-screams-moans-5.wav,52,41.24444444444445,41.29668934240363,1
Papio_papio,1788450639417__y-hermine-14-gecks-screams-moans-5.wav,53,41.72625850340136,41.78430839002267,1
Papio_papio,1788450639417__y-hermine-14-gecks-screams-moans-5.wav,54,41.98748299319728,42.03972789115646,1
Papio_papio,1788450639417__y-hermine-14-gecks-screams-moans-5.wav,55,42.21968253968254,42.353197278911566,1
Papio_papio,1788450639417__y-hermine-14-gecks-screams-moans-5.wav,56,42.6550566893424,43.06721088435374,0
Papio_papio,1788450639417__y-hermine-14-gecks-screams-moans-5.wav,57,43.48517006802721,43.549024943310656,1
Papio_papio,1788450639417__y-hermine-14-gecks-screams-moans-5.wav,58,43.723174603174606,43.86249433106576,1
Papio_papio,1788450639417__y-hermine-14-gecks-screams-moans-5.wav,59,44.83773242630385,44.88997732426304,1
Papio_papio,1788450639417__y-hermine-14-gecks-screams-moans-5.wav,60,45.064126984126986,45.18022675736962,2
Papio_papio,1788450639417__y-hermine-14-gecks-screams-moans-5.wav,61,45.58657596371882,45.72009070294784,2
Papio_papio,1788450639417__y-hermine-14-gecks-screams-moans-5.wav,62,45.90004535147392,46.021950113378686,1
Papio_papio,1788450639417__y-hermine-14-gecks-screams-moans-5.wav,63,46.13804988662132,46.672108843537416,0
Papio_papio,1788450639417__y-hermine-14-gecks-screams-moans-5.wav,64,47.57188208616781,47.69378684807256,0
Papio_papio,1788450639417__y-hermine-14-gecks-screams-moans-5.wav,65,47.97823129251701,49.55718820861678,0
Papio_papio,1788450639417__y-hermine-14-gecks-screams-moans-5.wav,66,49.696507936507935,49.94031746031746,0
Papio_papio,1788450639417__y-hermine-14-gecks-screams-moans-5.wav,67,50.05641723356009,51.13034013605442,0
Papio_papio,1788450639417__y-hermine-14-gecks-screams-moans-5.wav,68,53.67873015873016,54.31727891156463,2
Papio_papio,1788450639417__y-hermine-14-gecks-screams-moans-5.wav,69,55.95428571428572,56.01814058956917,1
Papio_papio,1788450639417__y-hermine-14-gecks-screams-moans-5.wav,70,56.82503401360544,57.2952380952381,2
Papio_papio,1788450639417__y-hermine-14-gecks-screams-moans-5.wav,71,58.14857142857143,58.38657596371882,2
Papio_papio,1788450639417__y-hermine-14-gecks-screams-moans-5.wav,72,58.53170068027211,58.60716553287982,1
Papio_papio,1788450639417__y-hermine-14-gecks-screams-moans-5.wav,73,59.953922902494334,60.03519274376417,1
Papio_papio,1788450639418_y-arielle-8-scream_et_yaks-1.wav,0,0.1857596371882086,0.7604535147392291,1
Papio_papio,1788450639418_y-arielle-8-scream_et_yaks-1.wav,1,0.9694331065759636,1.1261678004535147,0
Papio_papio,1788450639418_y-arielle-8-scream_et_yaks-1.wav,2,1.3293424036281178,1.520907029478458,0
Papio_papio,1788450639418_y-arielle-8-scream_et_yaks-1.wav,3,2.3626303854875284,2.4206802721088434,2
Papio_papio,1788450639418_y-arielle-8-scream_et_yaks-1.wav,4,3.0418140589569163,3.1172789115646258,2
Papio_papio,1788450639418_y-arielle-8-scream_et_yaks-1.wav,5,5.294149659863946,6.6525170068027215,1
Papio_papio,1788450639418_y-arielle-8-scream_et_yaks-1.wav,6,6.780226757369615,6.861496598639456,2
Papio_papio,1788450639418_y-arielle-8-scream_et_yaks-1.wav,7,7.517460317460317,7.587120181405895,1
Papio_papio,1788450639418_y-arielle-8-scream_et_yaks-1.wav,8,7.749659863945578,7.836734693877551,1
Papio_papio,1788450639418_y-arielle-8-scream_et_yaks-1.wav,9,8.126984126984127,8.933877551020409,1
Papio_papio,1788450639418_y-arielle-8-scream_et_yaks-1.wav,10,9.189297052154195,9.346031746031748,0
Papio_papio,1788450639418_y-arielle-8-scream_et_yaks-1.wav,11,9.531791383219955,9.624671201814058,2
Papio_papio,1788450639418_y-arielle-8-scream_et_yaks-1.wav,12,10.948208616780043,11.099138321995463,0
Papio_papio,1788450639418_y-arielle-8-scream_et_yaks-1.wav,13,11.38358276643991,11.453242630385487,0
Papio_papio,1788450639418_y-arielle-8-scream_et_yaks-1.wav,14,12.91609977324263,12.974149659863944,2
Papio_papio,1788450639418_y-arielle-8-scream_et_yaks-1.wav,15,14.02485260770975,14.17578231292517,0
Papio_papio,1788450639418_y-arielle-8-scream_et_yaks-1.wav,16,14.41378684807256,14.52408163265306,0
Papio_papio,1788450639418_y-arielle-8-scream_et_yaks-1.wav,17,15.145215419501136,15.226485260770977,0
Papio_papio,1788450639418_y-arielle-8-scream_et_yaks-1.wav,18,15.447074829931973,16.08562358276644,1
Papio_papio,1788450639418_y-arielle-8-scream_et_yaks-1.wav,19,17.902585034013605,18.08253968253968,2
Phaethornis_longirostris,1788448182027_0_CCE_2011_7_21_8_30.WAV,0,0.0,0.7256235827664399,1
Phaethornis_longirostris,1788448182027_0_CCE_2011_7_21_8_30.WAV,1,0.8010884353741496,0.9462131519274376,2
Phaethornis_longirostris,1788448182027_0_CCE_2011_7_21_8_30.WAV,2,1.1029478458049886,1.2016326530612245,0
Phaethornis_longirostris,1788448182027_0_CCE_2011_7_21_8_30.WAV,3,1.4106122448979592,1.5267120181405895,2
Phaethornis_longirostris,1788448182027_0_CCE_2011_7_21_8_30.WAV,4,1.5789569160997732,1.944671201814059,2
Phaethornis_longirostris,1788448182027_0_CCE_2011_7_21_8_30.WAV,5,2.409070294784581,2.501950113378685,0
Phaethornis_longirostris,1788448182027_0_CCE_2011_7_21_8_30.WAV,6,2.5541950113378684,2.7631746031746034,2
Phaethornis_longirostris,1788448182027_0_CCE_2011_7_21_8_30.WAV,7,2.850249433106576,2.873469387755102,2
Phaethornis_longirostris,1788448182027_0_CCE_2011_7_21_8_30.WAV,8,2.9837641723356008,3.2624036281179136,2
Phaethornis_longirostris,1788448182027_0_CCE_2011_7_21_8_30.WAV,9,3.599092970521542,5.015510204081632,1
Phaethornis_longirostris,1788448182027_0_CCE_2011_7_21_8_30.WAV,10,5.410249433106576,5.526349206349207,0
Phaethornis_longirostris,1788448182027_0_CCE_2011_7_21_8_30.WAV,11,5.996553287981859,7.047256235827664,1
Phaethornis_longirostris,1788448182027_0_CCE_2011_7_21_8_30.WAV,12,7.116916099773243,7.169160997732426,2
Phaethornis_longirostris,1788448182027_0_CCE_2011_7_21_8_30.WAV,13,7.349115646258503,7.476825396825397,0
Phaethornis_longirostris,1788448182027_0_CCE_2011_7_21_8_30.WAV,14,7.958639455782313,9.073197278911564,1
Phaethornis_longirostris,1788448182027_0_CCE_2011_7_21_8_30.WAV,15,9.346031746031748,9.491156462585034,0
Phaethornis_longirostris,1788448182027_0_CCE_2011_7_21_8_30.WAV,16,9.560816326530611,9.595646258503402,2
Phaethornis_longirostris,1788448182027_0_CCE_2011_7_21_8_30.WAV,17,10.00780045351474,10.12390022675737,0
Phaethornis_longirostris,1788448182027_0_CCE_2011_7_21_8_30.WAV,18,10.327074829931972,10.379319727891156,2
Phaethornis_longirostris,1788448182027_0_CCE_2011_7_21_8_30.WAV,19,10.652154195011338,10.7740589569161,0
Phaethornis_longirostris,1788448182027_0_CCE_2011_7_21_8_30.WAV,20,10.866938775510205,11.11655328798186,2
Phaethornis_longirostris,1788448182027_0_CCE_2011_7_21_8_30.WAV,21,11.23845804988662,11.633197278911563,2
Phaethornis_longirostris,1788448182027_0_CCE_2011_7_21_8_30.WAV,22,11.906031746031744,12.213696145124716,2
Phaethornis_longirostris,1788448182027_0_CCE_2011_7_21_8_30.WAV,23,12.503945578231292,12.75936507936508,2
Phaethornis_longirostris,1788448182027_0_CCE_2011_7_21_8_30.WAV,24,13.078639455782312,13.328253968253968,2
Phaethornis_longirostris,1788448182027_0_CCE_2011_7_21_8_30.WAV,25,13.589478458049886,13.734603174603174,2
Phaethornis_longirostris,1788448182027_0_CCE_2011_7_21_8_30.WAV,26,14.10031746031746,14.228027210884354,2
Phaethornis_longirostris,1788448182027_0_CCE_2011_7_21_8_30.WAV,27,14.32671201814059,14.431201814058957,0
Phaethornis_longirostris,1788448182027_0_CCE_2011_7_21_8_30.WAV,28,14.628571428571428,15.313560090702948,2
Phaethornis_longirostris,1788448182027_0_CCE_2011_7_21_8_30.WAV,29,15.55156462585034,16.306213151927437,2
Phaethornis_longirostris,1788448182027_0_CCE_2011_7_21_8_30.WAV,30,16.77641723356009,17.46721088435374,2
Phaethornis_longirostris,1788448182027_0_CCE_2011_7_21_8_30.WAV,31,17.914195011337867,20.0562358276644,1
Phaethornis_longirostris,1788448182027_0_CCE_2011_7_21_8_30.WAV,32,20.241995464852607,21.7687074829932,1
Phaethornis_longirostris,1788448182027_0_CCE_2011_7_21_8_30.WAV,33,22.07056689342404,22.175056689342405,0
Phaethornis_longirostris,1788448182027_0_CCE_2011_7_21_8_30.WAV,34,22.540770975056688,23.73079365079365,1
Phaethornis_longirostris,1788448182027_0_CCE_2011_7_21_8_30.WAV,35,23.817868480725625,23.980408163265302,0
Phaethornis_longirostris,1788448182027_0_CCE_2011_7_21_8_30.WAV,36,24.13714285714286,24.259047619047617,2
Phaethornis_longirostris,1788448182027_0_CCE_2011_7_21_8_30.WAV,37,24.40997732426304,24.502857142857145,0
Phaethornis_longirostris,1788448182027_0_CCE_2011_7_21_8_30.WAV,38,24.665396825396822,25.570975056689345,1
Phaethornis_longirostris,1788448182027_0_CCE_2011_7_21_8_30.WAV,39,25.67546485260771,25.87863945578232,0
Phaethornis_longirostris,1788448182027_0_CCE_2011_7_21_8_30.WAV,40,26.261768707483,26.395283446712018,0
Phaethornis_longirostris,1788448182027_0_CCE_2011_7_21_8_30.WAV,41,26.499773242630383,27.335691609977324,1
Phaethornis_longirostris,1788448182027_0_CCE_2011_7_21_8_30.WAV,42,27.43437641723356,27.57950113378685,0
Phaethornis_longirostris,1788448182027_0_CCE_2011_7_21_8_30.WAV,43,27.74204081632653,27.765260770975058,2
Phaethornis_longirostris,1788448182027_0_CCE_2011_7_21_8_30.WAV,44,27.87555555555556,27.91619047619048,2
Phaethornis_longirostris,1788448182027_0_CCE_2011_7_21_8_30.WAV,45,28.04390022675737,28.142585034013607,0
Phaethornis_longirostris,1788448182027_0_CCE_2011_7_21_8_30.WAV,46,28.66503401360544,29.46031746031746,1
Phaethornis_longirostris,1788448182027_0_CCE_2011_7_21_8_30.WAV,47,29.91310657596372,30.00018140589569,0
Phaethornis_longirostris,1788448182027_0_CCE_2011_7_21_8_30.WAV,48,30.38331065759637,31.66621315192744,1
Phaethornis_longirostris,1788448182027_0_CCE_2011_7_21_8_30.WAV,49,32.51374149659864,33.51800453514739,1
Phaethornis_longirostris,1788448182027_0_CCE_2011_7_21_8_30.WAV,50,33.58185941043084,33.9243537414966,2
Phaethornis_longirostris,1788448182027_0_CCE_2011_7_21_8_30.WAV,51,34.249433106575964,34.32489795918367,2
Phaethornis_longirostris,1788448182027_0_CCE_2011_7_21_8_30.WAV,52,34.40036281179138,34.48743764172335,0
Phaethornis_longirostris,1788448182027_0_CCE_2011_7_21_8_30.WAV,53,34.88798185941043,34.9750566893424,2
Phaethornis_longirostris,1788448182027_0_CCE_2011_7_21_8_30.WAV,54,35.02730158730159,35.16662131519274,0
Phaethornis_longirostris,1788448182027_0_CCE_2011_7_21_8_30.WAV,55,35.42204081632653,35.5265306122449,2
Phaethornis_longirostris,1788448182027_0_CCE_2011_7_21_8_30.WAV,56,35.619410430839004,35.7297052154195,0
Phaethornis_longirostris,1788448182027_0_CCE_2011_7_21_8_30.WAV,57,35.9328798185941,36.02575963718821,2
Phaethornis_longirostris,1788448182027_0_CCE_2011_7_21_8_30.WAV,58,36.18829931972789,36.28698412698413,0
Phaethornis_longirostris,1788448182027_0_CCE_2011_7_21_8_30.WAV,59,36.44952380952381,36.52498866213152,2
Phaethornis_longirostris,1788448182027_0_CCE_2011_7_21_8_30.WAV,60,36.75718820861678,36.855873015873016,0
Phaethornis_longirostris,1788448182027_0_CCE_2011_7_21_8_30.WAV,61,37.50022675736962,37.63954648526077,0
Phaethornis_longirostris,1788448182027_0_CCE_2011_7_21_8_30.WAV,62,38.12136054421769,38.26648526077098,0
Phaethornis_longirostris,1788448182027_0_CCE_2011_7_21_8_30.WAV,63,38.951473922902494,39.01532879818594,2
Phaethornis_longirostris,1788448182027_0_CCE_2011_7_21_8_30.WAV,64,39.11981859410431,39.17786848072562,2
Phaethornis_longirostris,1788448182027_0_CCE_2011_7_21_8_30.WAV,65,39.38684807256236,39.67709750566893,2
Phaethornis_longirostris,1788448182027_0_CCE_2011_7_21_8_30.WAV,66,39.95573696145125,40.04281179138322,0
Phaethornis_longirostris,1788448182027_0_CCE_2011_7_21_8_30.WAV,67,40.2227664399093,42.07455782312925,1
Phaethornis_longirostris,1788448182027_0_CCE_2011_7_21_8_30.WAV,68,42.35900226757369,42.57959183673469,0
Phaethornis_longirostris,1788448182027_0_CCE_2011_7_21_8_30.WAV,69,42.85823129251701,43.75800453514739,1
Phaethornis_longirostris,1788448182027_0_CCE_2011_7_21_8_30.WAV,70,44.23401360544218,44.28045351473923,2
Phaethornis_longirostris,1788448182027_0_CCE_2011_7_21_8_30.WAV,71,44.76807256235828,46.00453514739229,1
Phaethornis_longirostris,1788448182027_0_CCE_2011_7_21_8_30.WAV,72,46.21351473922903,46.35283446712018,0
Phaethornis_longirostris,1788448182027_0_CCE_2011_7_21_8_30.WAV,73,46.9449433106576,47.0378231292517,0
Phaethornis_longirostris,1788448182027_0_CCE_2011_7_21_8_30.WAV,74,47.57768707482993,47.69378684807256,0
Phaethornis_longirostris,1788448182027_0_CCE_2011_7_21_8_30.WAV,75,48.00725623582766,48.03047619047619,2
Phaethornis_longirostris,1788448182027_0_CCE_2011_7_21_8_30.WAV,76,48.13496598639456,48.2162358276644,0
Phaethornis_longirostris,1788448182027_0_CCE_2011_7_21_8_30.WAV,77,48.48326530612245,48.57034013605442,2
Phaethornis_longirostris,1788448182027_0_CCE_2011_7_21_8_30.WAV,78,48.72707482993197,48.75609977324263,0
Phaethornis_longirostris,1788448182027_0_CCE_2011_7_21_8_30.WAV,79,48.90702947845805,48.98249433106576,2
Phaethornis_longirostris,1788448182027_0_CCE_2011_7_21_8_30.WAV,80,49.237913832199546,49.31918367346939,0
Phaethornis_longirostris,1788448182027_0_CCE_2011_7_21_8_30.WAV,81,49.38884353741496,49.52235827664399,2
Phaethornis_longirostris,1788448182027_0_CCE_2011_7_21_8_30.WAV,82,49.77777777777778,51.26385487528345,1
Phaethornis_longirostris,1788448182027_0_CCE_2011_7_21_8_30.WAV,83,51.5134693877551,51.68181405895692,0
Phaethornis_longirostris,1788448182027_0_CCE_2011_7_21_8_30.WAV,84,52.01850340136055,53.26657596371882,1
Phaethornis_longirostris,1788448182027_0_CCE_2011_7_21_8_30.WAV,85,53.4465306122449,53.59746031746032,0
Phaethornis_longirostris,1788448182027_0_CCE_2011_7_21_8_30.WAV,86,54.02122448979592,55.605986394557824,1
Phaethornis_longirostris,1788448182027_0_CCE_2011_7_21_8_30.WAV,87,55.722086167800455,55.95428571428572,2
Phaethornis_longirostris,1788448182027_0_CCE_2011_7_21_8_30.WAV,88,56.28517006802721,57.59709750566893,1
Phaethornis_longirostris,1788448182027_0_CCE_2011_7_21_8_30.WAV,89,57.655147392290246,57.8292970521542,0
Phaethornis_longirostris,1788448182027_0_CCE_2011_7_21_8_30.WAV,90,57.88154195011338,57.91056689342403,2
Phaethornis_longirostris,1788448182027_0_CCE_2011_7_21_8_30.WAV,91,58.38077097505669,59.90167800453515,1
Phaethornis_longirostris,1788448182027_0_CCE_2011_7_21_8_30.WAV,92,60.33124716553288,60.4821768707483,0
Phaethornis_longirostris,1788448182027_0_CCE_2011_7_21_8_30.WAV,93,60.9059410430839,62.02049886621315,1
Phaethornis_longirostris,1788448182027_0_CCE_2011_7_21_8_30.WAV,94,62.09596371882086,62.3049433106576,0
Phaethornis_longirostris,1788448182027_0_CCE_2011_7_21_8_30.WAV,95,62.7112925170068,62.85061224489796,0
Phaethornis_longirostris,1788448182027_0_CCE_2011_7_21_8_30.WAV,96,63.344036281179136,63.48335600907029,0
Phaethornis_longirostris,1788448182027_0_CCE_2011_7_21_8_30.WAV,97,63.98839002267574,64.12190476190476,0
Phaethornis_longirostris,1788448182027_0_CCE_2011_7_21_8_30.WAV,98,64.37732426303855,64.41795918367347,2
Phaethornis_longirostris,1788448182027_0_CCE_2011_7_21_8_30.WAV,99,64.62113378684808,64.75464852607709,0
Phaethornis_longirostris,1788448182027_0_CCE_2011_7_21_8_30.WAV,100,65.20743764172336,65.30031746031746,0
Phaethornis_longirostris,1788448182027_0_CCE_2011_7_21_8_30.WAV,101,65.7124716553288,65.96208616780045,0
Phaethornis_longirostris,1788448182027_0_CCE_2011_7_21_8_30.WAV,102,66.42068027210884,66.52517006802721,0
Phaethornis_longirostris,1788448182027_0_CCE_2011_7_21_8_30.WAV,103,67.03020408163265,67.16952380952381,0
Phaethornis_longirostris,1788448182027_0_CCE_2011_7_21_8_30.WAV,104,67.34947845804989,67.4075283446712,2
Phaethornis_longirostris,1788448182027_0_CCE_2011_7_21_8_30.WAV,105,67.54104308390022,67.56426303854876,2
Phaethornis_longirostris,1788448182027_0_CCE_2011_7_21_8_30.WAV,106,67.65133786848072,67.79065759637189,0
Phaethornis_longirostris,1788448182027_0_CCE_2011_7_21_8_30.WAV,107,68.24925170068028,68.34213151927437,0
Phaethornis_longirostris,1788448182027_0_CCE_2011_7_21_8_30.WAV,108,68.9168253968254,69.03873015873016,0
Phaethornis_longirostris,1788448182027_0_CCE_2011_7_21_8_30.WAV,109,69.64825396825397,69.75854875283447,0
Phaethornis_longirostris,1788448182027_0_CCE_2011_7_21_8_30.WAV,110,70.26938775510204,70.40290249433106,0
Phaethornis_longirostris,1788448182027_0_CCE_2011_7_21_8_30.WAV,111,71.37814058956916,71.47682539682539,0
Phaethornis_longirostris,1788448182027_0_CCE_2011_7_21_8_30.WAV,112,71.97024943310657,72.1037641723356,0
Phaethornis_longirostris,1788448182027_0_CCE_2011_7_21_8_30.WAV,113,72.6029931972789,73.0441723356009,2
Phaethornis_longirostris,1788448182027_0_CCE_2011_7_21_8_30.WAV,114,73.09641723356009,73.25315192743764,2
Phaethornis_longirostris,1788448182027_0_CCE_2011_7_21_8_30.WAV,115,73.60145124716553,73.66530612244898,2
Phaethornis_longirostris,1788448182027_0_CCE_2011_7_21_8_30.WAV,116,74.06004535147392,75.4009977324263,1
Phaethornis_longirostris,1788448182027_0_CCE_2011_7_21_8_30.WAV,117,75.85378684807256,75.88861678004535,2
Phaethornis_longirostris,1788448182027_0_CCE_2011_7_21_8_30.WAV,118,75.94666666666667,76.57360544217687,1
Phaethornis_longirostris,1788448182027_0_CCE_2011_7_21_8_30.WAV,119,76.96834467120182,77.1134693877551,0
Phaethornis_longirostris,1788448182027_0_CCE_2011_7_21_8_30.WAV,120,77.5546485260771,77.83909297052155,0
Phaethornis_longirostris,1788448182027_0_CCE_2011_7_21_8_30.WAV,121,78.15836734693877,78.2918820861678,0
Phaethornis_longirostris,1788448182027_0_CCE_2011_7_21_8_30.WAV,122,78.79691609977324,78.92462585034014,0
Phaethornis_longirostris,1788448182027_0_CCE_2011_7_21_8_30.WAV,123,79.46448979591837,79.61541950113379,0
Phaethornis_longirostris,1788448182027_0_CCE_2011_7_21_8_30.WAV,124,80.16689342403627,80.25977324263039,0
Phaethornis_longirostris,1788448182027_0_CCE_2011_7_21_8_30.WAV,125,80.71836734693878,80.85768707482993,0
Phaethornis_longirostris,1788448182027_0_CCE_2011_7_21_8_30.WAV,126,81.3104761904762,81.42077097505668,0
Phaethornis_longirostris,1788448182027_0_CCE_2011_7_21_8_30.WAV,127,81.85034013605443,82.90684807256235,1
Phaethornis_longirostris,1788448182027_0_CCE_2011_7_21_8_30.WAV,128,83.21451247165533,83.30739229024944,0
Phaethornis_longirostris,1788448182027_0_CCE_2011_7_21_8_30.WAV,129,83.77179138321995,83.90530612244898,0
Phaethornis_longirostris,1788448182027_0_CCE_2011_7_21_8_30.WAV,130,83.97496598639455,83.99818594104309,2
Phaethornis_longirostris,1788448182027_0_CCE_2011_7_21_8_30.WAV,131,84.0562358276644,84.26521541950113,2
Phaethornis_longirostris,1788448182027_0_CCE_2011_7_21_8_30.WAV,132,84.53224489795919,84.67156462585034,0
Phaethornis_longirostris,1788448182027_0_CCE_2011_7_21_8_30.WAV,133,85.05469387755102,86.02993197278911,1
Phaethornis_longirostris,1788448182027_0_CCE_2011_7_21_8_30.WAV,134,86.22149659863946,86.36662131519275,0
Phaethornis_longirostris,1788448182027_0_CCE_2011_7_21_8_30.WAV,135,86.41886621315193,86.48272108843537,2
Phaethornis_longirostris,1788448182027_0_CCE_2011_7_21_8_30.WAV,136,86.90648526077098,87.05160997732426,0
Phaethornis_longirostris,1788448182027_0_CCE_2011_7_21_8_30.WAV,137,87.1328798185941,87.71337868480725,1
Phaethornis_longirostris,1788448182027_0_CCE_2011_7_21_8_30.WAV,138,87.98621315192744,88.02104308390022,2
Phaethornis_longirostris,1788448182027_0_CCE_2011_7_21_8_30.WAV,139,88.10231292517007,88.24163265306123,0
Phaethornis_longirostris,1788448182027_0_CCE_2011_7_21_8_30.WAV,140,88.65378684807256,88.79310657596372,0
Phaethornis_longirostris,1788448182027_0_CCE_2011_7_21_8_30.WAV,141,88.8801814058957,89.40843537414966,2
Phaethornis_longirostris,1788448182027_0_CCE_2011_7_21_8_30.WAV,142,89.9134693877551,90.04698412698413,0
Phaethornis_longirostris,1788448182027_0_CCE_2011_7_21_8_30.WAV,143,90.261768707483,90.79002267573696,2
Phaethornis_longirostris,1788448182027_0_CCE_2011_7_21_8_30.WAV,144,91.16734693877552,91.30086167800454,0
Phaethornis_longirostris,1788448182027_0_CCE_2011_7_21_8_30.WAV,145,91.74204081632654,92.11936507936508,2
Phaethornis_longirostris,1788448182027_0_CCE_2011_7_21_8_30.WAV,146,92.39219954648526,92.52571428571429,0
Phaethornis_longirostris,1788448182027_0_CCE_2011_7_21_8_30.WAV,147,92.94367346938776,93.46031746031746,1
Phaethornis_longirostris,1788448182027_0_CCE_2011_7_21_8_30.WAV,148,93.5415873015873,93.704126984127,0
Phaethornis_longirostris,1788448182027_0_CCE_2011_7_21_8_30.WAV,149,94.12789115646258,94.27301587301588,0
Phaethornis_longirostris,1788448182027_0_CCE_2011_7_21_8_30.WAV,150,94.65034013605442,95.83455782312924,1
Phaethornis_longirostris,1788448182027_0_CCE_2011_7_21_8_30.WAV,151,95.91002267573695,95.97968253968254,2
Phaethornis_longirostris,1788448182027_0_CCE_2011_7_21_8_30.WAV,152,96.1944671201814,96.31056689342404,0
Phaethornis_longirostris,1788448182027_0_CCE_2011_7_21_8_30.WAV,153,96.75174603174604,97.74439909297053,1
Phaethornis_longirostris,1788448182027_0_CCE_2011_7_21_8_30.WAV,154,97.8895238095238,98.02884353741496,0
Phaethornis_longirostris,1788448182027_0_CCE_2011_7_21_8_30.WAV,155,98.47002267573696,98.56290249433108,0
Phaethornis_longirostris,1788448182027_0_CCE_2011_7_21_8_30.WAV,156,98.87056689342404,99.79356009070295,1
Phaethornis_longirostris,1788448182027_0_CCE_2011_7_21_8_30.WAV,157,100.17668934240363,100.2985941043084,0
Phaethornis_longirostris,1788448182027_0_CCE_2011_7_21_8_30.WAV,158,100.74557823129253,100.83845804988664,0
Phaethornis_longirostris,1788448182027_0_CCE_2011_7_21_8_30.WAV,159,101.32027210884354,101.41895691609976,0
Phaethornis_longirostris,1788448182027_0_CCE_2011_7_21_8_30.WAV,160,101.92979591836736,102.0517006802721,0
Phaethornis_longirostris,1788448182027_0_CCE_2011_7_21_8_30.WAV,161,102.4928798185941,102.5857596371882,0
Phaethornis_longirostris,1788448182027_0_CCE_2011_7_21_8_30.WAV,162,103.28816326530612,103.42167800453517,0
Phaethornis_longirostris,1788448182027_0_CCE_2011_7_21_8_30.WAV,163,103.88027210884354,104.01378684807256,0
Phaethornis_longirostris,1788448182027_0_CCE_2011_7_21_8_30.WAV,164,104.40272108843536,105.61596371882086,1
Phaethornis_longirostris,1788448182027_0_CCE_2011_7_21_8_30.WAV,165,105.67401360544218,105.8249433106576,0
Phaethornis_longirostris,1788448182027_0_CCE_2011_7_21_8_30.WAV,166,106.57959183673468,107.85088435374148,1
Phaethornis_longirostris,1788448182027_0_CCE_2011_7_21_8_30.WAV,167,108.1991836734694,108.33850340136054,0
Phaethornis_longirostris,1788448182027_0_CCE_2011_7_21_8_30.WAV,168,108.6809977324263,109.6562358276644,1
Phaethornis_longirostris,1788448182027_0_CCE_2011_7_21_8_30.WAV,169,110.31219954648526,110.45151927437642,0
Phaethornis_longirostris,1788448182027_0_CCE_2011_7_21_8_30.WAV,170,110.89850340136054,112.419410430839,1
Phaethornis_longirostris,1788448182027_0_CCE_2011_7_21_8_30.WAV,171,112.88961451247164,113.03473922902496,0
Phaethornis_longirostris,1788448182027_0_CCE_2011_7_21_8_30.WAV,172,113.13342403628118,114.2421768707483,1
Phaethornis_longirostris,1788448182027_0_CCE_2011_7_21_8_30.WAV,173,114.38149659863946,114.48598639455784,2
Phaethornis_longirostris,1788448182027_0_CCE_2011_7_21_8_30.WAV,174,115.04326530612244,115.83274376417232,1
Phaethornis_longirostris,1788448182027_0_CCE_2011_7_21_8_30.WAV,175,116.39002267573696,116.52934240362812,0
Phaethornis_longirostris,1788448182027_0_CCE_2011_7_21_8_30.WAV,176,116.82539682539682,118.37532879818596,1
Phaethornis_longirostris,1788448182027_0_CCE_2011_7_21_8_30.WAV,177,118.58430839002268,118.67718820861678,2
Phaethornis_longirostris,1788448182027_0_CCE_2011_7_21_8_30.WAV,178,118.80489795918368,118.86294784580498,2
Phaethornis_longirostris,1788448182027_0_CCE_2011_7_21_8_30.WAV,179,119.17061224489797,119.30412698412698,0
Phaethornis_longirostris,1788448182027_0_CCE_2011_7_21_8_30.WAV,180,120.12843537414966,120.27356009070294,0
Phaethornis_longirostris,1788448182027_0_CCE_2011_7_21_8_30.WAV,181,120.8366439909297,120.9643537414966,0
Phaethornis_longirostris,1788448182027_0_CCE_2011_7_21_8_30.WAV,182,121.44616780045352,123.5069387755102,1
Phaethornis_longirostris,1788448182027_0_CCE_2011_7_21_8_30.WAV,183,124.23256235827664,125.81151927437642,1
Phaethornis_longirostris,1788448182027_0_CCE_2011_7_21_8_30.WAV,184,126.53133786848072,127.7619954648526,1
Phaethornis_longirostris,1788448182027_0_CCE_2011_7_21_8_30.WAV,185,127.97678004535148,128.0696598639456,2
Phaethornis_longirostris,1788448182027_0_CCE_2011_7_21_8_30.WAV,186,128.4237641723356,128.76045351473925,2
Phaethornis_longirostris,1788448182027_0_CCE_2011_7_21_8_30.WAV,187,129.12036281179138,129.92725623582766,1
Phaethornis_longirostris,1788448182027_0_CCE_2011_7_21_8_30.WAV,188,130.11882086167802,130.60063492063492,1
Phaethornis_longirostris,1788448182027_0_CCE_2011_7_21_8_30.WAV,189,130.8560544217687,132.42920634920634,1
Phaethornis_longirostris,1788448182027_0_CCE_2011_7_21_8_30.WAV,190,132.5336961451247,133.1025850340136,2
Phaethornis_longirostris,1788448182027_0_CCE_2011_7_21_8_30.WAV,191,133.44507936507935,135.04145124716553,1
Phaethornis_longirostris,1788448182027_0_CCE_2011_7_21_8_30.WAV,192,135.5522902494331,137.14866213151927,1
Phaethornis_longirostris,1788448182027_0_CCE_2011_7_21_8_30.WAV,193,138.13551020408164,139.55773242630386,1
Phaethornis_longirostris,1788448182027_0_CCE_2011_7_21_8_30.WAV,194,139.83637188208615,141.32244897959183,1
Phaethornis_longirostris,1788448182027_0_CCE_2011_7_21_8_30.WAV,195,141.84489795918367,143.13360544217687,1
Phaethornis_longirostris,1788448182027_0_CCE_2011_7_21_8_30.WAV,196,143.76634920634922,144.93895691609978,1
Phaethornis_longirostris,1788448182027_0_CCE_2011_7_21_8_30.WAV,197,145.03764172335602,145.1421315192744,2
Phaethornis_longirostris,1788448182027_0_CCE_2011_7_21_8_30.WAV,198,145.71102040816328,147.11002267573696,1
Phaethornis_longirostris,1788448182027_0_CCE_2011_7_21_8_30.WAV,199,147.5395918367347,148.83410430839,1
Phaethornis_longirostris,1788448182027_0_CCE_2011_7_21_8_30.WAV,200,148.95600907029478,149.0372789115646,2
Phaethornis_longirostris,1788448182027_0_CCE_2011_7_21_8_30.WAV,201,149.0895238095238,149.14176870748298,2
Phaethornis_longirostris,1788448182027_0_CCE_2011_7_21_8_30.WAV,202,149.6235827664399,150.94131519274376,1
Phaethornis_longirostris,1788448182027_0_CCE_2011_7_21_8_30.WAV,203,151.63791383219956,153.26331065759638,1
Phaethornis_longirostris,1788448182027_0_CCE_2011_7_21_8_30.WAV,204,153.95990929705215,155.05124716553289,1
Phaethornis_longirostris,1788448182027_0_CCE_2011_7_21_8_30.WAV,205,155.9974603174603,157.14684807256236,1
Phaethornis_longirostris,1788448182027_0_CCE_2011_7_21_8_30.WAV,206,157.64027210884353,157.7447619047619,2
Phaethornis_longirostris,1788448182027_0_CCE_2011_7_21_8_30.WAV,207,157.86086167800454,157.91891156462586,2
Phaethornis_longirostris,1788448182027_0_CCE_2011_7_21_8_30.WAV,208,158.56907029478458,159.70104308390023,1
Phaethornis_longirostris,1788448182027_0_CCE_2011_7_21_8_30.WAV,209,160.07256235827666,161.69795918367348,1
Phaethornis_longirostris,1788448182027_0_CCE_2011_7_21_8_30.WAV,210,162.1275283446712,163.81097505668933,1
Phaethornis_longirostris,1788448182027_0_CCE_2011_7_21_8_30.WAV,211,164.4088888888889,165.55827664399092,1
Phaethornis_longirostris,1788448182027_0_CCE_2011_7_21_8_30.WAV,212,165.65115646258502,165.84272108843538,2
Phaethornis_longirostris,1788448182027_0_CCE_2011_7_21_8_30.WAV,213,166.35356009070296,167.92090702947846,1
Phaethornis_longirostris,1788448182027_0_CCE_2011_7_21_8_30.WAV,214,168.36208616780044,169.77269841269842,1
Phaethornis_longirostris,1788448182027_0_CCE_2011_7_21_8_30.WAV,215,170.3938321995465,171.71156462585034,1
Phaethornis_longirostris,1788448182027_0_CCE_2011_7_21_8_30.WAV,216,171.8160544217687,171.83927437641722,2
Phaethornis_longirostris,1788448182027_0_CCE_2011_7_21_8_30.WAV,217,172.31528344671202,173.75492063492064,1
Phaethornis_longirostris,1788448182027_0_CCE_2011_7_21_8_30.WAV,218,174.16707482993198,175.59510204081633,1
Phaethornis_longirostris,1788448182027_0_CCE_2011_7_21_8_30.WAV,219,175.96662131519275,177.13342403628118,1
Phaethornis_longirostris,1788448182027_0_CCE_2011_7_21_8_30.WAV,220,177.27854875283447,177.3946485260771,2
Phaethornis_longirostris,1788448182027_0_CCE_2011_7_21_8_30.WAV,221,177.8184126984127,177.90548752834468,2
Phaethornis_longirostris,1788448182027_0_CCE_2011_7_21_8_30.WAV,222,178.3350566893424,178.40471655328798,2
Phaethornis_longirostris,1788448182027_0_CCE_2011_7_21_8_30.WAV,223,178.66013605442177,178.75301587301587,0
Phaethornis_longirostris,1788448182027_0_CCE_2011_7_21_8_30.WAV,224,178.83428571428573,178.9445804988662,2
Phaethornis_longirostris,1788448182027_0_CCE_2011_7_21_8_30.WAV,225,179.2754648526077,179.49605442176872,2
Phaethornis_longirostris,1788448182027_0_CCE_2011_7_21_8_30.WAV,226,179.8095238095238,179.9894784580499,2
Phaethornis_longirostris,1788448182027_0_CCE_2011_7_21_8_30.WAV,227,180.302947845805,180.60480725623583,2
Phaethornis_longirostris,1788448182027_0_CCE_2011_7_21_8_30.WAV,228,180.7847619047619,180.8718367346939,2
Phaethornis_longirostris,1788448182027_0_CCE_2011_7_21_8_30.WAV,229,180.94149659863945,181.0750113378685,2
Phaethornis_longirostris,1788448182027_0_CCE_2011_7_21_8_30.WAV,230,181.19691609977323,181.5219954648526,2
Phaethornis_longirostris,1788448182027_0_CCE_2011_7_21_8_30.WAV,231,181.82385487528344,182.02702947845805,2
Phaethornis_longirostris,1788448182027_0_CCE_2011_7_21_8_30.WAV,232,182.34049886621315,182.5785034013605,2
Phaethornis_longirostris,1788448182027_0_CCE_2011_7_21_8_30.WAV,233,182.82231292517008,183.04290249433103,0
Phaethornis_longirostris,1788448182027_0_CCE_2011_7_21_8_30.WAV,234,183.1009523809524,183.1590022675737,2
Phaethornis_longirostris,1788448182027_0_CCE_2011_7_21_8_30.WAV,235,183.2518820861678,183.38539682539684,2
Phaethornis_longirostris,1788448182027_0_CCE_2011_7_21_8_30.WAV,236,183.6175963718821,183.85560090702947,2
Phaethornis_longirostris,1788448182027_0_CCE_2011_7_21_8_30.WAV,237,184.18068027210884,184.43609977324263,2
Phaethornis_longirostris,1788448182027_0_CCE_2011_7_21_8_30.WAV,238,184.6508843537415,185.997641723356,1
Phaethornis_longirostris,1788448182027_0_CCE_2011_7_21_8_30.WAV,239,186.2356462585034,186.351746031746,2
Phaethornis_longirostris,1788448182027_0_CCE_2011_7_21_8_30.WAV,240,186.50267573696144,187.50113378684807,2
Phaethornis_longirostris,1788448182027_0_CCE_2011_7_21_8_30.WAV,241,187.60562358276644,187.7855782312925,2
Phaethornis_longirostris,1788448182027_0_CCE_2011_7_21_8_30.WAV,242,188.1687074829932,189.5096598639456,1
Phaethornis_longirostris,1788448182027_0_CCE_2011_7_21_8_30.WAV,243,189.7534693877551,189.79410430839,2
Phaethornis_longirostris,1788448182027_0_CCE_2011_7_21_8_30.WAV,244,189.9508390022676,190.0088888888889,2
Phaethornis_longirostris,1788448182027_0_CCE_2011_7_21_8_30.WAV,245,190.20625850340136,191.2105215419501,1
Phaethornis_longirostris,1788448182027_0_CCE_2011_7_21_8_30.WAV,246,191.3092063492064,191.4833560090703,2
Phaethornis_longirostris,1788448182027_0_CCE_2011_7_21_8_30.WAV,247,192.19736961451247,192.6269387755102,2
Phaethornis_longirostris,1788448182027_0_SUR_2010_5_21_7_02.WAV,0,0.2986666666666667,0.432,2
Phaethornis_longirostris,1788448182027_0_SUR_2010_5_21_7_02.WAV,1,0.816,0.9706666666666668,2
Phaethornis_longirostris,1788448182027_0_SUR_2010_5_21_7_02.WAV,2,1.4186666666666667,1.5626666666666666,2
Phaethornis_longirostris,1788448182027_0_SUR_2010_5_21_7_02.WAV,3,2.1226666666666665,2.2826666666666666,2
Phaethornis_longirostris,1788448182027_0_SUR_2010_5_21_7_02.WAV,4,2.869333333333333,3.018666666666667,2
Phaethornis_longirostris,1788448182027_0_SUR_2010_5_21_7_02.WAV,5,3.424,3.568,2
Phaethornis_longirostris,1788448182027_0_SUR_2010_5_21_7_02.WAV,6,3.989333333333333,4.1226666666666665,2
Phaethornis_longirostris,1788448182027_0_SUR_2010_5_21_7_02.WAV,7,4.570666666666667,4.704,2
Phaethornis_longirostris,1788448182027_0_SUR_2010_5_21_7_02.WAV,8,5.552,5.696,2
Phaethornis_longirostris,1788448182027_0_SUR_2010_5_21_7_02.WAV,9,6.08,6.213333333333333,2
Phaethornis_longirostris,1788448182027_0_SUR_2010_5_21_7_02.WAV,10,6.613333333333333,6.757333333333333,2
Phaethornis_longirostris,1788448182027_0_SUR_2010_5_21_7_02.WAV,11,7.514666666666667,7.653333333333333,2
Phaethornis_longirostris,1788448182027_0_SUR_2010_5_21_7_02.WAV,12,8.469333333333333,8.597333333333333,2
Phaethornis_longirostris,1788448182027_0_SUR_2010_5_21_7_02.WAV,13,9.296,9.434666666666669,2
Phaethornis_longirostris,1788448182027_0_SUR_2010_5_21_7_02.WAV,14,10.133333333333333,10.288,2
Phaethornis_longirostris,1788448182027_0_SUR_2010_5_21_7_02.WAV,15,10.901333333333334,11.050666666666666,2
Phaethornis_longirostris,1788448182027_0_SUR_2010_5_21_7_02.WAV,16,11.450666666666669,11.594666666666669,2
Phaethornis_longirostris,1788448182027_0_SUR_2010_5_21_7_02.WAV,17,12.346666666666666,12.506666666666666,2
Phaethornis_longirostris,1788448182027_0_SUR_2010_5_21_7_02.WAV,18,12.917333333333334,13.056,0
Phaethornis_longirostris,1788448182027_0_SUR_2010_5_21_7_02.WAV,19,13.429333333333334,13.573333333333334,2
Phaethornis_longirostris,1788448182027_0_SUR_2010_5_21_7_02.WAV,20,14.330666666666668,14.56,0
Phaethornis_longirostris,1788448182027_0_SUR_2010_5_21_7_02.WAV,21,14.922666666666666,15.109333333333334,1
Phaethornis_longirostris,1788448182027_0_SUR_2010_5_21_7_02.WAV,22,15.28,15.312,1
Phaethornis_longirostris,1788448182027_0_SUR_2010_5_21_7_02.WAV,23,15.376,15.493333333333334,1
Phaethornis_longirostris,1788448182027_0_SUR_2010_5_21_7_02.WAV,24,15.845333333333333,16.058666666666667,0
Phaethornis_longirostris,1788448182027_0_SUR_2010_5_21_7_02.WAV,25,16.346666666666668,16.474666666666668,2
Phaethornis_longirostris,1788448182027_0_SUR_2010_5_21_7_02.WAV,26,16.858666666666668,17.061333333333334,0
Phaethornis_longirostris,1788448182027_0_SUR_2010_5_21_7_02.WAV,27,17.354666666666667,17.477333333333334,2
Phaethornis_longirostris,1788448182027_0_SUR_2010_5_21_7_02.WAV,28,17.850666666666665,17.984,0
Phaethornis_longirostris,1788448182027_0_SUR_2010_5_21_7_02.WAV,29,18.352,18.586666666666662,0
Phaethornis_longirostris,1788448182027_0_SUR_2010_5_21_7_02.WAV,30,18.784,18.997333333333334,2
Phaethornis_longirostris,1788448182027_0_SUR_2010_5_21_7_02.WAV,31,19.344,19.488,2
Phaethornis_longirostris,1788448182027_0_SUR_2010_5_21_7_02.WAV,32,19.84,20.032,2
Phaethornis_longirostris,1788448182027_0_SUR_2010_5_21_7_02.WAV,33,20.362666666666662,20.581333333333333,0
Phaethornis_longirostris,1788448182027_0_SUR_2010_5_21_7_02.WAV,34,20.864,21.04533333333333,2
Phaethornis_longirostris,1788448182027_0_SUR_2010_5_21_7_02.WAV,35,21.34933333333333,21.504,2
Phaethornis_longirostris,1788448182027_0_SUR_2010_5_21_7_02.WAV,36,21.578666666666667,21.62133333333333,1
Phaethornis_longirostris,1788448182027_0_SUR_2010_5_21_7_02.WAV,37,21.808,21.984,0
Phaethornis_longirostris,1788448182027_0_SUR_2010_5_21_7_02.WAV,38,22.30933333333333,22.512,0
Phaethornis_longirostris,1788448182027_0_SUR_2010_5_21_7_02.WAV,39,22.570666666666668,22.592,1
Phaethornis_longirostris,1788448182027_0_SUR_2010_5_21_7_02.WAV,40,22.864,23.061333333333334,0
Phaethornis_longirostris,1788448182027_0_SUR_2010_5_21_7_02.WAV,41,23.34933333333333,23.450666666666667,2
Phaethornis_longirostris,1788448182027_0_SUR_2010_5_21_7_02.WAV,42,23.834666666666667,24.069333333333333,0
Phaethornis_longirostris,1788448182027_0_SUR_2010_5_21_7_02.WAV,43,24.32,24.517333333333333,0
Phaethornis_longirostris,1788448182027_0_SUR_2010_5_21_7_02.WAV,44,24.778666666666663,25.104,0
Phaethornis_longirostris,1788448182027_0_SUR_2010_5_21_7_02.WAV,45,25.25333333333333,25.44533333333333,2
Phaethornis_longirostris,1788448182027_0_SUR_2010_5_21_7_02.WAV,46,25.722666666666665,25.968,0
Phaethornis_longirostris,1788448182027_0_SUR_2010_5_21_7_02.WAV,47,26.032,26.074666666666666,1
Phaethornis_longirostris,1788448182027_0_SUR_2010_5_21_7_02.WAV,48,26.266666666666666,26.528,0
Phaethornis_longirostris,1788448182027_0_SUR_2010_5_21_7_02.WAV,49,26.746666666666663,26.965333333333334,0
Phaethornis_longirostris,1788448182027_0_SUR_2010_5_21_7_02.WAV,50,27.024,27.12,2
Phaethornis_longirostris,1788448182027_0_SUR_2010_5_21_7_02.WAV,51,27.258666666666667,27.41333333333333,2
Phaethornis_longirostris,1788448182027_0_SUR_2010_5_21_7_02.WAV,52,27.706666666666667,27.941333333333333,2
Phaethornis_longirostris,1788448182027_0_SUR_2010_5_21_7_02.WAV,53,28.261333333333333,28.586666666666662,0
Phaethornis_longirostris,1788448182027_0_SUR_2010_5_21_7_02.WAV,54,29.22133333333333,29.290666666666667,2
Phaethornis_longirostris,1788448182027_0_SUR_2010_5_21_7_02.WAV,55,30.816,30.954666666666668,2
Phaethornis_longirostris,1788448182027_0_SUR_2010_5_21_7_02.WAV,56,31.664,31.802666666666667,2
Phaethornis_longirostris,1788448182027_0_SUR_2010_5_21_7_02.WAV,57,32.16,32.304,2
Phaethornis_longirostris,1788448182027_0_SUR_2010_5_21_7_02.WAV,58,32.693333333333335,32.848,2
Phaethornis_longirostris,1788448182027_0_SUR_2010_5_21_7_02.WAV,59,33.29066666666667,33.44,2
Phaethornis_longirostris,1788448182027_0_SUR_2010_5_21_7_02.WAV,60,34.154666666666664,34.304,2
Phaethornis_longirostris,1788448182027_0_SUR_2010_5_21_7_02.WAV,61,34.752,34.912,2
Phaethornis_longirostris,1788448182027_0_SUR_2010_5_21_7_02.WAV,62,35.49333333333333,35.669333333333334,2
Phaethornis_longirostris,1788448182027_0_SUR_2010_5_21_7_02.WAV,63,36.272,36.42666666666667,2
Phaethornis_longirostris,1788448182027_0_SUR_2010_5_21_7_02.WAV,64,36.95466666666667,37.09333333333333,2
Phaethornis_longirostris,1788448182027_0_SUR_2010_5_21_7_02.WAV,65,37.51466666666666,37.65866666666667,2
Phaethornis_longirostris,1788448182027_0_SUR_2010_5_21_7_02.WAV,66,38.46933333333333,38.61333333333334,2
Phaethornis_longirostris,1788448182027_0_SUR_2010_5_21_7_02.WAV,67,39.050666666666665,39.18933333333333,2
Phaethornis_longirostris,1788448182027_0_SUR_2010_5_21_7_02.WAV,68,39.792,39.93066666666667,2
Phaethornis_longirostris,1788448182027_0_SUR_2010_5_21_7_02.WAV,69,40.36266666666667,40.501333333333335,2
Phaethornis_longirostris,1788448182027_0_SUR_2010_5_21_7_02.WAV,70,40.944,41.088,2
Phaethornis_longirostris,1788448182027_0_SUR_2010_5_21_7_02.WAV,71,41.54133333333333,41.664,2
Phaethornis_longirostris,1788448182027_0_SUR_2010_5_21_7_02.WAV,72,42.04266666666667,42.176,2
Phaethornis_longirostris,1788448182027_0_SUR_2010_5_21_7_02.WAV,73,42.576,42.72533333333333,2
Phaethornis_longirostris,1788448182027_0_SUR_2010_5_21_7_02.WAV,74,43.632,43.77066666666666,2
Phaethornis_longirostris,1788448182027_0_SUR_2010_5_21_7_02.WAV,75,44.29333333333334,44.45333333333333,2
Phaethornis_longirostris,1788448182027_0_SUR_2010_5_21_7_02.WAV,76,44.89066666666667,45.034666666666666,2
Phaethornis_longirostris,1788448182027_0_SUR_2010_5_21_7_02.WAV,77,45.728,45.86666666666667,2
Phaethornis_longirostris,1788448182027_0_SUR_2010_5_21_7_02.WAV,78,46.272,46.416,2
Phaethornis_longirostris,1788448182027_0_SUR_2010_5_21_7_02.WAV,79,46.896,47.04,2
Phaethornis_longirostris,1788448182027_0_SUR_2010_5_21_7_02.WAV,80,47.77066666666666,47.91466666666667,2
Phaethornis_longirostris,1788448182027_0_SUR_2010_5_21_7_02.WAV,81,48.586666666666666,48.768,2
Phaethornis_longirostris,1788448182027_0_SUR_2010_5_21_7_02.WAV,82,49.21066666666667,49.376,2
Phaethornis_longirostris,1788448182027_0_SUR_2010_5_21_7_02.WAV,83,50.117333333333335,50.26133333333333,2
Phaethornis_longirostris,1788448182027_0_SUR_2010_5_21_7_02.WAV,84,50.68266666666667,50.82666666666667,2
Phaethornis_longirostris,1788448182027_0_SUR_2010_5_21_7_02.WAV,85,51.306666666666665,51.461333333333336,2
Phaethornis_longirostris,1788448182027_0_SUR_2010_5_21_7_02.WAV,86,51.952,52.101333333333336,2
Phaethornis_longirostris,1788448182027_0_SUR_2010_5_21_7_02.WAV,87,52.85866666666666,53.01866666666667,2
Phaethornis_longirostris,1788448182027_0_SUR_2010_5_21_7_02.WAV,88,53.44,53.60533333333333,2
Phaethornis_longirostris,1788448182027_0_SUR_2010_5_21_7_02.WAV,89,54.06933333333333,54.202666666666666,2
Phaethornis_longirostris,1788448182027_0_SUR_2010_5_21_7_02.WAV,90,55.024,55.184,2
Phaethornis_longirostris,1788448182027_0_SUR_2010_5_21_7_02.WAV,91,55.808,55.95733333333333,2
Phaethornis_longirostris,1788448182027_0_SUR_2010_5_21_7_02.WAV,92,56.4,56.544,2
Phaethornis_longirostris,1788448182027_0_SUR_2010_5_21_7_02.WAV,93,57.205333333333336,57.344,2
Phaethornis_longirostris,1788448182027_0_SUR_2010_5_21_7_02.WAV,94,59.00266666666667,59.088,1
Phaethornis_longirostris,1788448182027_0_SUR_2010_5_21_7_02.WAV,95,59.77066666666666,59.968,1
Phaethornis_longirostris,1788448182027_0_SUR_2010_5_21_7_02.WAV,96,60.256,60.35733333333334,1
Phaethornis_longirostris,1788448182027_0_SUR_2010_5_21_7_02.WAV,97,60.81066666666667,60.864,1
Phaethornis_longirostris,1788448182027_0_SUR_2010_5_21_7_02.WAV,98,61.370666666666665,61.397333333333336,2
Phaethornis_longirostris,1788448182027_0_SUR_2010_5_21_7_02.WAV,99,62.736,62.896,2
Phaethornis_longirostris,1788448182027_0_SUR_2010_5_21_7_02.WAV,100,63.424,63.57333333333333,2
Phaethornis_longirostris,1788448182027_0_SUR_2010_5_21_7_02.WAV,101,63.95733333333333,64.096,2
Phaethornis_longirostris,1788448182027_0_SUR_2010_5_21_7_02.WAV,102,64.61333333333333,64.768,2
Phaethornis_longirostris,1788448182027_0_SUR_2010_5_21_7_02.WAV,103,65.424,65.568,2
Phaethornis_longirostris,1788448182027_0_SUR_2010_5_21_7_02.WAV,104,66.112,66.256,2
Phaethornis_longirostris,1788448182027_0_SUR_2010_5_21_7_02.WAV,105,67.008,67.136,2
Phaethornis_longirostris,1788448182027_0_SUR_2010_5_21_7_02.WAV,106,67.61066666666666,67.744,2
Phaethornis_longirostris,1788448182027_0_SUR_2010_5_21_7_02.WAV,107,68.176,68.32,2
Phaethornis_longirostris,1788448182027_0_SUR_2010_5_21_7_02.WAV,108,69.04533333333333,69.18933333333334,2
Phaethornis_longirostris,1788448182027_0_SUR_2010_5_21_7_02.WAV,109,71.03466666666667,71.17333333333333,2
Phaethornis_longirostris,1788448182027_0_SUR_2010_5_21_7_02.WAV,110,74.40533333333333,74.528,2
Phaethornis_longirostris,1788448182027_0_SUR_2010_5_21_7_02.WAV,111,75.04,75.19466666666666,2
Phaethornis_longirostris,1788448182027_0_SUR_2010_5_21_7_02.WAV,112,75.552,75.68533333333333,2
Phaethornis_longirostris,1788448182027_0_SUR_2010_5_21_7_02.WAV,113,76.10666666666667,76.24533333333333,2
Phaethornis_longirostris,1788448182027_0_SUR_2010_5_21_7_02.WAV,114,76.672,76.80533333333334,2
Phaethornis_longirostris,1788448182027_0_SUR_2010_5_21_7_02.WAV,115,77.21066666666667,77.36533333333334,2
Phaethornis_longirostris,1788448182027_0_SUR_2010_5_21_7_02.WAV,116,77.80266666666667,77.94133333333333,2
Phaethornis_longirostris,1788448182027_0_SUR_2010_5_21_7_02.WAV,117,78.44266666666667,78.576,2
Phaethornis_longirostris,1788448182027_0_SUR_2010_5_21_7_02.WAV,118,79.06133333333334,79.20533333333333,2
Phaethornis_longirostris,1788448182027_0_SUR_2010_5_21_7_02.WAV,119,79.888,80.03733333333334,2
Phaethornis_longirostris,1788448182027_0_SUR_2010_5_21_7_02.WAV,120,80.72,80.87466666666667,2
Phaethornis_longirostris,1788448182027_0_SUR_2010_5_21_7_02.WAV,121,81.408,81.56266666666667,2
Phaethornis_longirostris,1788448182027_0_SUR_2010_5_21_7_02.WAV,122,82.08533333333334,82.23466666666667,2
Phaethornis_longirostris,1788448182027_0_SUR_2010_5_21_7_02.WAV,123,82.704,82.848,2
Phaethornis_longirostris,1788448182027_0_SUR_2010_5_21_7_02.WAV,124,83.712,83.82933333333334,2
Phaethornis_longirostris,1788448182027_0_SUR_2010_5_21_7_02.WAV,125,84.26133333333334,84.4,2
Phaethornis_longirostris,1788448182027_0_SUR_2010_5_21_7_02.WAV,126,84.71466666666667,84.87466666666667,2
Phaethornis_longirostris,1788448182027_0_SUR_2010_5_21_7_02.WAV,127,85.62133333333334,85.728,2
Phaethornis_longirostris,1788448182027_0_SUR_2010_5_21_7_02.WAV,128,86.448,86.57066666666667,2
Phaethornis_longirostris,1788448182027_0_SUR_2010_5_21_7_02.WAV,129,87.11466666666666,87.24266666666666,2
Phaethornis_longirostris,1788448182027_0_SUR_2010_5_21_7_02.WAV,130,87.81866666666667,87.95733333333334,2
Phaethornis_longirostris,1788448182027_0_SUR_2010_5_21_7_02.WAV,131,88.37866666666666,88.528,2
Phaethornis_longirostris,1788448182027_0_SUR_2010_5_21_7_02.WAV,132,88.92266666666667,89.088,2
Phaethornis_longirostris,1788448182027_0_SUR_2010_5_21_7_02.WAV,133,89.44,89.62133333333334,2
Phaethornis_longirostris,1788448182027_0_SUR_2010_5_21_7_02.WAV,134,90.096,90.22933333333332,2
Phaethornis_longirostris,1788448182027_0_SUR_2010_5_21_7_02.WAV,135,90.85333333333334,91.00266666666668,2
Phaethornis_longirostris,1788448182027_0_SUR_2010_5_21_7_02.WAV,136,91.42933333333332,91.552,0
Phaethornis_longirostris,1788448182027_0_SUR_2010_5_21_7_02.WAV,137,91.936,92.05866666666668,1
Phaethornis_longirostris,1788448182027_0_SUR_2010_5_21_7_02.WAV,138,92.46933333333334,92.56533333333331,0
Phaethornis_longirostris,1788448182027_0_SUR_2010_5_21_7_02.WAV,139,92.96,93.072,0
Phaethornis_longirostris,1788448182027_0_SUR_2010_5_21_7_02.WAV,140,93.488,93.6,1
Phaethornis_longirostris,1788448182027_0_SUR_2010_5_21_7_02.WAV,141,93.97333333333331,94.12266666666666,2
Phaethornis_longirostris,1788448182027_0_SUR_2010_5_21_7_02.WAV,142,94.512,94.68266666666666,2
Phaethornis_longirostris,1788448182027_0_SUR_2010_5_21_7_02.WAV,143,94.98666666666666,95.14666666666666,0
Phaethornis_longirostris,1788448182027_0_SUR_2010_5_21_7_02.WAV,144,95.712,95.85066666666668,2
Phaethornis_longirostris,1788448182027_0_SUR_2010_5_21_7_02.WAV,145,98.848,99.14666666666666,0
Phaethornis_longirostris,1788448182027_0_SUR_2010_5_21_7_02.WAV,146,99.28,99.30666666666669,1
Phaethornis_longirostris,1788448182027_0_SUR_2010_5_21_7_02.WAV,147,99.36533333333334,99.62666666666668,0
Phaethornis_longirostris,1788448182027_0_SUR_2010_5_21_7_02.WAV,148,99.73333333333332,99.792,1
Phaethornis_longirostris,1788448182027_0_SUR_2010_5_21_7_02.WAV,149,99.872,100.14933333333332,0
Phaethornis_longirostris,1788448182027_0_SUR_2010_5_21_7_02.WAV,150,100.24,100.28266666666669,1
Phaethornis_longirostris,1788448182027_0_SUR_2010_5_21_7_02.WAV,151,100.336,100.48533333333332,2
Phaethornis_longirostris,1788448182027_0_SUR_2010_5_21_7_02.WAV,152,100.576,100.60266666666666,1
Phaethornis_longirostris,1788448182027_0_SUR_2010_5_21_7_02.WAV,153,100.73066666666666,100.77333333333333,1
Phaethornis_longirostris,1788448182027_0_SUR_2010_5_21_7_02.WAV,154,100.896,100.93866666666666,1
Phaethornis_longirostris,1788448182027_0_SUR_2010_5_21_7_02.WAV,155,100.992,101.25866666666668,0
Phaethornis_longirostris,1788448182027_0_SUR_2010_5_21_7_02.WAV,156,101.52,101.75466666666668,0
Phaethornis_longirostris,1788448182027_0_SUR_2010_5_21_7_02.WAV,157,102.00533333333334,102.23466666666668,0
Phaethornis_longirostris,1788448182027_0_SUR_2010_5_21_7_02.WAV,158,102.33066666666669,102.384,1
Phaethornis_longirostris,1788448182027_0_SUR_2010_5_21_7_02.WAV,159,102.50133333333332,102.56,1
Phaethornis_longirostris,1788448182027_0_SUR_2010_5_21_7_02.WAV,160,102.65066666666668,102.73066666666666,1
Phaethornis_longirostris,1788448182027_0_SUR_2010_5_21_7_02.WAV,161,102.848,103.072,0
Phaethornis_longirostris,1788448182027_0_SUR_2010_5_21_7_02.WAV,162,103.14666666666666,103.2,1
Phaethornis_longirostris,1788448182027_0_SUR_2010_5_21_7_02.WAV,163,103.45066666666666,103.728,0
Phaethornis_longirostris,1788448182027_0_SUR_2010_5_21_7_02.WAV,164,103.84533333333331,103.87733333333334,1
Phaethornis_longirostris,1788448182027_0_SUR_2010_5_21_7_02.WAV,165,103.97333333333331,104.048,1
Phaethornis_longirostris,1788448182027_0_SUR_2010_5_21_7_02.WAV,166,104.128,104.21333333333334,1
Phaethornis_longirostris,1788448182027_0_SUR_2010_5_21_7_02.WAV,167,104.29333333333334,104.54933333333334,1
Phaethornis_longirostris,1788448182027_0_SUR_2010_5_21_7_02.WAV,168,104.66133333333332,104.69333333333331,1
Phaethornis_longirostris,1788448182027_0_SUR_2010_5_21_7_02.WAV,169,104.95466666666668,105.36533333333334,0
Phaethornis_longirostris,1788448182027_0_SUR_2010_5_21_7_02.WAV,170,105.47733333333332,105.56266666666669,1
Phaethornis_longirostris,1788448182027_0_SUR_2010_5_21_7_02.WAV,171,105.648,105.70133333333334,1
Phaethornis_longirostris,1788448182027_0_SUR_2010_5_21_7_02.WAV,172,105.81866666666669,106.05333333333331,0
Phaethornis_longirostris,1788448182027_0_SUR_2010_5_21_7_02.WAV,173,106.16533333333334,106.19733333333332,1
Phaethornis_longirostris,1788448182027_0_SUR_2010_5_21_7_02.WAV,174,106.34666666666666,106.37866666666666,1
Phaethornis_longirostris,1788448182027_0_SUR_2010_5_21_7_02.WAV,175,106.44266666666668,106.87466666666668,0
Phaethornis_longirostris,1788448182027_0_SUR_2010_5_21_7_02.WAV,176,106.93866666666666,107.072,0
Phaethornis_longirostris,1788448182027_0_SUR_2010_5_21_7_02.WAV,177,107.136,107.22133333333332,1
Phaethornis_longirostris,1788448182027_0_SUR_2010_5_21_7_02.WAV,178,107.328,107.76533333333332,0
Phaethornis_longirostris,1788448182027_0_SUR_2010_5_21_7_02.WAV,179,107.856,108.06933333333332,0
Phaethornis_longirostris,1788448182027_0_SUR_2010_5_21_7_02.WAV,180,108.15466666666669,108.21866666666666,1
Phaethornis_longirostris,1788448182027_0_SUR_2010_5_21_7_02.WAV,181,108.34133333333334,108.576,0
Phaethornis_longirostris,1788448182027_0_SUR_2010_5_21_7_02.WAV,182,108.66133333333332,108.74666666666668,1
Phaethornis_longirostris,1788448182027_0_SUR_2010_5_21_7_02.WAV,183,108.81066666666666,109.06666666666666,0
Phaethornis_longirostris,1788448182027_0_SUR_2010_5_21_7_02.WAV,184,109.328,109.71733333333331,0
Phaethornis_longirostris,1788448182027_0_SUR_2010_5_21_7_02.WAV,185,109.83466666666666,109.86133333333332,1
Phaethornis_longirostris,1788448182027_0_SUR_2010_5_21_7_02.WAV,186,109.97333333333331,110.26666666666668,0
Phaethornis_longirostris,1788448182027_0_SUR_2010_5_21_7_02.WAV,187,110.336,110.4,1
Phaethornis_longirostris,1788448182027_0_SUR_2010_5_21_7_02.WAV,188,110.45333333333332,110.56533333333331,1
Phaethornis_longirostris,1788448182027_0_SUR_2010_5_21_7_02.WAV,189,110.68266666666666,111.23733333333334,0
Phaethornis_longirostris,1788448182027_0_SUR_2010_5_21_7_02.WAV,190,111.36533333333334,111.39733333333334,1
Phaethornis_longirostris,1788448182027_0_SUR_2010_5_21_7_02.WAV,191,111.50933333333332,111.90933333333334,0
Phaethornis_longirostris,1788448182027_0_SUR_2010_5_21_7_02.WAV,192,112.02666666666669,112.752,0
Phaethornis_longirostris,1788448182027_0_SUR_2010_5_21_7_02.WAV,193,112.848,112.912,1
Phaethornis_longirostris,1788448182027_0_SUR_2010_5_21_7_02.WAV,194,113.03466666666668,113.41333333333333,0
Phaethornis_longirostris,1788448182027_0_SUR_2010_5_21_7_02.WAV,195,113.53066666666666,113.76533333333332,0
Phaethornis_longirostris,1788448182027_0_SUR_2010_5_21_7_02.WAV,196,113.872,113.89866666666668,1
Phaethornis_longirostris,1788448182027_0_SUR_2010_5_21_7_02.WAV,197,114.03733333333334,114.25066666666666,0
Phaethornis_longirostris,1788448182027_0_SUR_2010_5_21_7_02.WAV,198,114.38933333333334,114.416,1
Phaethornis_longirostris,1788448182027_0_SUR_2010_5_21_7_02.WAV,199,114.55466666666666,114.95466666666668,0
Phaethornis_longirostris,1788448182027_0_SUR_2010_5_21_7_02.WAV,200,115.01333333333334,115.25333333333332,0
Phaethornis_longirostris,1788448182027_0_SUR_2010_5_21_7_02.WAV,201,115.36,115.42933333333332,1
Phaethornis_longirostris,1788448182027_0_SUR_2010_5_21_7_02.WAV,202,115.50933333333332,115.77066666666668,0
Phaethornis_longirostris,1788448182027_0_SUR_2010_5_21_7_02.WAV,203,115.88266666666668,115.90933333333334,1
Phaethornis_longirostris,1788448182027_0_SUR_2010_5_21_7_02.WAV,204,116.03733333333334,116.30933333333331,0
Phaethornis_longirostris,1788448182027_0_SUR_2010_5_21_7_02.WAV,205,116.40533333333332,116.45333333333332,1
Phaethornis_longirostris,1788448182027_0_SUR_2010_5_21_7_02.WAV,206,116.544,116.66666666666669,0
Phaethornis_longirostris,1788448182027_0_SUR_2010_5_21_7_02.WAV,207,116.72,117.29066666666668,0
Phaethornis_longirostris,1788448182027_0_SUR_2010_5_21_7_02.WAV,208,117.43466666666669,117.46133333333331,1
Phaethornis_longirostris,1788448182027_0_SUR_2010_5_21_7_02.WAV,209,117.57866666666666,117.82933333333334,0
Phaethornis_longirostris,1788448182027_0_SUR_2010_5_21_7_02.WAV,210,117.88266666666668,117.96266666666666,1
Phaethornis_longirostris,1788448182027_0_SUR_2010_5_21_7_02.WAV,211,118.096,118.544,0
Phaethornis_longirostris,1788448182027_0_SUR_2010_5_21_7_02.WAV,212,118.59733333333334,118.832,0
Phaethornis_longirostris,1788448182027_0_SUR_2010_5_21_7_02.WAV,213,118.944,118.98666666666666,1
Phaethornis_longirostris,1788448182027_0_SUR_2010_5_21_7_02.WAV,214,119.07733333333331,119.504,0
Phaethornis_longirostris,1788448182027_0_SUR_2010_5_21_7_02.WAV,215,119.60533333333332,119.65866666666666,1
Phaethornis_longirostris,1788448182027_0_SUR_2010_5_21_7_02.WAV,216,119.77066666666668,120.18666666666668,0
Phaethornis_longirostris,1788448182027_0_SUR_2010_5_21_7_02.WAV,217,120.304,120.53866666666669,0
Phaethornis_longirostris,1788448182027_0_SUR_2010_5_21_7_02.WAV,218,120.65066666666668,121.04533333333332,0
Phaethornis_longirostris,1788448182027_0_SUR_2010_5_21_7_02.WAV,219,121.15733333333333,121.216,1
Phaethornis_longirostris,1788448182027_0_SUR_2010_5_21_7_02.WAV,220,121.33333333333331,121.74933333333334,0
Phaethornis_longirostris,1788448182027_0_SUR_2010_5_21_7_02.WAV,221,121.84,121.91466666666666,2
Phaethornis_longirostris,1788448182027_0_SUR_2010_5_21_7_02.WAV,222,122.02133333333332,122.048,1
Phaethornis_longirostris,1788448182027_0_SUR_2010_5_21_7_02.WAV,223,122.14933333333332,122.46933333333334,0
Phaethornis_longirostris,1788448182027_0_SUR_2010_5_21_7_02.WAV,224,122.52266666666668,122.64533333333334,2
Phaethornis_longirostris,1788448182027_0_SUR_2010_5_21_7_02.WAV,225,122.70933333333332,122.736,1
Phaethornis_longirostris,1788448182027_0_SUR_2010_5_21_7_02.WAV,226,122.88,123.30666666666669,0
Phaethornis_longirostris,1788448182027_0_SUR_2010_5_21_7_02.WAV,227,123.39733333333334,123.43466666666669,1
Phaethornis_longirostris,1788448182027_0_SUR_2010_5_21_7_02.WAV,228,123.54133333333333,123.96266666666666,0
Phaethornis_longirostris,1788448182027_0_SUR_2010_5_21_7_02.WAV,229,124.05333333333331,124.13866666666668,2
Phaethornis_longirostris,1788448182027_0_SUR_2010_5_21_7_02.WAV,230,124.256,124.29333333333334,1
Phaethornis_longirostris,1788448182027_0_SUR_2010_5_21_7_02.WAV,231,124.34666666666666,124.848,0
Phaethornis_longirostris,1788448182027_0_SUR_2010_5_21_7_02.WAV,232,125.05066666666669,125.37066666666666,0
Phaethornis_longirostris,1788448182027_0_SUR_2010_5_21_7_02.WAV,233,125.44533333333334,125.54666666666668,1
Phaethornis_longirostris,1788448182027_0_SUR_2010_5_21_7_02.WAV,234,125.61066666666666,125.66933333333331,1
Phaethornis_longirostris,1788448182027_0_SUR_2010_5_21_7_02.WAV,235,125.95733333333334,126.25066666666666,0
Phaethornis_longirostris,1788448182027_0_SUR_2010_5_21_7_02.WAV,236,126.56533333333331,127.104,0
Phaethornis_longirostris,1788448182027_0_SUR_2010_5_21_7_02.WAV,237,127.38133333333332,127.728,0
Phaethornis_longirostris,1788448182027_0_SUR_2010_5_21_7_02.WAV,238,127.94133333333332,128.08533333333332,0
Phaethornis_longirostris,1788448182027_0_SUR_2010_5_21_7_02.WAV,239,128.1386666666667,128.192,1
Phaethornis_longirostris,1788448182027_0_SUR_2010_5_21_7_02.WAV,240,128.34133333333332,128.48,2
Phaethornis_longirostris,1788448182027_0_SUR_2010_5_21_7_02.WAV,241,128.86933333333334,128.99733333333333,2
Phaethornis_longirostris,1788448182027_0_SUR_2010_5_21_7_02.WAV,242,129.39733333333334,129.77066666666667,0
Phaethornis_longirostris,1788448182027_0_SUR_2010_5_21_7_02.WAV,243,129.95733333333334,130.10133333333334,2
Phaethornis_longirostris,1788448182027_0_SUR_2010_5_21_7_02.WAV,244,130.23466666666667,130.28266666666667,2
Phaethornis_longirostris,1788448182027_0_SUR_2010_5_21_7_02.WAV,245,130.37866666666667,130.4,1
Phaethornis_longirostris,1788448182027_0_SUR_2010_5_21_7_02.WAV,246,130.53866666666667,130.75733333333332,0
Phaethornis_longirostris,1788448182027_0_SUR_2010_5_21_7_02.WAV,247,131.056,131.25866666666667,0
Phaethornis_longirostris,1788448182027_0_SUR_2010_5_21_7_02.WAV,248,131.552,131.76533333333333,0
Phaethornis_longirostris,1788448182027_0_SUR_2010_5_21_7_02.WAV,249,132.12266666666667,132.29866666666666,0
Phaethornis_longirostris,1788448182027_0_SUR_2010_5_21_7_02.WAV,250,132.624,132.77333333333334,0
Phaethornis_longirostris,1788448182027_0_SUR_2010_5_21_7_02.WAV,251,133.104,133.22666666666666,0
Phaethornis_longirostris,1788448182027_0_SUR_2010_5_21_7_02.WAV,252,133.63733333333334,133.808,0
Phaethornis_longirostris,1788448182027_0_SUR_2010_5_21_7_02.WAV,253,134.224,134.448,2
Phaethornis_longirostris,1788448182027_0_SUR_2010_5_21_7_02.WAV,254,134.736,134.89066666666668,2
Phaethornis_longirostris,1788448182027_0_SUR_2010_5_21_7_02.WAV,255,135.232,135.38133333333334,0
Phaethornis_longirostris,1788448182027_0_SUR_2010_5_21_7_02.WAV,256,135.744,135.89333333333337,0
Phaethornis_longirostris,1788448182027_0_SUR_2010_5_21_7_02.WAV,257,136.41066666666666,136.58666666666667,2
Phaethornis_longirostris,1788448182027_0_SUR_2010_5_21_7_02.WAV,258,136.90666666666667,137.06666666666666,0
Phaethornis_longirostris,1788448182027_0_SUR_2010_5_21_7_02.WAV,259,137.488,137.64266666666666,2
Phaethornis_longirostris,1788448182027_0_SUR_2010_5_21_7_02.WAV,260,137.984,138.19733333333335,0
Phaethornis_longirostris,1788448182027_0_SUR_2010_5_21_7_02.WAV,261,138.43733333333333,138.592,0
Phaethornis_longirostris,1788448182027_0_SUR_2010_5_21_7_02.WAV,262,138.93333333333334,139.08266666666665,0
Phaethornis_longirostris,1788448182027_0_SUR_2010_5_21_7_02.WAV,263,139.45066666666668,139.6266666666667,0
Phaethornis_longirostris,1788448182027_0_SUR_2010_5_21_7_02.WAV,264,139.98933333333332,140.15466666666666,2
Phaethornis_longirostris,1788448182027_0_SUR_2010_5_21_7_02.WAV,265,140.49066666666667,140.65066666666667,2
Phaethornis_longirostris,1788448182027_0_SUR_2010_5_21_7_02.WAV,266,141.04533333333333,141.184,2
Phaethornis_longirostris,1788448182027_0_SUR_2010_5_21_7_02.WAV,267,141.632,141.792,2
Phaethornis_longirostris,1788448182027_0_SUR_2010_5_21_7_02.WAV,268,142.28266666666667,142.42133333333334,2
Phaethornis_longirostris,1788448182027_0_SUR_2010_5_21_7_02.WAV,269,142.784,142.92266666666666,2
Phaethornis_longirostris,1788448182027_0_SUR_2010_5_21_7_02.WAV,270,143.28533333333334,143.39733333333334,2
Phaethornis_longirostris,1788448182027_0_SUR_2010_5_21_7_02.WAV,271,143.76533333333333,143.90933333333334,2
Phaethornis_longirostris,1788448182027_0_SUR_2010_5_21_7_02.WAV,272,144.25066666666666,144.384,2
Phaethornis_longirostris,1788448182027_0_SUR_2010_5_21_7_02.WAV,273,144.73066666666668,144.86933333333334,2
Phaethornis_longirostris,1788448182027_0_SUR_2010_5_21_7_02.WAV,274,145.22666666666666,145.376,2
Phaethornis_longirostris,1788448182027_0_SUR_2010_5_21_7_02.WAV,275,145.73333333333332,145.8826666666667,2
Phaethornis_longirostris,1788448182027_0_SUR_2010_5_21_7_02.WAV,276,146.224,146.37866666666667,2
Phaethornis_longirostris,1788448182027_0_SUR_2010_5_21_7_02.WAV,277,146.8,146.944,2
Phaethornis_longirostris,1788448182027_0_SUR_2010_5_21_7_02.WAV,278,147.35466666666667,147.49333333333334,2
Phaethornis_longirostris,1788448182027_0_SUR_2010_5_21_7_02.WAV,279,147.81866666666667,147.952,2
Phaethornis_longirostris,1788448182027_0_SUR_2010_5_21_7_02.WAV,280,148.27733333333333,148.432,0
Phaethornis_longirostris,1788448182027_0_SUR_2010_5_21_7_02.WAV,281,148.752,148.896,0
Phaethornis_longirostris,1788448182027_0_SUR_2010_5_21_7_02.WAV,282,149.26933333333332,149.424,0
Phaethornis_longirostris,1788448182027_0_SUR_2010_5_21_7_02.WAV,283,150.23466666666667,150.38933333333333,2
Phaethornis_longirostris,1788448182027_0_SUR_2010_5_21_7_02.WAV,284,151.21066666666667,151.36533333333333,2
Phaethornis_longirostris,1788448182027_0_SUR_2010_5_21_7_02.WAV,285,151.67466666666667,151.85066666666663,2
Phaethornis_longirostris,1788448182027_0_SUR_2010_5_21_7_02.WAV,286,152.21866666666668,152.384,2
Phaethornis_longirostris,1788448182027_0_SUR_2010_5_21_7_02.WAV,287,152.69866666666667,152.87466666666666,2
Phaethornis_longirostris,1788448182027_0_SUR_2010_5_21_7_02.WAV,288,153.17866666666666,153.33333333333334,2
Phaethornis_longirostris,1788448182027_0_SUR_2010_5_21_7_02.WAV,289,153.6266666666667,153.776,2
Phaethornis_longirostris,1788448182027_0_SUR_2010_5_21_7_02.WAV,290,154.05866666666665,154.23466666666667,2
Phaethornis_longirostris,1788448182027_0_SUR_2010_5_21_7_02.WAV,291,154.544,154.70933333333332,2
Phaethornis_longirostris,1788448182027_0_SUR_2010_5_21_7_02.WAV,292,154.93333333333334,155.088,2
Phaethornis_longirostris,1788448182027_0_SUR_2010_5_21_7_02.WAV,293,155.344,155.47733333333332,2
Phaethornis_longirostris,1788448182027_0_SUR_2010_5_21_7_02.WAV,294,156.10666666666663,156.24,2
Phaethornis_longirostris,1788448182027_0_SUR_2010_5_21_7_02.WAV,295,157.20533333333333,157.26933333333332,2
Phaethornis_longirostris,1788448182027_0_SUR_2010_5_21_7_02.WAV,296,157.6,157.712,2
Phaethornis_longirostris,1788448182027_0_SUR_2010_5_21_7_02.WAV,297,158.32,158.448,2
Phaethornis_longirostris,1788448182027_0_SUR_2010_5_21_7_02.WAV,298,158.86933333333334,159.06666666666666,0
Phaethornis_longirostris,1788448182027_0_SUR_2010_5_21_7_02.WAV,299,159.312,159.49866666666668,0
Phaethornis_longirostris,1788448182027_0_SUR_2010_5_21_7_02.WAV,300,159.73333333333332,159.86666666666667,0
Phaethornis_longirostris,1788448182027_0_SUR_2010_5_21_7_02.WAV,301,160.10666666666663,160.224,0
Phaethornis_longirostris,1788448182027_0_SUR_2010_5_21_7_02.WAV,302,160.48533333333333,160.61866666666666,2
Phaethornis_longirostris,1788448182027_0_SUR_2010_5_21_7_02.WAV,303,160.74666666666667,160.88,2
Phaethornis_longirostris,1788448182027_0_SUR_2010_5_21_7_02.WAV,304,161.34933333333333,161.52533333333332,2
Phaethornis_longirostris,1788448182027_0_SUR_2010_5_21_7_02.WAV,305,161.968,162.16,2
Phaethornis_longirostris,1788448182027_0_SUR_2010_5_21_7_02.WAV,306,162.61866666666666,162.78933333333333,2
Phaethornis_longirostris,1788448182027_0_SUR_2010_5_21_7_02.WAV,307,163.07733333333334,163.24266666666668,2
Phaethornis_longirostris,1788448182027_0_SUR_2010_5_21_7_02.WAV,308,163.504,163.68533333333335,2
Phaethornis_longirostris,1788448182027_0_SUR_2010_5_21_7_02.WAV,309,164.016,164.16533333333334,2
Phaethornis_longirostris,1788448182027_0_SUR_2010_5_21_7_02.WAV,310,164.48,164.63466666666667,2
Phaethornis_longirostris,1788448182027_0_SUR_2010_5_21_7_02.WAV,311,164.944,165.09866666666667,2
Phaethornis_longirostris,1788448182027_0_SUR_2010_5_21_7_02.WAV,312,165.376,165.54133333333334,0
Phaethornis_longirostris,1788448182027_0_SUR_2010_5_21_7_02.WAV,313,165.79733333333334,165.95733333333334,2
Phaethornis_longirostris,1788448182027_0_SUR_2010_5_21_7_02.WAV,314,166.272,166.448,2
Phaethornis_longirostris,1788448182027_0_SUR_2010_5_21_7_02.WAV,315,166.71466666666666,166.88,2
Phaethornis_longirostris,1788448182027_0_SUR_2010_5_21_7_02.WAV,316,167.14666666666668,167.312,0
Phaethornis_longirostris,1788448182027_0_SUR_2010_5_21_7_02.WAV,317,167.60533333333333,167.77066666666667,0
Phaethornis_longirostris,1788448182027_0_SUR_2010_5_21_7_02.WAV,318,168.05333333333334,168.24533333333332,2
Phaethornis_longirostris,1788448182027_0_SUR_2010_5_21_7_02.WAV,319,168.51733333333334,168.67733333333334,0
Phaethornis_longirostris,1788448182027_0_SUR_2010_5_21_7_02.WAV,320,169.008,169.17866666666666,0
Phaethornis_longirostris,1788448182027_0_SUR_2010_5_21_7_02.WAV,321,169.49333333333334,169.64266666666666,0
Phaethornis_longirostris,1788448182027_0_SUR_2010_5_21_7_02.WAV,322,169.984,170.19733333333335,2
Phaethornis_longirostris,1788448182027_0_SUR_2010_5_21_7_02.WAV,323,170.47466666666668,170.64533333333333,2
Phaethornis_longirostris,1788448182027_0_SUR_2010_5_21_7_02.WAV,324,170.944,171.13066666666666,0
Phaethornis_longirostris,1788448182027_0_SUR_2010_5_21_7_02.WAV,325,171.43466666666666,171.584,0
Phaethornis_longirostris,1788448182027_0_SUR_2010_5_21_7_02.WAV,326,171.91466666666668,172.08533333333332,2
Phaethornis_longirostris,1788448182027_0_SUR_2010_5_21_7_02.WAV,327,172.42666666666668,172.592,2
Phaethornis_longirostris,1788448182027_0_SUR_2010_5_21_7_02.WAV,328,173.21066666666667,173.36,2
Phaethornis_longirostris,1788448182027_0_SUR_2010_5_21_7_02.WAV,329,173.92,174.08,2
Phaethornis_longirostris,1788448182027_0_SUR_2010_5_21_7_02.WAV,330,174.61866666666666,174.78933333333333,0
Phaethornis_longirostris,1788448182027_0_SUR_2010_5_21_7_02.WAV,331,175.248,175.41866666666667,2
Phaethornis_longirostris,1788448182027_0_SUR_2010_5_21_7_02.WAV,332,175.92533333333333,176.10666666666663,2
Phaethornis_longirostris,1788448182027_0_SUR_2010_5_21_7_02.WAV,333,176.576,176.74666666666667,2
Phaethornis_longirostris,1788448182027_0_SUR_2010_5_21_7_02.WAV,334,177.22666666666666,177.38666666666666,2
Phaethornis_longirostris,1788448182027_0_SUR_2010_5_21_7_02.WAV,335,177.8613333333333,178.03733333333332,2
Phaethornis_longirostris,1788448182027_0_SUR_2010_5_21_7_02.WAV,336,178.496,178.64533333333333,0
Phaethornis_longirostris,1788448182027_0_SUR_2010_5_21_7_02.WAV,337,179.12533333333334,179.30133333333333,2
Phaethornis_longirostris,1788448182027_0_SUR_2010_5_21_7_02.WAV,338,179.71733333333333,179.87733333333333,0
Phaethornis_longirostris,1788448182027_0_SUR_2010_5_21_7_02.WAV,339,180.36266666666663,180.53866666666667,2
Phaethornis_longirostris,1788448182027_0_SUR_2010_5_21_7_02.WAV,340,181.0133333333333,181.17866666666663,2
Phaethornis_longirostris,1788448182027_0_SUR_2010_5_21_7_02.WAV,341,181.664,181.85066666666663,2
Phaethornis_longirostris,1788448182027_0_SUR_2010_5_21_7_02.WAV,342,182.34666666666664,182.5013333333333,2
Phaethornis_longirostris,1788448182027_0_SUR_2010_5_21_7_02.WAV,343,183.06133333333327,183.30666666666667,2
Saccopteryx_bilineata,Figure_S1,0,0.612352,0.636928,1
Saccopteryx_bilineata,Figure_S1,1,0.753664,0.786432,1
Saccopteryx_bilineata,Figure_S1,2,0.89088,0.93184,1
Saccopteryx_bilineata,Figure_S1,3,1.028096,1.071104,1
Saccopteryx_bilineata,Figure_S1,4,1.163264,1.20832,1
Saccopteryx_bilineata,Figure_S1,5,1.294336,1.34144,1
Saccopteryx_bilineata,Figure_S1,6,1.41312,1.460224,1
Saccopteryx_bilineata,Figure_S1,7,1.523712,1.57696,1
Saccopteryx_bilineata,Figure_S1,8,1.630208,1.685504,1
Saccopteryx_bilineata,Figure_S1,9,1.732608,1.785856,1
Saccopteryx_bilineata,Figure_S1,10,1.835008,1.882112,1
Saccopteryx_bilineata,Figure_S1,11,1.923072,1.970176,1
Saccopteryx_bilineata,Figure_S1,12,2.00704,2.056192,0
Saccopteryx_bilineata,Figure_S1,13,2.084864,2.127872,0
Saccopteryx_bilineata,Figure_S1,14,2.156544,2.197504,0
Saccopteryx_bilineata,Figure_S1,15,2.226176,2.320384,1
Saccopteryx_bilineata,Figure_S1,16,2.353152,2.443264,0
Saccopteryx_bilineata,Figure_S1,17,2.473984,2.605056,0
Saccopteryx_bilineata,Figure_S1,18,2.643968,2.787328,0
Saccopteryx_bilineata,Figure_S1,19,2.820096,2.95936,0
Saccopteryx_bilineata,Figure_S1,20,3.004416,3.15392,0
Saccopteryx_bilineata,Figure_S1,21,4.427776,4.44416,1
Saccopteryx_bilineata,Figure_S1,22,4.70016,4.74112,0
Saccopteryx_bilineata,Figure_S1,23,4.769792,4.818944,0
Saccopteryx_bilineata,Figure_S1,24,4.857856,4.90496,0
Saccopteryx_bilineata,Figure_S1,25,4.941824,4.988928,0
Saccopteryx_bilineata,Figure_S1,26,5.036032,5.076992,0
Saccopteryx_bilineata,Figure_S1,27,5.111808,6.119424,2
Saccopteryx_bilineata,Figure_S1,28,6.139904,6.227968,0
Saccopteryx_bilineata,Figure_S1,29,6.248448,6.32832,0
Saccopteryx_bilineata,Figure_S1,30,6.350848,6.426624,0
Saccopteryx_bilineata,Figure_S1,31,6.459392,6.561792,0
Saccopteryx_bilineata,Figure_S1,32,6.590464,6.713344,0
Saccopteryx_bilineata,Figure_S1,33,6.793216,6.889472,0
Saccopteryx_bilineata,Figure_S1,34,6.938624,7.063552,0
Saccopteryx_bilineata,Figure_S1,35,7.124992,7.26016,0
Saccopteryx_bilineata,Figure_S1,36,7.33184,7.4752,0
Saccopteryx_bilineata,Figure_S1,37,7.538688,7.688192,0
Saccopteryx_bilineata,Figure_S1,38,7.80288,7.91552,0
Saccopteryx_bilineata,Figure_S1,39,7.999488,8.183808,0
Saccopteryx_bilineata,Figure_S1,40,8.249344,8.402944,0
Saccopteryx_bilineata,Figure_S1,41,8.452096,8.617984,0
Saccopteryx_bilineata,Figure_S1,42,8.654848,8.757248,0
Saccopteryx_bilineata,Figure_S1,43,8.792064,8.91904,0
Saccopteryx_bilineata,Figure_S1,44,8.951808,9.424896,2
Saccopteryx_bilineata,Figure_S1,45,10.479616,10.508288,0
Saccopteryx_bilineata,Figure_S1,46,10.551296,10.635264,0
Saccopteryx_bilineata,Figure_S1,47,10.676224,10.766336,0
Saccopteryx_bilineata,Figure_S1,48,10.801152,10.848256,0
Saccopteryx_bilineata,Figure_S1,49,10.883072,10.94656,0
Saccopteryx_bilineata,Figure_S1,50,10.969088,11.032576,0
Saccopteryx_bilineata,Figure_S1,51,11.055104,11.118592,0
Saccopteryx_bilineata,Figure_S1,52,11.145216,11.296768,0
Saccopteryx_bilineata,Figure_S1,53,11.329536,11.40736,0
Saccopteryx_bilineata,Figure_S1,54,11.42784,11.495424,0
Saccopteryx_bilineata,Figure_S1,55,11.53024,11.593728,0
Saccopteryx_bilineata,Figure_S1,56,11.628544,11.689984,0
Saccopteryx_bilineata,Figure_S1,57,11.730944,11.798528,0
Saccopteryx_bilineata,Figure_S1,58,11.835392,11.902976,0
Saccopteryx_bilineata,Figure_S1,59,11.933696,12.003328,0
Saccopteryx_bilineata,Figure_S1,60,12.040192,12.097536,0
Saccopteryx_bilineata,Figure_S1,61,12.173312,12.21632,0
Saccopteryx_bilineata,Figure_S1,62,12.244992,12.310528,0
Saccopteryx_bilineata,Figure_S1,63,12.331008,12.552192,0
Saccopteryx_bilineata,Figure_S1,64,12.582912,12.822528,0
Saccopteryx_bilineata,Figure_S1,65,12.8512,13.55776,2
Saccopteryx_bilineata,Figure_S1,66,14.1312,14.206976,0
Saccopteryx_bilineata,Figure_S1,67,14.34624,14.424064,1
Saccopteryx_bilineata,Figure_S1,68,14.557184,14.598144,0
Saccopteryx_bilineata,Figure_S1,69,14.618624,14.712832,1
Saccopteryx_bilineata,Figure_S1,70,14.813184,14.82752,0
Saccopteryx_bilineata,Figure_S1,71,14.901248,14.915584,0
Saccopteryx_bilineata,Figure_S1,72,14.989312,15.013888,1
Saccopteryx_bilineata,Figure_S1,73,15.095808,15.110144,1
Saccopteryx_bilineata,Figure_S1,74,15.183872,15.200256,0
Saccopteryx_bilineata,Figure_S1,75,15.273984,15.284224,0
Saccopteryx_bilineata,Figure_S1,76,15.6672,15.745024,1
Saccopteryx_bilineata,Figure_S1,77,15.777792,15.863808,0
Saccopteryx_bilineata,Figure_S1,78,15.906816,15.99488,0
Saccopteryx_bilineata,Figure_S1,79,16.033792,16.121856,0
Saccopteryx_bilineata,Figure_S1,80,16.15872,16.25088,0
Saccopteryx_bilineata,Figure_S1,81,16.289792,16.336896,0
Saccopteryx_bilineata,Figure_S1,82,16.37376,16.422912,0
Saccopteryx_bilineata,Figure_S1,83,16.45568,16.50688,0
Saccopteryx_bilineata,Figure_S1,84,16.543744,16.590848,0
Saccopteryx_bilineata,Figure_S1,85,16.842752,16.88576,0
Saccopteryx_bilineata,Figure_S1,86,16.934912,16.982016,0
Saccopteryx_bilineata,Figure_S1,87,17.045504,17.092608,0
Saccopteryx_bilineata,Figure_S1,88,17.152,17.219584,0
Saccopteryx_bilineata,Figure_S1,89,17.262592,17.29536,0
Saccopteryx_bilineata,Figure_S1,90,17.31584,17.369088,0
Saccopteryx_bilineata,Figure_S1,91,17.430528,17.532928,0
Saccopteryx_bilineata,Figure_S1,92,17.594368,17.723392,0
Saccopteryx_bilineata,Figure_S1,93,17.782784,17.932288,0
Saccopteryx_bilineata,Figure_S1,94,17.985536,18.120704,0
Saccopteryx_bilineata,Figure_S1,95,18.200576,18.345984,0
Saccopteryx_bilineata,Figure_S1,96,18.41152,18.57536,0
Saccopteryx_bilineata,Figure_S1,97,18.659328,18.804736,0
Saccopteryx_bilineata,Figure_S1,98,18.88256,19.054592,0
Saccopteryx_bilineata,Figure_S1,99,19.13856,19.316736,0
Saccopteryx_bilineata,Figure_S1,100,19.396608,19.585024,0
Saccopteryx_bilineata,Figure_S1,101,19.68128,19.84512,0
Saccopteryx_bilineata,Figure_S1,102,19.943424,20.117504,0
Saccopteryx_bilineata,Figure_S1,103,20.221952,20.389888,0
Saccopteryx_bilineata,Figure_S1,104,20.518912,20.647936,0
Saccopteryx_bilineata,Figure_S1,105,20.76672,20.893696,0
Saccopteryx_bilineata,Figure_S1,106,20.992,21.121024,0
Saccopteryx_bilineata,Figure_S1,107,21.223424,21.356544,0
Saccopteryx_bilineata,Figure_S1,108,21.446656,21.567488,0
Saccopteryx_bilineata,Figure_S1,109,21.659648,21.768192,0
Saccopteryx_bilineata,Figure_S1,110,21.850112,21.948416,0
Saccopteryx_bilineata,Figure_S1,111,22.040576,22.151168,0
Saccopteryx_bilineata,Figure_S1,112,22.245376,22.345728,0
Saccopteryx_bilineata,Figure_S1,113,22.439936,22.54848,0
Saccopteryx_bilineata,Figure_S1,114,22.628352,22.7328,0
Saccopteryx_bilineata,Figure_S1,115,22.82496,22.9376,0
Saccopteryx_bilineata,Figure_S1,116,23.04,23.148544,0
Saccopteryx_bilineata,Figure_S1,117,23.252992,23.36768,0
Saccopteryx_bilineata,Figure_S1,118,23.425024,23.54176,0
Saccopteryx_bilineata,Figure_S1,119,24.963072,24.977408,1
Saccopteryx_bilineata,Figure_S1,120,25.051136,25.06752,0
Saccopteryx_bilineata,Figure_S1,121,25.141248,25.151488,0
Saccopteryx_bilineata,Figure_S1,122,25.32352,25.339904,1
Saccopteryx_bilineata,Figure_S1,123,25.42592,25.444352,1
Saccopteryx_bilineata,Figure_S1,124,25.505792,25.536512,1
Saccopteryx_bilineata,Figure_S1,125,25.614336,25.64096,1
Saccopteryx_bilineata,Figure_S1,126,25.686016,25.761792,1
Saccopteryx_bilineata,Figure_S1,127,25.79456,25.915392,0
Saccopteryx_bilineata,Figure_S1,128,25.946112,26.032128,0
Saccopteryx_bilineata,Figure_S1,129,26.095616,26.120192,0
Saccopteryx_bilineata,Figure_S1,130,26.177536,26.206208,0
Saccopteryx_bilineata,Figure_S1,131,26.2656,26.298368,0
Saccopteryx_bilineata,Figure_S1,132,26.353664,26.380288,0
Saccopteryx_bilineata,Figure_S1,133,26.441728,26.472448,0
Saccopteryx_bilineata,Figure_S1,134,26.53184,26.574848,0
Saccopteryx_bilineata,Figure_S1,135,26.626048,26.667008,0
Saccopteryx_bilineata,Figure_S1,136,26.714112,26.755072,0
Saccopteryx_bilineata,Figure_S1,137,26.806272,26.863616,0
Saccopteryx_bilineata,Figure_S1,138,26.898432,26.963968,0
Saccopteryx_bilineata,Figure_S1,139,27.009024,27.086848,0
Saccopteryx_bilineata,Figure_S1,140,27.117568,27.164672,0
Saccopteryx_bilineata,Figure_S1,141,27.205632,27.25888,0
Saccopteryx_bilineata,Figure_S1,142,27.293696,27.348992,0
Saccopteryx_bilineata,Figure_S1,143,27.385856,27.4432,0
Saccopteryx_bilineata,Figure_S1,144,27.488256,27.541504,0
Saccopteryx_bilineata,Figure_S1,145,27.602944,27.656192,0
Saccopteryx_bilineata,Figure_S1,146,27.703296,27.764736,0
Saccopteryx_bilineata,Figure_S1,147,27.81184,27.875328,0
Saccopteryx_bilineata,Figure_S1,148,27.918336,28.52864,2
Saccopteryx_bilineata,Figure_S1,149,28.639232,28.956672,0
Saccopteryx_bilineata,Figure_S1,150,28.985344,29.067264,0
Saccopteryx_bilineata,Figure_S1,151,29.104128,29.208576,0
Saccopteryx_bilineata,Figure_S1,152,29.31712,29.366272,0
Saccopteryx_bilineata,Figure_S1,153,29.882368,29.956096,0
Saccopteryx_bilineata,Figure_S1,154,30.083072,30.162944,1
Saccopteryx_bilineata,Figure_S1,155,30.304256,30.406656,0
Saccopteryx_bilineata,Figure_S1,156,30.502912,30.521344,1
Taeniopygia_guttata,1788450672603_g4p5U-f00011.wav,0,0.656,0.704,2
Taeniopygia_guttata,1788450672603_g4p5U-f00011.wav,1,0.816,0.88,0
Taeniopygia_guttata,1788450672603_g4p5U-f00011.wav,2,0.96,1.032,0
Taeniopygia_guttata,1788450672603_g4p5U-f00011.wav,3,1.096,1.176,0
Taeniopygia_guttata,1788450672603_g4p5U-f00011.wav,4,1.208,2.128,1
Taeniopygia_guttata,1788450672603_g4p5U-f00011.wav,5,2.168,2.24,0
Taeniopygia_guttata,1788450672603_g4p5U-f00011.wav,6,2.264,2.32,2
Taeniopygia_guttata,1788450672603_g4p5U-f00011.wav,7,2.344,3.072,1
Taeniopygia_guttata,1788450672603_g4p5U-f00011.wav,8,3.112,3.184,0
Taeniopygia_guttata,1788450672603_g4p5U-f00011.wav,9,3.24,3.288,0
Taeniopygia_guttata,1788450672603_g4p5U-f00011.wav,10,3.312,4.04,1
Taeniopygia_guttata,1788450672603_g4p5U-f00011.wav,11,4.176,4.264,0
Taeniopygia_guttata,1788450672603_g4p5U-f00011.wav,12,4.304,4.8,1
Taeniopygia_guttata,1788450672603_g4p5U-f00011.wav,13,5.216,5.272,2
Taeniopygia_guttata,1788450672603_g4p5U-f00011.wav,14,5.336,5.424,0
Taeniopygia_guttata,1788450672603_g4p5U-f00011.wav,15,5.48,5.568,0
Taeniopygia_guttata,1788450672603_g4p5U-f00011.wav,16,5.592,6.32,1
Taeniopygia_guttata,1788450672603_g4p5U-f00011.wav,17,6.36,6.432,0
Taeniopygia_guttata,1788450672603_g4p5U-f00011.wav,18,6.48,6.536,0
Taeniopygia_guttata,1788450672603_g4p5U-f00011.wav,19,6.56,7.288,1
Taeniopygia_guttata,1788450672603_g4p5U-f00011.wav,20,7.336,7.416,0
Taeniopygia_guttata,1788450672603_g4p5U-f00011.wav,21,7.496,7.584,2
Taeniopygia_guttata,1788450672603_g4p5U-f00011.wav,22,7.672,8.064,1
Taeniopygia_guttata,1788450672603_g4p5U-f00011.wav,23,8.272,8.36,0
Taeniopygia_guttata,1788450672603_g4p5U-f00011.wav,24,8.424,8.512,0
Taeniopygia_guttata,1788450672603_g4p5U-f00011.wav,25,8.536,9.04,1
Taeniopygia_guttata,1788450672603_g4p5U-f00011.wav,26,9.368,9.416,2
Taeniopygia_guttata,1788450672603_g4p5U-f00031.wav,0,0.536,0.568,1
Taeniopygia_guttata,1788450672603_g4p5U-f00031.wav,1,0.792,0.864,2
Taeniopygia_guttata,1788450672603_g4p5U-f00031.wav,2,0.936,1.008,2
Taeniopygia_guttata,1788450672603_g4p5U-f00031.wav,3,1.072,1.152,2
Taeniopygia_guttata,1788450672603_g4p5U-f00031.wav,4,1.248,1.328,2
Taeniopygia_guttata,1788450672603_g4p5U-f00031.wav,5,1.368,1.456,1
Taeniopygia_guttata,1788450672603_g4p5U-f00031.wav,6,1.48,1.784,1
Taeniopygia_guttata,1788450672603_g4p5U-f00031.wav,7,1.832,2.536,0
Taeniopygia_guttata,1788450672603_g4p5U-f00031.wav,8,2.576,2.656,1
Taeniopygia_guttata,1788450672603_g4p5U-f00031.wav,9,2.688,3.48,0
Taeniopygia_guttata,1788450672603_g4p5U-f00031.wav,10,3.624,3.712,2
Taeniopygia_guttata,1788450672603_g4p5U-f00031.wav,11,3.776,3.864,2
Taeniopygia_guttata,1788450672603_g4p5U-f00031.wav,12,3.888,4.608,0
Taeniopygia_guttata,1788450672603_g4p5U-f00031.wav,13,4.656,4.728,1
Taeniopygia_guttata,1788450672603_g4p5U-f00031.wav,14,4.784,4.824,2
Taeniopygia_guttata,1788450672603_g4p5U-f00031.wav,15,4.856,5.368,0
Taeniopygia_guttata,1788450672603_g4p5U-f00031.wav,16,5.544,5.64,2
Taeniopygia_guttata,1788450672603_g4p5U-f00031.wav,17,5.728,5.816,1
Taeniopygia_guttata,1788450672603_g4p5U-f00031.wav,18,6.048,6.104,1
Taeniopygia_guttata,1788450672603_g4p5U-f00031.wav,19,6.224,6.312,2
Taeniopygia_guttata,1788450672603_g4p5U-f00031.wav,20,6.336,7.288,0
Taeniopygia_guttata,1788450672603_g4p5U-f00031.wav,21,7.568,7.632,1
Taeniopygia_guttata,1788450672603_g4p5U-f00031.wav,22,8.552,8.576,1
